rank,url,project_name,score,criteria_score,modifier_adj,dossier_completeness,uncertainty,popularity_risk,primary_driver,rationale
1,https://upgrader.gapminder.org,Gapminder Worldview Upgrader,100,83,17,1.0,LOW,LOW,modifier,What Gapminder Worldview Upgrader does at its core — quantifying the gap between public perception and actual evidence — is precisely the intellectual territory I work in. The news/mortality work I did at OWID is the same basic operation. I recognise good execution in this space.
2,https://bellingcat.gitbook.io/toolkit,Bellingcat Online Investigation Toolkit,90,80,10,0.83,LOW,HIGH,criteria,"Bellingcat Online Investigation Toolkit is one of the most well-documented projects on the list, and I have to be honest: I can't fully separate how much of its score reflects genuine constitutional fit versus the documentation advantage that comes with being widely known."
3,https://github.com/disarmfoundation/disarmframeworks,DISARM Frameworks,89,79,10,1.0,LOW,LOW,criteria,What DISARM Frameworks does at its core — quantifying the gap between public perception and actual evidence — is precisely the intellectual territory I work in. The news/mortality work I did at OWID is the same basic operation. I recognise good execution in this space.
4,https://github.com/whotargetsme/ad-transparency-standards/blob/main/implement.md,Political Advertising Transparency Data Standard,86,76,10,1.0,LOW,LOW,criteria,What Political Advertising Transparency Data Standard does at its core — quantifying the gap between public perception and actual evidence — is precisely the intellectual territory I work in. The news/mortality work I did at OWID is the same basic operation. I recognise good execution in this space.
5,https://github.com/travisbrown/birdwatch,Community Notes (Birdwatch) Analysis Tool,82,69,13,0.92,LOW,MEDIUM,criteria,What Community Notes (Birdwatch) Analysis Tool does at its core — quantifying the gap between public perception and actual evidence — is precisely the intellectual territory I work in. The news/mortality work I did at OWID is the same basic operation. I recognise good execution in this space.
6,https://aleph.occrp.org,Aleph (OCCRP),80,73,7,0.92,LOW,HIGH,criteria,"Aleph (OCCRP) is one of the most well-documented projects on the list, and I have to be honest: I can't fully separate how much of its score reflects genuine constitutional fit versus the documentation advantage that comes with being widely known."
7,https://github.com/mastodon/mastodon,Mastodon,80,71,9,1.0,LOW,HIGH,criteria,"Mastodon is one of the most well-documented projects on the list, and I have to be honest: I can't fully separate how much of its score reflects genuine constitutional fit versus the documentation advantage that comes with being widely known."
8,https://github.com/huridocs,HURIDOCS,79,72,7,1.0,LOW,MEDIUM,criteria,"HURIDOCS has been building open civic infrastructure for over a decade, and the combination of longevity and open-source commitment gives it unusual credibility on my transparency criterion. A project this old that still publishes its code is making an ongoing commitment, not a launch-day statement."
9,https://globalfactcheck.bot,Global Fact-Check Bot (GFC),79,59,20,0.83,LOW,MEDIUM,modifier,What Global Fact-Check Bot (GFC) does at its core — quantifying the gap between public perception and actual evidence — is precisely the intellectual territory I work in. The news/mortality work I did at OWID is the same basic operation. I recognise good execution in this space.
10,https://okfn.org/en/projects/open-data-editor,Open Data Editor (ODE),79,79,0,1.0,LOW,HIGH,criteria,"Open Data Editor (ODE) is one of the most well-documented projects on the list, and I have to be honest: I can't fully separate how much of its score reflects genuine constitutional fit versus the documentation advantage that comes with being widely known."
11,https://data.mysociety.org,mySociety Datasets and APIs,78,71,7,1.0,LOW,HIGH,criteria,"mySociety Datasets and APIs is one of the most well-documented projects on the list, and I have to be honest: I can't fully separate how much of its score reflects genuine constitutional fit versus the documentation advantage that comes with being widely known."
12,https://opensupplyhub.org,Open Supply Hub,78,71,7,1.0,LOW,LOW,criteria,"Open Supply Hub is the kind of project my constitution is built to see clearly: open-source, with documented policy outcomes, operating in the transparency-infrastructure space. The evidence chain from 'we built this' to 'here's what changed' is exactly what I look for."
13,https://www.campaigntracker.nl/en,Campaign Tracker,78,68,10,1.0,LOW,LOW,criteria,What Campaign Tracker does at its core — quantifying the gap between public perception and actual evidence — is precisely the intellectual territory I work in. The news/mortality work I did at OWID is the same basic operation. I recognise good execution in this space.
14,https://getodk.org,ODK (Open Data Kit),77,77,0,1.0,LOW,MEDIUM,criteria,"ODK (Open Data Kit) has been building open civic infrastructure for over a decade, and the combination of longevity and open-source commitment gives it unusual credibility on my transparency criterion. A project this old that still publishes its code is making an ongoing commitment, not a launch-day statement."
15,https://participedia.net,Participedia,77,70,7,0.92,LOW,MEDIUM,criteria,"Participedia has been building open civic infrastructure for over a decade, and the combination of longevity and open-source commitment gives it unusual credibility on my transparency criterion. A project this old that still publishes its code is making an ongoing commitment, not a launch-day statement."
16,https://ecnl.org/publications/framework-meaningful-engagement-20?mc_cid=b1c5158063&mc_eid=a09c64ec38,Framework for Meaningful Engagement 2.0,76,71,5,0.92,LOW,MEDIUM,criteria,"Framework for Meaningful Engagement 2.0 is the kind of project my constitution is built to see clearly: open-source, with documented policy outcomes, operating in the transparency-infrastructure space. The evidence chain from 'we built this' to 'here's what changed' is exactly what I look for."
17,https://securedrop.org,SecureDrop,76,69,7,0.92,LOW,MEDIUM,criteria,"SecureDrop has been building open civic infrastructure for over a decade, and the combination of longevity and open-source commitment gives it unusual credibility on my transparency criterion. A project this old that still publishes its code is making an ongoing commitment, not a launch-day statement."
18,https://trends.whotargets.me,Who Targets Me Trends,75,65,10,0.92,LOW,LOW,criteria,What Who Targets Me Trends does at its core — quantifying the gap between public perception and actual evidence — is precisely the intellectual territory I work in. The news/mortality work I did at OWID is the same basic operation. I recognise good execution in this space.
19,https://alaveteli.org,Alaveteli,73,73,0,1.0,LOW,HIGH,criteria,"Alaveteli has been building open civic infrastructure for over a decade, and the combination of longevity and open-source commitment gives it unusual credibility on my transparency criterion. A project this old that still publishes its code is making an ongoing commitment, not a launch-day statement. Popularity risk flag: Alaveteli's high score partly reflects how well-documented it is — strip out the dossier richness advantage and I'd estimate the true constitutional fit is 8-12 points lower."
20,https://ckan.org,CKAN,73,73,0,1.0,LOW,HIGH,criteria,"CKAN has been building open civic infrastructure for over a decade, and the combination of longevity and open-source commitment gives it unusual credibility on my transparency criterion. A project this old that still publishes its code is making an ongoing commitment, not a launch-day statement. Popularity risk flag: CKAN's high score partly reflects how well-documented it is — strip out the dossier richness advantage and I'd estimate the true constitutional fit is 8-12 points lower."
21,https://constituteproject.org,Constitute Project,73,66,7,1.0,LOW,LOW,criteria,"Constitute Project has been building open civic infrastructure for over a decade, and the combination of longevity and open-source commitment gives it unusual credibility on my transparency criterion. A project this old that still publishes its code is making an ongoing commitment, not a launch-day statement."
22,https://github.com/compdemocracy/polis,Polis,73,73,0,1.0,LOW,HIGH,criteria,"Polis has been building open civic infrastructure for over a decade, and the combination of longevity and open-source commitment gives it unusual credibility on my transparency criterion. A project this old that still publishes its code is making an ongoing commitment, not a launch-day statement. Popularity risk flag: Polis's high score partly reflects how well-documented it is — strip out the dossier richness advantage and I'd estimate the true constitutional fit is 8-12 points lower."
23,https://liquidfeedback.com,LiquidFeedback,73,73,0,1.0,LOW,MEDIUM,criteria,"LiquidFeedback has been building open civic infrastructure for over a decade, and the combination of longevity and open-source commitment gives it unusual credibility on my transparency criterion. A project this old that still publishes its code is making an ongoing commitment, not a launch-day statement."
24,https://logos.co,Logos,73,70,3,0.83,LOW,MEDIUM,criteria,"Logos is the kind of project my constitution is built to see clearly: open-source, with documented policy outcomes, operating in the transparency-infrastructure space. The evidence chain from 'we built this' to 'here's what changed' is exactly what I look for."
25,https://matrix.org,Matrix,73,73,0,1.0,LOW,HIGH,criteria,"Matrix has been building open civic infrastructure for over a decade, and the combination of longevity and open-source commitment gives it unusual credibility on my transparency criterion. A project this old that still publishes its code is making an ongoing commitment, not a launch-day statement. Popularity risk flag: Matrix's high score partly reflects how well-documented it is — strip out the dossier richness advantage and I'd estimate the true constitutional fit is 8-12 points lower."
26,https://onodi.co/bisect,Theft Bisect,73,70,3,0.92,LOW,MEDIUM,criteria,"Theft Bisect is the kind of project my constitution is built to see clearly: open-source, with documented policy outcomes, operating in the transparency-infrastructure space. The evidence chain from 'we built this' to 'here's what changed' is exactly what I look for."
27,https://www.openownership.org,Open Ownership,73,66,7,1.0,LOW,LOW,criteria,"Open Ownership can point to actual policy outcomes, not just activity metrics. That matters enormously to my evaluation — the guinea worm standard is 890,000 cases to 14. This project has its own version of that number."
28,https://www.opensanctions.org,OpenSanctions,73,73,0,1.0,LOW,LOW,criteria,OpenSanctions is working at the structural level — not helping individuals navigate broken systems but changing how the institutions themselves operate. Government partnerships here aren't just validation; they're evidence the reform is actually happening.
29,https://datacollective.mozillafoundation.org,Mozilla Data Collective,72,62,10,0.83,LOW,HIGH,criteria,What Mozilla Data Collective gets right is the combination of open-source commitment and documented methodology. Those two things together — open code and transparent about what the data can and cannot show — are the minimum bar for civic data tools as far as I'm concerned.
30,https://opendigitalplanning.org,Open Digital Planning,72,72,0,1.0,LOW,MEDIUM,criteria,"Open Digital Planning is the kind of project my constitution is built to see clearly: open-source, with documented policy outcomes, operating in the transparency-infrastructure space. The evidence chain from 'we built this' to 'here's what changed' is exactly what I look for."
31,https://www.globaleaks.org,GlobaLeaks,72,65,7,1.0,LOW,MEDIUM,criteria,"GlobaLeaks has been building open civic infrastructure for over a decade, and the combination of longevity and open-source commitment gives it unusual credibility on my transparency criterion. A project this old that still publishes its code is making an ongoing commitment, not a launch-day statement."
32,https://www.oporaua.org,ОПОРА (Opora),72,60,12,1.0,LOW,MEDIUM,criteria,What ОПОРА (Opora) does at its core — quantifying the gap between public perception and actual evidence — is precisely the intellectual territory I work in. The news/mortality work I did at OWID is the same basic operation. I recognise good execution in this space.
33,https://communityrule.info,CommunityRule,71,71,0,1.0,LOW,LOW,criteria,"CommunityRule is the kind of project my constitution is built to see clearly: open-source, with documented policy outcomes, operating in the transparency-infrastructure space. The evidence chain from 'we built this' to 'here's what changed' is exactly what I look for."
34,https://github.com/ribenamaplesyrup/sugartrail,Sugartrail,71,66,5,0.83,LOW,MEDIUM,criteria,"Sugartrail puts data visualisation at the centre of its communication — 'Network analysis and visualisation tool for exploring connections between compan'. I work in this space professionally and I notice good execution: the visual is the argument here, not decoration on top of prose."
35,https://github.com/sentinelteam/grim,GRIM (Global Risk Simulator),71,61,10,0.83,LOW,MEDIUM,criteria,What GRIM (Global Risk Simulator) gets right is the combination of open-source commitment and documented methodology. Those two things together — open code and transparent about what the data can and cannot show — are the minimum bar for civic data tools as far as I'm concerned.
36,https://p4ai.net,Principles for Public Participation in Procurement of AI,71,71,0,0.83,LOW,LOW,criteria,"Principles for Public Participation in Procurement of AI is the kind of project my constitution is built to see clearly: open-source, with documented policy outcomes, operating in the transparency-infrastructure space. The evidence chain from 'we built this' to 'here's what changed' is exactly what I look for."
37,https://policyengine.org/uk,PolicyEngine,71,71,0,1.0,LOW,LOW,criteria,"PolicyEngine is the kind of project my constitution is built to see clearly: open-source, with documented policy outcomes, operating in the transparency-infrastructure space. The evidence chain from 'we built this' to 'here's what changed' is exactly what I look for."
38,https://standards.theodi.org,Open Standards for Data Guidebook,71,71,0,1.0,LOW,LOW,criteria,"Open Standards for Data Guidebook is the kind of project my constitution is built to see clearly: open-source, with documented policy outcomes, operating in the transparency-infrastructure space. The evidence chain from 'we built this' to 'here's what changed' is exactly what I look for."
39,https://adhocracy.plus,adhocracy+,70,70,0,1.0,LOW,MEDIUM,criteria,"adhocracy+ is the kind of project my constitution is built to see clearly: open-source, with documented policy outcomes, operating in the transparency-infrastructure space. The evidence chain from 'we built this' to 'here's what changed' is exactly what I look for."
40,https://consulproject.org,CONSUL Democracy,70,70,0,1.0,LOW,HIGH,criteria,"CONSUL Democracy has been building open civic infrastructure for over a decade, and the combination of longevity and open-source commitment gives it unusual credibility on my transparency criterion. A project this old that still publishes its code is making an ongoing commitment, not a launch-day statement. Popularity risk flag: CONSUL Democracy's high score partly reflects how well-documented it is — strip out the dossier richness advantage and I'd estimate the true constitutional fit is 8-12 points lower."
41,https://cybersecurityfordemocracy.org,Cybersecurity for Democracy,70,70,0,1.0,LOW,LOW,criteria,"Cybersecurity for Democracy is the kind of project my constitution is built to see clearly: open-source, with documented policy outcomes, operating in the transparency-infrastructure space. The evidence chain from 'we built this' to 'here's what changed' is exactly what I look for."
42,https://decidim.org,Decidim,70,70,0,1.0,LOW,HIGH,criteria,"Decidim is the kind of project my constitution is built to see clearly: open-source, with documented policy outcomes, operating in the transparency-infrastructure space. The evidence chain from 'we built this' to 'here's what changed' is exactly what I look for."
43,https://expo.diia.gov.ua,Diia,70,70,0,1.0,LOW,LOW,criteria,"Diia is the kind of project my constitution is built to see clearly: open-source, with documented policy outcomes, operating in the transparency-infrastructure space. The evidence chain from 'we built this' to 'here's what changed' is exactly what I look for."
44,https://opencouncil.network,Open Council Network,70,70,0,1.0,LOW,LOW,criteria,"Open Council Network is the kind of project my constitution is built to see clearly: open-source, with documented policy outcomes, operating in the transparency-infrastructure space. The evidence chain from 'we built this' to 'here's what changed' is exactly what I look for."
45,https://openreferraluk.org,Open Referral UK,70,70,0,1.0,LOW,LOW,criteria,"Open Referral UK is the kind of project my constitution is built to see clearly: open-source, with documented policy outcomes, operating in the transparency-infrastructure space. The evidence chain from 'we built this' to 'here's what changed' is exactly what I look for."
46,https://publicai.co,Public AI Inference Utility,70,67,3,0.92,LOW,MEDIUM,criteria,"Public AI Inference Utility is the kind of project my constitution is built to see clearly: open-source, with documented policy outcomes, operating in the transparency-infrastructure space. The evidence chain from 'we built this' to 'here's what changed' is exactly what I look for."
47,https://sourceafrica.net,sourceAFRICA,70,70,0,0.83,LOW,LOW,criteria,"sourceAFRICA has been building open civic infrastructure for over a decade, and the combination of longevity and open-source commitment gives it unusual credibility on my transparency criterion. A project this old that still publishes its code is making an ongoing commitment, not a launch-day statement."
48,https://guardianproject.info,Guardian Project,69,62,7,0.92,LOW,MEDIUM,criteria,"Guardian Project has been building open civic infrastructure for over a decade, and the combination of longevity and open-source commitment gives it unusual credibility on my transparency criterion. A project this old that still publishes its code is making an ongoing commitment, not a launch-day statement."
49,https://openbudgets.eu,OpenBudgets.eu,69,64,5,1.0,LOW,LOW,criteria,"OpenBudgets.eu puts data visualisation at the centre of its communication — 'Upload, visualize, and analyse public budget and spending data to discover stori'. I work in this space professionally and I notice good execution: the visual is the argument here, not decoration on top of prose."
50,https://osf.io,Open Science Framework,69,69,0,0.92,LOW,MEDIUM,criteria,"Open Science Framework has been building open civic infrastructure for over a decade, and the combination of longevity and open-source commitment gives it unusual credibility on my transparency criterion. A project this old that still publishes its code is making an ongoing commitment, not a launch-day statement."
51,https://secfirst.org,Security First / Umbrella,69,69,0,0.92,LOW,LOW,criteria,"Security First / Umbrella has been building open civic infrastructure for over a decade, and the combination of longevity and open-source commitment gives it unusual credibility on my transparency criterion. A project this old that still publishes its code is making an ongoing commitment, not a launch-day statement."
52,https://whopostedwhat.com,Who Posted What?,69,59,10,0.75,LOW,LOW,criteria,What Who Posted What? does at its core — quantifying the gap between public perception and actual evidence — is precisely the intellectual territory I work in. The news/mortality work I did at OWID is the same basic operation. I recognise good execution in this space.
53,https://www.whatdotheyknow.com,WhatDoTheyKnow,69,69,0,1.0,LOW,MEDIUM,criteria,"WhatDoTheyKnow has been building open civic infrastructure for over a decade, and the combination of longevity and open-source commitment gives it unusual credibility on my transparency criterion. A project this old that still publishes its code is making an ongoing commitment, not a launch-day statement."
54,https://github.com/openpolitics/groupthink,Groupthink (OpenPolitics Votebot),68,68,0,0.92,LOW,LOW,criteria,"Groupthink (OpenPolitics Votebot) has been building open civic infrastructure for over a decade, and the combination of longevity and open-source commitment gives it unusual credibility on my transparency criterion. A project this old that still publishes its code is making an ongoing commitment, not a launch-day statement."
55,https://github.com/stanfordcdt/pb,Stanford Participatory Budgeting Platform,68,68,0,1.0,LOW,LOW,criteria,"Stanford Participatory Budgeting Platform has been building open civic infrastructure for over a decade, and the combination of longevity and open-source commitment gives it unusual credibility on my transparency criterion. A project this old that still publishes its code is making an ongoing commitment, not a launch-day statement."
56,https://humbledata.org,Humble Data Workshop,68,63,5,0.75,LOW,MEDIUM,criteria,What Humble Data Workshop gets right is the combination of open-source commitment and documented methodology. Those two things together — open code and transparent about what the data can and cannot show — are the minimum bar for civic data tools as far as I'm concerned.
57,https://openprocurement.io,OpenProcurement,68,68,0,1.0,LOW,MEDIUM,criteria,"OpenProcurement has been building open civic infrastructure for over a decade, and the combination of longevity and open-source commitment gives it unusual credibility on my transparency criterion. A project this old that still publishes its code is making an ongoing commitment, not a launch-day statement."
58,https://quadraticvote.radicalxchange.org,RxC Quadratic Voting,68,68,0,0.92,LOW,LOW,criteria,"RxC Quadratic Voting is the kind of project my constitution is built to see clearly: open-source, with documented policy outcomes, operating in the transparency-infrastructure space. The evidence chain from 'we built this' to 'here's what changed' is exactly what I look for."
59,https://www.mptwitterbios.co.uk,MP Twitter Bios,68,60,8,0.75,LOW,MEDIUM,criteria,"MP Twitter Bios puts data visualisation at the centre of its communication — 'Analysis of whether UK Members of Parliament mention their political party in th'. I work in this space professionally and I notice good execution: the visual is the argument here, not decoration on top of prose."
60,https://www.open-contracting.org,Open Contracting Partnership,68,68,0,1.0,LOW,MEDIUM,criteria,"Open Contracting Partnership can point to actual policy outcomes, not just activity metrics. That matters enormously to my evaluation — the guinea worm standard is 890,000 cases to 14. This project has its own version of that number."
61,https://www.opencrvs.org,OpenCRVS,68,68,0,1.0,LOW,LOW,criteria,"OpenCRVS is the kind of project my constitution is built to see clearly: open-source, with documented policy outcomes, operating in the transparency-infrastructure space. The evidence chain from 'we built this' to 'here's what changed' is exactly what I look for."
62,https://www.otree.org,oTree,68,68,0,0.83,LOW,LOW,criteria,"oTree has been building open civic infrastructure for over a decade, and the combination of longevity and open-source commitment gives it unusual credibility on my transparency criterion. A project this old that still publishes its code is making an ongoing commitment, not a launch-day statement."
63,https://bsky.app,Bluesky,67,57,10,0.75,LOW,HIGH,criteria,What Bluesky does at its core — quantifying the gap between public perception and actual evidence — is precisely the intellectual territory I work in. The news/mortality work I did at OWID is the same basic operation. I recognise good execution in this space. Popularity risk flag: Bluesky's high score partly reflects how well-documented it is — strip out the dossier richness advantage and I'd estimate the true constitutional fit is 8-12 points lower.
64,https://coralproject.net,Coral,67,67,0,0.92,LOW,MEDIUM,criteria,"Coral has been building open civic infrastructure for over a decade, and the combination of longevity and open-source commitment gives it unusual credibility on my transparency criterion. A project this old that still publishes its code is making an ongoing commitment, not a launch-day statement."
65,https://github.com/podemos-info/participa,Participa (Podemos),67,67,0,0.92,LOW,LOW,criteria,"Participa (Podemos) has been building open civic infrastructure for over a decade, and the combination of longevity and open-source commitment gives it unusual credibility on my transparency criterion. A project this old that still publishes its code is making an ongoing commitment, not a launch-day statement."
66,https://openparliament.ca,openparliament.ca,67,67,0,0.75,LOW,LOW,criteria,"openparliament.ca has been building open civic infrastructure for over a decade, and the combination of longevity and open-source commitment gives it unusual credibility on my transparency criterion. A project this old that still publishes its code is making an ongoing commitment, not a launch-day statement."
67,https://thegovernmentsays.com,The Government Says,67,67,0,1.0,LOW,LOW,criteria,"The Government Says has been building open civic infrastructure for over a decade, and the combination of longevity and open-source commitment gives it unusual credibility on my transparency criterion. A project this old that still publishes its code is making an ongoing commitment, not a launch-day statement."
68,https://web.archive.org,Internet Archive Wayback Machine,67,67,0,1.0,LOW,MEDIUM,criteria,"Internet Archive Wayback Machine has been building open civic infrastructure for over a decade, and the combination of longevity and open-source commitment gives it unusual credibility on my transparency criterion. A project this old that still publishes its code is making an ongoing commitment, not a launch-day statement."
69,https://www.torproject.org,Tor Project,67,67,0,1.0,LOW,HIGH,criteria,"Tor Project has been building open civic infrastructure for over a decade, and the combination of longevity and open-source commitment gives it unusual credibility on my transparency criterion. A project this old that still publishes its code is making an ongoing commitment, not a launch-day statement. Popularity risk flag: Tor Project's high score partly reflects how well-documented it is — strip out the dossier richness advantage and I'd estimate the true constitutional fit is 8-12 points lower."
70,https://www.wikidata.org,Wikidata,67,67,0,0.92,LOW,MEDIUM,criteria,"Wikidata has been building open civic infrastructure for over a decade, and the combination of longevity and open-source commitment gives it unusual credibility on my transparency criterion. A project this old that still publishes its code is making an ongoing commitment, not a launch-day statement."
71,https://climateaction.tech,ClimateAction.Tech,66,61,5,0.75,LOW,LOW,criteria,What ClimateAction.Tech gets right is the combination of open-source commitment and documented methodology. Those two things together — open code and transparent about what the data can and cannot show — are the minimum bar for civic data tools as far as I'm concerned.
72,https://en.wikipedia.org/wiki/wikipedia:in_the_news,In the news,66,66,0,0.67,MEDIUM,LOW,criteria,"In the news has been building open civic infrastructure for over a decade, and the combination of longevity and open-source commitment gives it unusual credibility on my transparency criterion. A project this old that still publishes its code is making an ongoing commitment, not a launch-day statement."
73,https://github.com/i-dot-ai/awesome-gov-datasets,Awesome UK Government Datasets,66,63,3,0.92,LOW,MEDIUM,criteria,What Awesome UK Government Datasets gets right is the combination of open-source commitment and documented methodology. Those two things together — open code and transparent about what the data can and cannot show — are the minimum bar for civic data tools as far as I'm concerned.
74,https://mapit.mysociety.org,MapIt,66,61,5,1.0,LOW,HIGH,criteria,"MapIt puts data visualisation at the centre of its communication — 'Match postcodes and geographical points to administrative areas'. I work in this space professionally and I notice good execution: the visual is the argument here, not decoration on top of prose."
75,https://oa.works,OA.Works,66,66,0,1.0,LOW,MEDIUM,criteria,"OA.Works has been building open civic infrastructure for over a decade, and the combination of longevity and open-source commitment gives it unusual credibility on my transparency criterion. A project this old that still publishes its code is making an ongoing commitment, not a launch-day statement."
76,https://blog.kagi.com/slopstop,Kagi SlopStop,65,52,13,0.83,LOW,LOW,modifier,What Kagi SlopStop does at its core — quantifying the gap between public perception and actual evidence — is precisely the intellectual territory I work in. The news/mortality work I did at OWID is the same basic operation. I recognise good execution in this space.
77,https://citizenos.com/platform,Citizen OS,65,65,0,1.0,LOW,LOW,criteria,"Citizen OS has been building open civic infrastructure for over a decade, and the combination of longevity and open-source commitment gives it unusual credibility on my transparency criterion. A project this old that still publishes its code is making an ongoing commitment, not a launch-day statement."
78,https://civicrm.org,CiviCRM,65,65,0,1.0,LOW,HIGH,criteria,"CiviCRM has been building open civic infrastructure for over a decade, and the combination of longevity and open-source commitment gives it unusual credibility on my transparency criterion. A project this old that still publishes its code is making an ongoing commitment, not a launch-day statement. Popularity risk flag: CiviCRM's high score partly reflects how well-documented it is — strip out the dossier richness advantage and I'd estimate the true constitutional fit is 8-12 points lower."
79,https://github.com/g0v/vue.vtaiwan.tw,vTaiwan,65,65,0,1.0,LOW,LOW,criteria,"vTaiwan has been building open civic infrastructure for over a decade, and the combination of longevity and open-source commitment gives it unusual credibility on my transparency criterion. A project this old that still publishes its code is making an ongoing commitment, not a launch-day statement."
80,https://opencollective.com,Open Collective,65,65,0,0.75,LOW,LOW,criteria,"Open Collective has been building open civic infrastructure for over a decade, and the combination of longevity and open-source commitment gives it unusual credibility on my transparency criterion. A project this old that still publishes its code is making an ongoing commitment, not a launch-day statement."
81,https://unpaywall.org/products/extension,Unpaywall Browser Extension,65,65,0,0.67,MEDIUM,LOW,criteria,What Unpaywall Browser Extension gets right is the combination of open-source commitment and documented methodology. Those two things together — open code and transparent about what the data can and cannot show — are the minimum bar for civic data tools as far as I'm concerned.
82,https://antievictionmappingproject.github.io/landlordtech,Landlord Tech Watch,64,64,0,0.83,LOW,MEDIUM,criteria,"Landlord Tech Watch is the kind of project my constitution is built to see clearly: open-source, with documented policy outcomes, operating in the transparency-infrastructure space. The evidence chain from 'we built this' to 'here's what changed' is exactly what I look for."
83,https://bonfirenetworks.org,Bonfire,64,64,0,0.83,LOW,LOW,criteria,What Bonfire gets right is the combination of open-source commitment and documented methodology. Those two things together — open code and transparent about what the data can and cannot show — are the minimum bar for civic data tools as far as I'm concerned.
84,https://civicpress.io,CivicPress,64,61,3,0.83,LOW,LOW,criteria,What CivicPress gets right is the combination of open-source commitment and documented methodology. Those two things together — open code and transparent about what the data can and cannot show — are the minimum bar for civic data tools as far as I'm concerned.
85,https://developers.democracyclub.org.uk/api/v1,Democracy Club Developer API,64,64,0,1.0,LOW,LOW,criteria,"Democracy Club Developer API has been building open civic infrastructure for over a decade, and the combination of longevity and open-source commitment gives it unusual credibility on my transparency criterion. A project this old that still publishes its code is making an ongoing commitment, not a launch-day statement."
86,https://github.com/tulir/whatsmeow,whatsmeow,64,64,0,0.5,MEDIUM,NONE,criteria,What whatsmeow gets right is the combination of open-source commitment and documented methodology. Those two things together — open code and transparent about what the data can and cannot show — are the minimum bar for civic data tools as far as I'm concerned.
87,https://joss.theoj.org,Journal of Open Source Software,64,64,0,0.75,LOW,LOW,criteria,What Journal of Open Source Software gets right is the combination of open-source commitment and documented methodology. Those two things together — open code and transparent about what the data can and cannot show — are the minimum bar for civic data tools as far as I'm concerned.
88,https://opendatacommunities.org,Open Data Communities,64,64,0,0.92,LOW,MEDIUM,criteria,Open Data Communities is working at the structural level — not helping individuals navigate broken systems but changing how the institutions themselves operate. Government partnerships here aren't just validation; they're evidence the reform is actually happening.
89,https://www.forms.service.gov.uk,GOV.UK Forms,64,61,3,1.0,LOW,MEDIUM,criteria,"GOV.UK Forms can point to actual policy outcomes, not just activity metrics. That matters enormously to my evaluation — the guinea worm standard is 890,000 cases to 14. This project has its own version of that number."
90,https://www.loomio.org,Loomio,64,64,0,1.0,LOW,MEDIUM,criteria,"Loomio has been building open civic infrastructure for over a decade, and the combination of longevity and open-source commitment gives it unusual credibility on my transparency criterion. A project this old that still publishes its code is making an ongoing commitment, not a launch-day statement."
91,https://www.mastodonc.com,Mastodon C,64,64,0,1.0,LOW,HIGH,criteria,Mastodon C is working at the structural level — not helping individuals navigate broken systems but changing how the institutions themselves operate. Government partnerships here aren't just validation; they're evidence the reform is actually happening. Popularity risk flag: Mastodon C's high score partly reflects how well-documented it is — strip out the dossier richness advantage and I'd estimate the true constitutional fit is 8-12 points lower.
92,https://algorithmwatch.org,AlgorithmWatch,63,63,0,1.0,LOW,MEDIUM,criteria,"AlgorithmWatch can point to actual policy outcomes, not just activity metrics. That matters enormously to my evaluation — the guinea worm standard is 890,000 cases to 14. This project has its own version of that number."
93,https://creativecommons.org,Creative Commons,63,63,0,1.0,LOW,HIGH,criteria,"Creative Commons can point to actual policy outcomes, not just activity metrics. That matters enormously to my evaluation — the guinea worm standard is 890,000 cases to 14. This project has its own version of that number. Popularity risk flag: Creative Commons's high score partly reflects how well-documented it is — strip out the dossier richness advantage and I'd estimate the true constitutional fit is 8-12 points lower."
94,https://fullfact.org/ai,Full Fact AI,63,58,5,1.0,LOW,HIGH,criteria,What Full Fact AI does at its core — quantifying the gap between public perception and actual evidence — is precisely the intellectual territory I work in. The news/mortality work I did at OWID is the same basic operation. I recognise good execution in this space. Popularity risk flag: Full Fact AI's high score partly reflects how well-documented it is — strip out the dossier richness advantage and I'd estimate the true constitutional fit is 8-12 points lower.
95,https://github.com/ideal-postcodes/postcodes.io,postcodes.io,63,63,0,0.75,LOW,MEDIUM,criteria,"postcodes.io has been building open civic infrastructure for over a decade, and the combination of longevity and open-source commitment gives it unusual credibility on my transparency criterion. A project this old that still publishes its code is making an ongoing commitment, not a launch-day statement."
96,https://gordonguthrie.github.io/frankensteinbill,Frankenstein Bill,63,63,0,1.0,LOW,MEDIUM,criteria,"Frankenstein Bill is the kind of project my constitution is built to see clearly: open-source, with documented policy outcomes, operating in the transparency-infrastructure space. The evidence chain from 'we built this' to 'here's what changed' is exactly what I look for."
97,https://openheartmind.org,Open Heart Mind (OHM),63,60,3,0.83,LOW,LOW,criteria,What Open Heart Mind (OHM) gets right is the combination of open-source commitment and documented methodology. Those two things together — open code and transparent about what the data can and cannot show — are the minimum bar for civic data tools as far as I'm concerned.
98,https://osintframework.com,OSINT Framework,63,63,0,0.75,LOW,MEDIUM,criteria,What OSINT Framework gets right is the combination of open-source commitment and documented methodology. Those two things together — open code and transparent about what the data can and cannot show — are the minimum bar for civic data tools as far as I'm concerned.
99,https://talktothecity.org,Talk to the City,63,60,3,1.0,LOW,LOW,criteria,"Talk to the City can point to actual policy outcomes, not just activity metrics. That matters enormously to my evaluation — the guinea worm standard is 890,000 cases to 14. This project has its own version of that number."
100,https://cobudget.com,Cobudget,62,62,0,1.0,LOW,HIGH,criteria,"Cobudget has been building open civic infrastructure for over a decade, and the combination of longevity and open-source commitment gives it unusual credibility on my transparency criterion. A project this old that still publishes its code is making an ongoing commitment, not a launch-day statement. Popularity risk flag: Cobudget's high score partly reflects how well-documented it is — strip out the dossier richness advantage and I'd estimate the true constitutional fit is 8-12 points lower."
101,https://contractsfordatacollaboration.org,Contracts for Data Collaboration,62,62,0,1.0,LOW,LOW,criteria,"Contracts for Data Collaboration is the kind of project my constitution is built to see clearly: open-source, with documented policy outcomes, operating in the transparency-infrastructure space. The evidence chain from 'we built this' to 'here's what changed' is exactly what I look for."
102,https://ddocs.new,dDocs,62,62,0,0.5,MEDIUM,NONE,criteria,What dDocs gets right is the combination of open-source commitment and documented methodology. Those two things together — open code and transparent about what the data can and cannot show — are the minimum bar for civic data tools as far as I'm concerned.
103,https://github.com/cverluise/patcit,PatCit,62,62,0,0.83,LOW,LOW,criteria,What PatCit gets right is the combination of open-source commitment and documented methodology. Those two things together — open code and transparent about what the data can and cannot show — are the minimum bar for civic data tools as far as I'm concerned.
104,https://github.com/notchia/dao-governance-surfaces,DAO Governance Surfaces,62,59,3,0.75,LOW,MEDIUM,criteria,What DAO Governance Surfaces gets right is the combination of open-source commitment and documented methodology. Those two things together — open code and transparent about what the data can and cannot show — are the minimum bar for civic data tools as far as I'm concerned.
105,https://littlesis.org,LittleSis,62,62,0,0.92,LOW,MEDIUM,criteria,"LittleSis has been building open civic infrastructure for over a decade, and the combination of longevity and open-source commitment gives it unusual credibility on my transparency criterion. A project this old that still publishes its code is making an ongoing commitment, not a launch-day statement."
106,https://nymtech.net,Nym,62,62,0,0.75,LOW,LOW,criteria,What Nym gets right is the combination of open-source commitment and documented methodology. Those two things together — open code and transparent about what the data can and cannot show — are the minimum bar for civic data tools as far as I'm concerned.
107,https://privacybadger.org,Privacy Badger,62,62,0,0.92,LOW,MEDIUM,criteria,"Privacy Badger has been building open civic infrastructure for over a decade, and the combination of longevity and open-source commitment gives it unusual credibility on my transparency criterion. A project this old that still publishes its code is making an ongoing commitment, not a launch-day statement."
108,https://tech-coops.xyz,Tech Coops List,62,62,0,0.75,LOW,MEDIUM,criteria,"Tech Coops List has been building open civic infrastructure for over a decade, and the combination of longevity and open-source commitment gives it unusual credibility on my transparency criterion. A project this old that still publishes its code is making an ongoing commitment, not a launch-day statement."
109,https://turkopticon.ucsd.edu,Turkopticon,62,62,0,0.92,LOW,MEDIUM,criteria,"Turkopticon has been building open civic infrastructure for over a decade, and the combination of longevity and open-source commitment gives it unusual credibility on my transparency criterion. A project this old that still publishes its code is making an ongoing commitment, not a launch-day statement."
110,https://github.com/bluesky-social,Bluesky Social,61,61,0,0.75,LOW,HIGH,criteria,What Bluesky Social gets right is the combination of open-source commitment and documented methodology. Those two things together — open code and transparent about what the data can and cannot show — are the minimum bar for civic data tools as far as I'm concerned.
111,https://github.com/ytdl-org/youtube-dl,youtube-dl,61,61,0,0.75,LOW,LOW,criteria,"youtube-dl has been building open civic infrastructure for over a decade, and the combination of longevity and open-source commitment gives it unusual credibility on my transparency criterion. A project this old that still publishes its code is making an ongoing commitment, not a launch-day statement."
112,https://grantnav.threesixtygiving.org,GrantNav,61,61,0,1.0,LOW,MEDIUM,criteria,"GrantNav can point to actual policy outcomes, not just activity metrics. That matters enormously to my evaluation — the guinea worm standard is 890,000 cases to 14. This project has its own version of that number."
113,https://library.theengineroom.org,The Engine Room Library,61,61,0,0.75,LOW,LOW,criteria,"The Engine Room Library has been building open civic infrastructure for over a decade, and the combination of longevity and open-source commitment gives it unusual credibility on my transparency criterion. A project this old that still publishes its code is making an ongoing commitment, not a launch-day statement."
114,https://strikemap.org,Strike Map,61,56,5,0.67,MEDIUM,LOW,criteria,"Strike Map puts data visualisation at the centre of its communication — 'Interactive mapping platform documenting labor strikes and worker organizing act'. I work in this space professionally and I notice good execution: the visual is the argument here, not decoration on top of prose."
115,https://atlasofsurveillance.org,Atlas of Surveillance,60,60,0,0.92,LOW,LOW,criteria,"Atlas of Surveillance can point to actual policy outcomes, not just activity metrics. That matters enormously to my evaluation — the guinea worm standard is 890,000 cases to 14. This project has its own version of that number."
116,https://github.com/blacksky-algorithms/rsky,rsky,60,57,3,0.75,LOW,MEDIUM,criteria,What rsky gets right is the combination of open-source commitment and documented methodology. Those two things together — open code and transparent about what the data can and cannot show — are the minimum bar for civic data tools as far as I'm concerned.
117,https://github.com/vbuterin/dao,The DAO (Standard DAO Framework),60,60,0,0.75,LOW,LOW,criteria,What The DAO (Standard DAO Framework) gets right is the combination of open-source commitment and documented methodology. Those two things together — open code and transparent about what the data can and cannot show — are the minimum bar for civic data tools as far as I'm concerned.
118,https://orcid.org,ORCID,60,60,0,0.92,LOW,MEDIUM,criteria,"ORCID can point to actual policy outcomes, not just activity metrics. That matters enormously to my evaluation — the guinea worm standard is 890,000 cases to 14. This project has its own version of that number."
119,https://communities.sunlightfoundation.com/methodology,Tactical Data Engagement,59,57,2,1.0,LOW,MEDIUM,criteria,"Tactical Data Engagement can point to actual policy outcomes, not just activity metrics. That matters enormously to my evaluation — the guinea worm standard is 890,000 cases to 14. This project has its own version of that number."
120,https://github.com/datakind/data-observation-toolkit,Data Observation Toolkit (DOT),59,59,0,1.0,LOW,LOW,criteria,"Data Observation Toolkit (DOT) is the kind of project my constitution is built to see clearly: open-source, with documented policy outcomes, operating in the transparency-infrastructure space. The evidence chain from 'we built this' to 'here's what changed' is exactly what I look for."
121,https://github.com/mikekelly/policy-dojo,UK Policy Dojo,59,56,3,0.83,LOW,MEDIUM,criteria,What UK Policy Dojo gets right is the combination of open-source commitment and documented methodology. Those two things together — open code and transparent about what the data can and cannot show — are the minimum bar for civic data tools as far as I'm concerned.
122,https://monitormamdani.com,Monitor Mamdani,59,56,3,0.75,LOW,HIGH,criteria,"Monitor Mamdani can point to actual policy outcomes, not just activity metrics. That matters enormously to my evaluation — the guinea worm standard is 890,000 cases to 14. This project has its own version of that number. Popularity risk flag: Monitor Mamdani's high score partly reflects how well-documented it is — strip out the dossier richness advantage and I'd estimate the true constitutional fit is 8-12 points lower."
123,https://moralmachine.net,Moral Machine,59,59,0,0.83,LOW,LOW,criteria,"Moral Machine can point to actual policy outcomes, not just activity metrics. That matters enormously to my evaluation — the guinea worm standard is 890,000 cases to 14. This project has its own version of that number."
124,https://murmurations.network,Murmurations Protocol,59,59,0,0.75,LOW,MEDIUM,criteria,What Murmurations Protocol gets right is the combination of open-source commitment and documented methodology. Those two things together — open code and transparent about what the data can and cannot show — are the minimum bar for civic data tools as far as I'm concerned.
125,https://objector.ai,Objector.ai,59,56,3,0.92,LOW,LOW,criteria,"Objector.ai — ""Object to planning applications in the UK with Objector.ai. Check objection 
gr"" — engages with civic territory but its score reflects limited evidence on the criteria I weight most: evidence legibility and methodological transparency."
126,https://public.tableau.com/app/profile/citizensadvice/vizzes,Citizens Advice Tableau Public Profile,59,49,10,0.58,MEDIUM,NONE,modifier,"Citizens Advice Tableau Public Profile puts data visualisation at the centre of its communication — 'Data visualizations and dashboards tracking advice issues, consumer trends, and '. I work in this space professionally and I notice good execution: the visual is the argument here, not decoration on top of prose."
127,https://www.martus.org,Martus,59,59,0,0.75,LOW,LOW,criteria,"Martus has been building open civic infrastructure for over a decade, and the combination of longevity and open-source commitment gives it unusual credibility on my transparency criterion. A project this old that still publishes its code is making an ongoing commitment, not a launch-day statement."
128,https://gender-pay-gap.service.gov.uk,Gender Pay Gap Service,58,58,0,1.0,LOW,MEDIUM,criteria,"Gender Pay Gap Service can point to actual policy outcomes, not just activity metrics. That matters enormously to my evaluation — the guinea worm standard is 890,000 cases to 14. This project has its own version of that number."
129,https://github.com/kazad/pastecal,Pastecal,58,58,0,0.75,LOW,LOW,criteria,What Pastecal gets right is the combination of open-source commitment and documented methodology. Those two things together — open code and transparent about what the data can and cannot show — are the minimum bar for civic data tools as far as I'm concerned.
130,https://github.com/thicknavyrain/uk_elections_leaflets,OpenElections Leaflet Scraper and Parser,58,55,3,0.75,LOW,LOW,criteria,What OpenElections Leaflet Scraper and Parser gets right is the combination of open-source commitment and documented methodology. Those two things together — open code and transparent about what the data can and cannot show — are the minimum bar for civic data tools as far as I'm concerned.
131,https://parsethebill.com,Parse The Bill,58,55,3,0.75,LOW,MEDIUM,criteria,"Parse The Bill — ""Introduces a regulatory framework for online safety, governed by OFCOM. It manda"" — engages with civic territory but its score reflects limited evidence on the criteria I weight most: evidence legibility and methodological transparency."
132,https://www.papertree.earth,Papertree,58,58,0,0.58,MEDIUM,NONE,criteria,"The counter-narrative function in Papertree — surfacing what dominant coverage systematically misses or distorts — is the most politically significant thing a data project can do. My migration work is built on the same premise: the evidence doesn't match the narrative, and making that gap visible is valuable."
133,https://www.sign-in.service.gov.uk,GOV.UK One Login,58,58,0,1.0,LOW,LOW,criteria,"GOV.UK One Login can point to actual policy outcomes, not just activity metrics. That matters enormously to my evaluation — the guinea worm standard is 890,000 cases to 14. This project has its own version of that number."
134,https://yrpri.org,Your Priorities,58,58,0,1.0,LOW,MEDIUM,criteria,"Your Priorities can point to actual policy outcomes, not just activity metrics. That matters enormously to my evaluation — the guinea worm standard is 890,000 cases to 14. This project has its own version of that number."
135,https://github.com/cavi-au/consent-o-matic,Consent-O-Matic,57,57,0,0.75,LOW,MEDIUM,criteria,What Consent-O-Matic gets right is the combination of open-source commitment and documented methodology. Those two things together — open code and transparent about what the data can and cannot show — are the minimum bar for civic data tools as far as I'm concerned.
136,https://journaliststudio.google.com,Journalist Studio,57,47,10,0.75,LOW,LOW,modifier,What Journalist Studio does at its core — quantifying the gap between public perception and actual evidence — is precisely the intellectual territory I work in. The news/mortality work I did at OWID is the same basic operation. I recognise good execution in this space.
137,https://navigator.oii.ox.ac.uk,DemTech Navigator,57,47,10,0.75,LOW,LOW,modifier,What DemTech Navigator does at its core — quantifying the gap between public perception and actual evidence — is precisely the intellectual territory I work in. The news/mortality work I did at OWID is the same basic operation. I recognise good execution in this space.
138,https://oneproject.org,One Project,57,50,7,0.75,LOW,LOW,criteria,"One Project — ""We partner with the rising global movement for economic democracy to build core"" — engages with civic territory but its score reflects limited evidence on the criteria I weight most: evidence legibility and methodological transparency."
139,https://pageviews.wmcloud.org,Pageviews Analysis,57,57,0,0.75,LOW,MEDIUM,criteria,"Pageviews Analysis has been building open civic infrastructure for over a decade, and the combination of longevity and open-source commitment gives it unusual credibility on my transparency criterion. A project this old that still publishes its code is making an ongoing commitment, not a launch-day statement."
140,https://snowdrift.coop,Snowdrift.coop,57,57,0,0.83,LOW,LOW,criteria,"Snowdrift.coop has been building open civic infrastructure for over a decade, and the combination of longevity and open-source commitment gives it unusual credibility on my transparency criterion. A project this old that still publishes its code is making an ongoing commitment, not a launch-day statement."
141,https://soweego.readthedocs.io,soweego,57,57,0,0.83,LOW,LOW,criteria,What soweego gets right is the combination of open-source commitment and documented methodology. Those two things together — open code and transparent about what the data can and cannot show — are the minimum bar for civic data tools as far as I'm concerned.
142,https://www.ushahidi.com,Ushahidi,57,57,0,1.0,LOW,MEDIUM,criteria,"Ushahidi can point to actual policy outcomes, not just activity metrics. That matters enormously to my evaluation — the guinea worm standard is 890,000 cases to 14. This project has its own version of that number."
143,https://parti.xyz,Parti,56,56,0,1.0,LOW,LOW,criteria,"Parti can point to actual policy outcomes, not just activity metrics. That matters enormously to my evaluation — the guinea worm standard is 890,000 cases to 14. This project has its own version of that number."
144,https://www.openorigins.com,OpenOrigins,56,46,10,0.75,LOW,MEDIUM,modifier,What OpenOrigins does at its core — quantifying the gap between public perception and actual evidence — is precisely the intellectual territory I work in. The news/mortality work I did at OWID is the same basic operation. I recognise good execution in this space.
145,https://aisafety.info,AISafety.info,55,52,3,0.75,LOW,LOW,criteria,"AISafety.info operates across multiple countries, which matters specifically because my geographic scope modifier rewards projects whose deployment matches where the problem actually exists. Too many tools claim global relevance while operating only in wealthy Western contexts."
146,https://github.com/bellingcat/edgar,EDGAR,55,55,0,0.75,LOW,HIGH,criteria,What EDGAR gets right is the combination of open-source commitment and documented methodology. Those two things together — open code and transparent about what the data can and cannot show — are the minimum bar for civic data tools as far as I'm concerned.
147,https://github.com/radicalxchange/rxc-voice,RxC Voice,55,55,0,0.75,LOW,MEDIUM,criteria,"RxC Voice operates across multiple countries, which matters specifically because my geographic scope modifier rewards projects whose deployment matches where the problem actually exists. Too many tools claim global relevance while operating only in wealthy Western contexts."
148,https://riversentiment.app,River Sentiment Dashboard,55,55,0,0.75,LOW,MEDIUM,criteria,"River Sentiment Dashboard — ""People talk about rivers online: from complaints about pollution to celebrations"" — engages with civic territory but its score reflects limited evidence on the criteria I weight most: evidence legibility and methodological transparency."
149,https://site.urbanistai.com,UrbanistAI,55,55,0,0.92,LOW,MEDIUM,criteria,"UrbanistAI can point to actual policy outcomes, not just activity metrics. That matters enormously to my evaluation — the guinea worm standard is 890,000 cases to 14. This project has its own version of that number."
150,https://www.govtrack.us,GovTrack.us,55,55,0,1.0,LOW,MEDIUM,criteria,"GovTrack.us can point to actual policy outcomes, not just activity metrics. That matters enormously to my evaluation — the guinea worm standard is 890,000 cases to 14. This project has its own version of that number."
151,https://www.notifications.service.gov.uk,GOV.UK Notify,55,55,0,1.0,LOW,MEDIUM,criteria,"GOV.UK Notify can point to actual policy outcomes, not just activity metrics. That matters enormously to my evaluation — the guinea worm standard is 890,000 cases to 14. This project has its own version of that number."
152,https://www.payments.service.gov.uk,GOV.UK Pay,55,55,0,1.0,LOW,MEDIUM,criteria,GOV.UK Pay is working at the structural level — not helping individuals navigate broken systems but changing how the institutions themselves operate. Government partnerships here aren't just validation; they're evidence the reform is actually happening.
153,https://www.theyworkforyou.com,TheyWorkForYou,55,55,0,1.0,LOW,HIGH,criteria,TheyWorkForYou is working at the structural level — not helping individuals navigate broken systems but changing how the institutions themselves operate. Government partnerships here aren't just validation; they're evidence the reform is actually happening. Popularity risk flag: TheyWorkForYou's high score partly reflects how well-documented it is — strip out the dossier richness advantage and I'd estimate the true constitutional fit is 8-12 points lower.
154,https://dev.reuselibrary.service.justice.gov.uk,GOV Reuse Library,54,51,3,0.75,LOW,MEDIUM,criteria,"GOV Reuse Library — ""We use some essential cookies to make this service work."" — engages with civic territory but its score reflects limited evidence on the criteria I weight most: evidence legibility and methodological transparency."
155,https://numfocus.org,NumFOCUS,54,54,0,0.83,LOW,MEDIUM,criteria,"NumFOCUS operates across multiple countries, which matters specifically because my geographic scope modifier rewards projects whose deployment matches where the problem actually exists. Too many tools claim global relevance while operating only in wealthy Western contexts."
156,https://nyaaya.org,Nyaaya,54,54,0,0.83,LOW,MEDIUM,criteria,"Nyaaya — ""Nyaaya’s repository of legal explainers with simple, actionable, reliable and ac"" — engages with civic territory but its score reflects limited evidence on the criteria I weight most: evidence legibility and methodological transparency."
157,https://overton.io,Overton,54,54,0,0.83,LOW,MEDIUM,criteria,"Overton can point to actual policy outcomes, not just activity metrics. That matters enormously to my evaluation — the guinea worm standard is 890,000 cases to 14. This project has its own version of that number."
158,https://wardwatch.uk,WardWatch,54,51,3,0.75,LOW,MEDIUM,criteria,"WardWatch — ""We scan council minutes, local news, and social media to build a complete pictur"" — engages with civic territory but its score reflects limited evidence on the criteria I weight most: evidence legibility and methodological transparency."
159,https://all-our-ideas.citizens.is,All Our Ideas,53,53,0,0.75,LOW,LOW,criteria,"All Our Ideas operates across multiple countries, which matters specifically because my geographic scope modifier rewards projects whose deployment matches where the problem actually exists. Too many tools claim global relevance while operating only in wealthy Western contexts."
160,https://github.com/geeksforsocialchange/placecal,PlaceCal,53,53,0,0.75,LOW,MEDIUM,criteria,"PlaceCal operates across multiple countries, which matters specifically because my geographic scope modifier rewards projects whose deployment matches where the problem actually exists. Too many tools claim global relevance while operating only in wealthy Western contexts."
161,https://oa.report,OA.Report,53,53,0,0.92,LOW,MEDIUM,criteria,"OA.Report can point to actual policy outcomes, not just activity metrics. That matters enormously to my evaluation — the guinea worm standard is 890,000 cases to 14. This project has its own version of that number."
162,https://right-to-know.org,Right To Know,53,53,0,0.92,LOW,MEDIUM,criteria,"Right To Know can point to actual policy outcomes, not just activity metrics. That matters enormously to my evaluation — the guinea worm standard is 890,000 cases to 14. This project has its own version of that number."
163,https://www.objector.ai,Objector.ai,53,50,3,0.83,LOW,LOW,criteria,"Objector.ai (this appears twice in the candidate list with slightly different URLs — https://objector.ai and https://www.objector.ai). The UK planning objection tool scores modestly: it helps individuals navigate a broken planning system rather than reforming the system itself, which limits its score on my structural solutions criterion."
164,https://www.teachingpublicservice.digital,Teaching Public Service in the Digital Age,53,53,0,0.83,LOW,LOW,criteria,"Teaching Public Service in the Digital Age operates across 6 countries, which matters specifically because my geographic scope modifier rewards projects whose deployment matches where the problem actually exists. Too many tools claim global relevance while operating only in wealthy Western contexts."
165,https://www.workerinfoexchange.org,Worker Info Exchange,53,53,0,0.92,LOW,MEDIUM,criteria,"Worker Info Exchange can point to actual policy outcomes, not just activity metrics. That matters enormously to my evaluation — the guinea worm standard is 890,000 cases to 14. This project has its own version of that number."
166,https://docs.holepunch.to,Pear by Holepunch,52,52,0,0.75,LOW,LOW,criteria,What Pear by Holepunch gets right is the combination of open-source commitment and documented methodology. Those two things together — open code and transparent about what the data can and cannot show — are the minimum bar for civic data tools as far as I'm concerned.
167,https://ethelo.com,Ethelo,52,52,0,1.0,LOW,MEDIUM,criteria,"Ethelo can point to actual policy outcomes, not just activity metrics. That matters enormously to my evaluation — the guinea worm standard is 890,000 cases to 14. This project has its own version of that number."
168,https://fairbnb.coop,Fairbnb.coop,52,52,0,0.83,LOW,MEDIUM,criteria,"Fairbnb.coop operates across 8 countries, which matters specifically because my geographic scope modifier rewards projects whose deployment matches where the problem actually exists. Too many tools claim global relevance while operating only in wealthy Western contexts."
169,https://filmot.com,Filmot,52,52,0,0.67,MEDIUM,LOW,criteria,"Filmot operates across multiple countries, which matters specifically because my geographic scope modifier rewards projects whose deployment matches where the problem actually exists. Too many tools claim global relevance while operating only in wealthy Western contexts."
170,https://pursuanceproject.org,Pursuance Project,52,52,0,0.75,LOW,MEDIUM,criteria,"Pursuance Project operates across multiple countries, which matters specifically because my geographic scope modifier rewards projects whose deployment matches where the problem actually exists. Too many tools claim global relevance while operating only in wealthy Western contexts."
171,https://thecircuit.cc,The Circuit,52,52,0,0.92,LOW,MEDIUM,criteria,"The Circuit — ""The Circuit is a multi-yearlong collaborative journalism project focused on inve"" — engages with civic territory but its score reflects limited evidence on the criteria I weight most: evidence legibility and methodological transparency."
172,https://vframe.io,VFRAME,52,52,0,1.0,LOW,MEDIUM,criteria,"VFRAME can point to actual policy outcomes, not just activity metrics. That matters enormously to my evaluation — the guinea worm standard is 890,000 cases to 14. This project has its own version of that number."
173,https://cotsi.org,COTSI (Cyber Operational Threat Situational Intelligence),51,41,10,0.75,LOW,LOW,modifier,What COTSI (Cyber Operational Threat Situational Intelligence) does at its core — quantifying the gap between public perception and actual evidence — is precisely the intellectual territory I work in. The news/mortality work I did at OWID is the same basic operation. I recognise good execution in this space.
174,https://decelerator.org.uk,The Decelerator,51,48,3,0.75,LOW,MEDIUM,criteria,"The Decelerator — ""By using this website, you agree to our use of cookies. We use cookies to provid"" — engages with civic territory but its score reflects limited evidence on the criteria I weight most: evidence legibility and methodological transparency."
175,https://kialo.com,Kialo,51,46,5,0.75,LOW,LOW,criteria,"Kialo puts data visualisation at the centre of its communication — 'A platform for structured debate and critical thinking through collaborative arg'. I work in this space professionally and I notice good execution: the visual is the argument here, not decoration on top of prose."
176,https://richardpope.org/2017/03/05/beckton-a-tool-to-build,Beckton,51,51,0,0.75,LOW,LOW,criteria,What Beckton gets right is the combination of open-source commitment and documented methodology. Those two things together — open code and transparent about what the data can and cannot show — are the minimum bar for civic data tools as far as I'm concerned.
177,https://schema.org,Schema.org,51,51,0,0.5,MEDIUM,NONE,criteria,"Schema.org operates across multiple countries, which matters specifically because my geographic scope modifier rewards projects whose deployment matches where the problem actually exists. Too many tools claim global relevance while operating only in wealthy Western contexts."
178,https://www.deliberaide.com,deliberAIde,51,51,0,1.0,LOW,LOW,criteria,"deliberAIde can point to actual policy outcomes, not just activity metrics. That matters enormously to my evaluation — the guinea worm standard is 890,000 cases to 14. This project has its own version of that number."
179,https://www.fixmystreet.com,FixMyStreet,51,51,0,1.0,LOW,HIGH,criteria,"FixMyStreet can point to actual policy outcomes, not just activity metrics. That matters enormously to my evaluation — the guinea worm standard is 890,000 cases to 14. This project has its own version of that number. Popularity risk flag: FixMyStreet's high score partly reflects how well-documented it is — strip out the dossier richness advantage and I'd estimate the true constitutional fit is 8-12 points lower."
180,https://www.mysociety.org/climate/neighbourhood-warmth,Neighbourhood Warmth,51,48,3,0.83,LOW,HIGH,criteria,"Neighbourhood Warmth — ""mySociety provides technology, research and data to help people be active citize"" — engages with civic territory but its score reflects limited evidence on the criteria I weight most: evidence legibility and methodological transparency. Popularity risk flag: Neighbourhood Warmth's high score partly reflects how well-documented it is — strip out the dossier richness advantage and I'd estimate the true constitutional fit is 8-12 points lower."
181,https://www.polimorphic.com,Polimorphic,51,51,0,0.92,LOW,MEDIUM,criteria,"Polimorphic can point to actual policy outcomes, not just activity metrics. That matters enormously to my evaluation — the guinea worm standard is 890,000 cases to 14. This project has its own version of that number."
182,https://www.whatgov.co.uk,WhatGov,51,51,0,0.83,LOW,LOW,criteria,"WhatGov — ""Government debates as gen-z chats + professional-grade analysis of all governmen"" — engages with civic territory but its score reflects limited evidence on the criteria I weight most: evidence legibility and methodological transparency."
183,https://aragon.org,Aragon,50,50,0,0.75,LOW,LOW,criteria,"Aragon operates across 48 countries, which matters specifically because my geographic scope modifier rewards projects whose deployment matches where the problem actually exists. Too many tools claim global relevance while operating only in wealthy Western contexts."
184,https://benefits-calculator.turn2us.org.uk,Turn2us Benefits Calculator,50,50,0,0.83,LOW,MEDIUM,criteria,"Turn2us Benefits Calculator — ""Use the Turn2us Benefits Calculator to find out which welfare benefits you may b"" — engages with civic territory but its score reflects limited evidence on the criteria I weight most: evidence legibility and methodological transparency."
185,https://github.com/populatetools,Populate Tools,50,50,0,0.83,LOW,MEDIUM,criteria,"Populate Tools — ""Tools for civic engagement. Populate has 102 repositories available. Follow thei"" — engages with civic territory but its score reflects limited evidence on the criteria I weight most: evidence legibility and methodological transparency."
186,https://hact.org.uk/tools-and-services/uk-housing-data-standards,UK Housing Data Standards,50,50,0,1.0,LOW,MEDIUM,criteria,"UK Housing Data Standards can point to actual policy outcomes, not just activity metrics. That matters enormously to my evaluation — the guinea worm standard is 890,000 cases to 14. This project has its own version of that number."
187,https://idealist.org,Idealist,50,43,7,0.75,LOW,MEDIUM,criteria,"Idealist operates across 14 countries, which matters specifically because my geographic scope modifier rewards projects whose deployment matches where the problem actually exists. Too many tools claim global relevance while operating only in wealthy Western contexts."
188,https://manifold.markets,Manifold Markets,50,50,0,0.75,LOW,LOW,criteria,"Manifold Markets operates across multiple countries, which matters specifically because my geographic scope modifier rewards projects whose deployment matches where the problem actually exists. Too many tools claim global relevance while operating only in wealthy Western contexts."
189,https://missingnumbers.org,Missing Numbers,50,50,0,0.92,LOW,MEDIUM,criteria,"Missing Numbers can point to actual policy outcomes, not just activity metrics. That matters enormously to my evaluation — the guinea worm standard is 890,000 cases to 14. This project has its own version of that number."
190,https://remembertovote.org.uk,Remember to Vote,50,47,3,0.67,MEDIUM,LOW,criteria,Remember to Vote scores modestly because the dossier evidence doesn't show strong alignment with my highest-weight criteria. What's there is fine; it's just not what my constitution is built to see.
191,https://www.donotpay.com,DoNotPay,50,50,0,0.67,MEDIUM,LOW,criteria,"DoNotPay operates across multiple countries, which matters specifically because my geographic scope modifier rewards projects whose deployment matches where the problem actually exists. Too many tools claim global relevance while operating only in wealthy Western contexts."
192,https://www.gov.uk/service-manual,Service Manual,50,50,0,1.0,LOW,MEDIUM,criteria,"Service Manual can point to actual policy outcomes, not just activity metrics. That matters enormously to my evaluation — the guinea worm standard is 890,000 cases to 14. This project has its own version of that number."
193,https://www.govocal.com,Go Vocal,50,50,0,0.83,LOW,MEDIUM,criteria,"Go Vocal operates across 12 countries, which matters specifically because my geographic scope modifier rewards projects whose deployment matches where the problem actually exists. Too many tools claim global relevance while operating only in wealthy Western contexts."
194,https://data.humdata.org,Humanitarian Data Exchange,49,49,0,0.92,LOW,MEDIUM,criteria,"Humanitarian Data Exchange can point to actual policy outcomes, not just activity metrics. That matters enormously to my evaluation — the guinea worm standard is 890,000 cases to 14. This project has its own version of that number."
195,https://github.com/propublica/django-collaborative,django-collaborative,49,49,0,0.75,LOW,HIGH,criteria,"django-collaborative — ""ProPublica&#39;s collaborative tip-gathering framework. Import and manage CSV, G"" — engages with civic territory but its score reflects limited evidence on the criteria I weight most: evidence legibility and methodological transparency. Popularity risk flag: django-collaborative's high score partly reflects how well-documented it is — strip out the dossier richness advantage and I'd estimate the true constitutional fit is 8-12 points lower."
196,https://newpublic.substack.com/p/introducing-roundabout-built-for,New_ Public Roundabout,49,46,3,0.75,LOW,MEDIUM,criteria,"New_ Public Roundabout — ""New_ Public’s app for local communities enters closed beta in five pilot communi"" — engages with civic territory but its score reflects limited evidence on the criteria I weight most: evidence legibility and methodological transparency."
197,https://opencouncildata.co.uk,Open Council Data UK,49,49,0,0.83,LOW,MEDIUM,criteria,"Open Council Data UK can point to actual policy outcomes, not just activity metrics. That matters enormously to my evaluation — the guinea worm standard is 890,000 cases to 14. This project has its own version of that number."
198,https://openletter.earth,Open Letter,49,49,0,0.92,LOW,MEDIUM,criteria,"Open Letter can point to actual policy outcomes, not just activity metrics. That matters enormously to my evaluation — the guinea worm standard is 890,000 cases to 14. This project has its own version of that number."
199,https://publicmediastack.com,Public Media Stack,49,49,0,0.75,LOW,MEDIUM,criteria,"Public Media Stack operates across multiple countries, which matters specifically because my geographic scope modifier rewards projects whose deployment matches where the problem actually exists. Too many tools claim global relevance while operating only in wealthy Western contexts."
200,https://shareyourpaper.org,Shareyourpaper.org,49,49,0,0.75,LOW,LOW,criteria,"Shareyourpaper.org operates across multiple countries, which matters specifically because my geographic scope modifier rewards projects whose deployment matches where the problem actually exists. Too many tools claim global relevance while operating only in wealthy Western contexts."
201,https://viewpoints.xyz,Viewpoints,49,49,0,0.75,LOW,MEDIUM,criteria,"Viewpoints operates across multiple countries, which matters specifically because my geographic scope modifier rewards projects whose deployment matches where the problem actually exists. Too many tools claim global relevance while operating only in wealthy Western contexts."
202,https://www.agenciesforgood.org,Agencies for Good,49,49,0,0.83,LOW,MEDIUM,criteria,"Agencies for Good — ""We’re a community of tech for good agencies, consultancies and freelancers. We h"" — engages with civic territory but its score reflects limited evidence on the criteria I weight most: evidence legibility and methodological transparency."
203,https://www.discourse.org,Discourse,49,49,0,0.75,LOW,LOW,criteria,"Discourse operates across 10 countries, which matters specifically because my geographic scope modifier rewards projects whose deployment matches where the problem actually exists. Too many tools claim global relevance while operating only in wealthy Western contexts."
204,https://www.hotosm.org,Humanitarian OpenStreetMap Team (HOT),49,49,0,1.0,LOW,HIGH,criteria,"Humanitarian OpenStreetMap Team (HOT) can point to actual policy outcomes, not just activity metrics. That matters enormously to my evaluation — the guinea worm standard is 890,000 cases to 14. This project has its own version of that number. Popularity risk flag: Humanitarian OpenStreetMap Team (HOT)'s high score partly reflects how well-documented it is — strip out the dossier richness advantage and I'd estimate the true constitutional fit is 8-12 points lower."
205,https://www.writetothem.com,WriteToThem,49,49,0,1.0,LOW,MEDIUM,criteria,"WriteToThem — ""Making it easy to write to the politicians who represent you   even if you don t"" — engages with civic territory but its score reflects limited evidence on the criteria I weight most: evidence legibility and methodological transparency."
206,https://ciudadaniai.org,Fundación Ciudadanía Inteligente,48,48,0,1.0,LOW,MEDIUM,criteria,"Fundación Ciudadanía Inteligente can point to actual policy outcomes, not just activity metrics. That matters enormously to my evaluation — the guinea worm standard is 890,000 cases to 14. This project has its own version of that number."
207,https://digitalcharitylab.org/product/digital-account-management-toolkit,Digital Account Management Toolkit,48,48,0,0.75,LOW,MEDIUM,criteria,"Digital Account Management Toolkit operates across multiple countries, which matters specifically because my geographic scope modifier rewards projects whose deployment matches where the problem actually exists. Too many tools claim global relevance while operating only in wealthy Western contexts."
208,https://docs.plus,docs.plus,48,48,0,0.67,MEDIUM,LOW,criteria,"docs.plus operates across multiple countries, which matters specifically because my geographic scope modifier rewards projects whose deployment matches where the problem actually exists. Too many tools claim global relevance while operating only in wealthy Western contexts."
209,https://fatebook.io,Fatebook,48,48,0,0.75,LOW,LOW,criteria,"Fatebook operates across multiple countries, which matters specifically because my geographic scope modifier rewards projects whose deployment matches where the problem actually exists. Too many tools claim global relevance while operating only in wealthy Western contexts."
210,https://github.com/rahvaalgatus/rahvaalgatus,Rahvaalgatus,48,48,0,0.75,LOW,MEDIUM,criteria,"Rahvaalgatus — ""https://rahvaalgatus.ee. Contribute to rahvaalgatus/rahvaalgatus development by"" — engages with civic territory but its score reflects limited evidence on the criteria I weight most: evidence legibility and methodological transparency."
211,https://landexplorer.coop,Land Explorer,48,48,0,1.0,LOW,MEDIUM,criteria,"Land Explorer can point to actual policy outcomes, not just activity metrics. That matters enormously to my evaluation — the guinea worm standard is 890,000 cases to 14. This project has its own version of that number."
212,https://mapping.kids,Mapping.kids,48,43,5,0.42,MEDIUM,NONE,criteria,"Mapping.kids puts data visualisation at the centre of its communication — 'A platform for creating and sharing interactive maps for educational purposes'. I work in this space professionally and I notice good execution: the visual is the argument here, not decoration on top of prose."
213,https://relationaltechproject.org,Relational Tech Project,48,48,0,0.58,MEDIUM,NONE,criteria,"Relational Tech Project operates across multiple countries, which matters specifically because my geographic scope modifier rewards projects whose deployment matches where the problem actually exists. Too many tools claim global relevance while operating only in wealthy Western contexts."
214,https://charitydigitalskills.co.uk,Charity Digital Skills Report,47,47,0,0.92,LOW,MEDIUM,criteria,"Charity Digital Skills Report can point to actual policy outcomes, not just activity metrics. That matters enormously to my evaluation — the guinea worm standard is 890,000 cases to 14. This project has its own version of that number."
215,https://conservativepartyfunding.co.uk,Conservative Party Funding,47,47,0,0.75,LOW,MEDIUM,criteria,"Conservative Party Funding — ""The Conservative Party has accepted more than £27 million in donations since the"" — engages with civic territory but its score reflects limited evidence on the criteria I weight most: evidence legibility and methodological transparency."
216,https://datatrusts.uk,The Data Trusts Initiative,47,47,0,1.0,LOW,LOW,criteria,"The Data Trusts Initiative — ""This is the web presence of the data trusts initiative."" — engages with civic territory but its score reflects limited evidence on the criteria I weight most: evidence legibility and methodological transparency."
217,https://nookcrm.com,Nook CRM,47,47,0,0.83,LOW,MEDIUM,criteria,"Nook CRM — ""The open-source case management tool for community energy groups."" — engages with civic territory but its score reflects limited evidence on the criteria I weight most: evidence legibility and methodological transparency."
218,https://radicle.xyz,Radicle,47,47,0,0.75,LOW,MEDIUM,criteria,"Radicle operates across multiple countries, which matters specifically because my geographic scope modifier rewards projects whose deployment matches where the problem actually exists. Too many tools claim global relevance while operating only in wealthy Western contexts."
219,https://riseup.net,Riseup,47,47,0,0.75,LOW,LOW,criteria,"Riseup operates across multiple countries, which matters specifically because my geographic scope modifier rewards projects whose deployment matches where the problem actually exists. Too many tools claim global relevance while operating only in wealthy Western contexts."
220,https://semanticclimate.github.io,semanticClimate,47,47,0,0.67,MEDIUM,LOW,criteria,"semanticClimate operates across multiple countries, which matters specifically because my geographic scope modifier rewards projects whose deployment matches where the problem actually exists. Too many tools claim global relevance while operating only in wealthy Western contexts."
221,https://www.communitytech.network,Community Tech,47,47,0,0.92,LOW,MEDIUM,criteria,"Community Tech can point to actual policy outcomes, not just activity metrics. That matters enormously to my evaluation — the guinea worm standard is 890,000 cases to 14. This project has its own version of that number."
222,https://www.dfos.com,Democracy Fund Open Source,47,47,0,0.75,LOW,MEDIUM,criteria,"Democracy Fund Open Source — ""Dark Forest Operating System"" — engages with civic territory but its score reflects limited evidence on the criteria I weight most: evidence legibility and methodological transparency."
223,https://www.localintelligencehub.com,Local Intelligence Hub,47,47,0,0.92,LOW,MEDIUM,criteria,"Local Intelligence Hub can point to actual policy outcomes, not just activity metrics. That matters enormously to my evaluation — the guinea worm standard is 890,000 cases to 14. This project has its own version of that number."
224,https://yourtracka.org,Tracka,47,47,0,1.0,LOW,MEDIUM,criteria,"Tracka can point to actual policy outcomes, not just activity metrics. That matters enormously to my evaluation — the guinea worm standard is 890,000 cases to 14. This project has its own version of that number."
225,https://arxiv.org/abs/2005.13701,Modular Politics,46,46,0,0.75,LOW,HIGH,criteria,"Modular Politics operates across 27 countries, which matters specifically because my geographic scope modifier rewards projects whose deployment matches where the problem actually exists. Too many tools claim global relevance while operating only in wealthy Western contexts. Popularity risk flag: Modular Politics's high score partly reflects how well-documented it is — strip out the dossier richness advantage and I'd estimate the true constitutional fit is 8-12 points lower."
226,https://channel.org,Channel.org,46,46,0,0.75,LOW,LOW,criteria,"Channel.org operates across multiple countries, which matters specifically because my geographic scope modifier rewards projects whose deployment matches where the problem actually exists. Too many tools claim global relevance while operating only in wealthy Western contexts."
227,https://granicus.com/uk,Granicus,46,46,0,0.92,LOW,LOW,criteria,"Granicus operates across 6 countries, which matters specifically because my geographic scope modifier rewards projects whose deployment matches where the problem actually exists. Too many tools claim global relevance while operating only in wealthy Western contexts."
228,https://greenpt.ai,GreenPT,46,46,0,0.75,LOW,MEDIUM,criteria,"GreenPT operates across multiple countries, which matters specifically because my geographic scope modifier rewards projects whose deployment matches where the problem actually exists. Too many tools claim global relevance while operating only in wealthy Western contexts."
229,https://harmonica.chat,Harmonica,46,46,0,0.83,LOW,MEDIUM,criteria,"Harmonica operates across multiple countries, which matters specifically because my geographic scope modifier rewards projects whose deployment matches where the problem actually exists. Too many tools claim global relevance while operating only in wealthy Western contexts."
230,https://parliamentwatch.ug,Parliament Watch Uganda,46,46,0,0.75,LOW,MEDIUM,criteria,"Parliament Watch Uganda — ""Your Eye on Parliament - Bridging the gap between Parliament and citizens"" — engages with civic territory but its score reflects limited evidence on the criteria I weight most: evidence legibility and methodological transparency."
231,https://voteforpolicies.org.uk,Vote for Policies,46,46,0,0.83,LOW,MEDIUM,criteria,"Vote for Policies — ""Vote for Policies helps you to vote and know what you"" — engages with civic territory but its score reflects limited evidence on the criteria I weight most: evidence legibility and methodological transparency."
232,https://www.organise.org.uk,Organise,46,46,0,0.92,LOW,LOW,criteria,"Organise can point to actual policy outcomes, not just activity metrics. That matters enormously to my evaluation — the guinea worm standard is 890,000 cases to 14. This project has its own version of that number."
233,https://www.parallelparliament.co.uk,Parallel Parliament,46,46,0,0.75,LOW,MEDIUM,criteria,"Parallel Parliament — ""Your single source for UK Government, Parliamentary and Legislative information"" — engages with civic territory but its score reflects limited evidence on the criteria I weight most: evidence legibility and methodological transparency."
234,https://annas-archive.pm,Anna's Archive,45,68,3,0.55,MEDIUM,NONE,procedural,"Anna's Archive's website is offline, which means I can't verify its current operational state. I've capped the score at 45 — not a judgment of the project's historical value, but I can't champion something I can't access."
235,https://cortico.ai/platform,Cortico,45,45,0,1.0,LOW,LOW,criteria,"Cortico can point to actual policy outcomes, not just activity metrics. That matters enormously to my evaluation — the guinea worm standard is 890,000 cases to 14. This project has its own version of that number."
236,https://developer.parliament.uk,UK Parliament Developer Portal,45,54,0,0.72,LOW,MEDIUM,procedural,"UK Parliament Developer Portal's website is offline, which means I can't verify its current operational state. I've capped the score at 45 — not a judgment of the project's historical value, but I can't champion something I can't access."
237,https://entitledto.co.uk,Entitledto,45,53,0,0.72,LOW,LOW,procedural,"Entitledto's website is offline, which means I can't verify its current operational state. I've capped the score at 45 — not a judgment of the project's historical value, but I can't champion something I can't access."
238,https://granitt.io,Granitt,45,45,0,0.75,LOW,MEDIUM,criteria,"Granitt operates across multiple countries, which matters specifically because my geographic scope modifier rewards projects whose deployment matches where the problem actually exists. Too many tools claim global relevance while operating only in wealthy Western contexts."
239,https://local-deep-researcher-hnmh.vercel.app,Local Deep Researcher,45,49,0,0.3,HIGH,NONE,procedural,"Local Deep Researcher's website is offline, which means I can't verify its current operational state. I've capped the score at 45 — not a judgment of the project's historical value, but I can't champion something I can't access. High uncertainty — dossier completeness is 30% and I'm not fully confident in this score."
240,https://mapped.commonknowledge.coop,Mapped,45,45,0,0.75,LOW,MEDIUM,criteria,"Mapped — ""Enrich member spreadsheets with political geography metadata"" — engages with civic territory but its score reflects limited evidence on the criteria I weight most: evidence legibility and methodological transparency."
241,https://medium.com/@abscond/membership-a-prototype-ea822b2683b,Membership,45,51,0,0.37999999999999995,HIGH,NONE,procedural,"Membership's website is offline, which means I can't verify its current operational state. I've capped the score at 45 — not a judgment of the project's historical value, but I can't champion something I can't access. High uncertainty — dossier completeness is 38% and I'm not fully confident in this score."
242,https://medium.com/metagov/introducing-the-agreement-engine-bf03b6d5c16c,Agreement Engine,45,54,0,0.55,MEDIUM,NONE,procedural,"Agreement Engine's website is offline, which means I can't verify its current operational state. I've capped the score at 45 — not a judgment of the project's historical value, but I can't champion something I can't access."
243,https://membersinterests.org.uk,Members' Interests,45,55,0,0.72,LOW,MEDIUM,procedural,"Members' Interests's website is offline, which means I can't verify its current operational state. I've capped the score at 45 — not a judgment of the project's historical value, but I can't champion something I can't access."
244,https://meta.wikimedia.org/wiki/abstract_wikipedia,Abstract Wikipedia,45,67,0,0.72,LOW,HIGH,procedural,"Abstract Wikipedia's website is offline, which means I can't verify its current operational state. I've capped the score at 45 — not a judgment of the project's historical value, but I can't champion something I can't access. Popularity risk flag: Abstract Wikipedia's high score partly reflects how well-documented it is — strip out the dossier richness advantage and I'd estimate the true constitutional fit is 8-12 points lower."
245,https://metaculus.com,Metaculus,45,59,0,0.72,LOW,LOW,procedural,"Metaculus's website is offline, which means I can't verify its current operational state. I've capped the score at 45 — not a judgment of the project's historical value, but I can't champion something I can't access."
246,https://openaccess.transparency.org.uk,Open Access – Transparency International UK,45,67,0,0.72,LOW,MEDIUM,procedural,"Open Access – Transparency International UK's website is offline, which means I can't verify its current operational state. I've capped the score at 45 — not a judgment of the project's historical value, but I can't champion something I can't access."
247,https://openaudience.org,OpenAudience,45,45,0,0.75,LOW,MEDIUM,criteria,"OpenAudience — ""Understand your audience using open data. Paste in your audience's postcodes or"" — engages with civic territory but its score reflects limited evidence on the criteria I weight most: evidence legibility and methodological transparency."
248,https://planit.org.uk,PlanIT,45,53,0,0.72,LOW,MEDIUM,procedural,"PlanIT's website is offline, which means I can't verify its current operational state. I've capped the score at 45 — not a judgment of the project's historical value, but I can't champion something I can't access."
249,https://policykit.org,PolicyKit,45,66,0,0.6299999999999999,MEDIUM,LOW,procedural,"PolicyKit's website is offline, which means I can't verify its current operational state. I've capped the score at 45 — not a judgment of the project's historical value, but I can't champion something I can't access."
250,https://societyforhopefultechnologists.org,Society for Hopeful Technologists,45,42,3,0.75,LOW,LOW,criteria,"Society for Hopeful Technologists — ""For everyone who wants technologies to work for people and planet."" — engages with civic territory but its score reflects limited evidence on the criteria I weight most: evidence legibility and methodological transparency."
251,https://violationtrackeruk.goodjobsfirst.org,Violation Tracker UK,45,50,0,0.55,MEDIUM,NONE,procedural,"Violation Tracker UK's website is offline, which means I can't verify its current operational state. I've capped the score at 45 — not a judgment of the project's historical value, but I can't champion something I can't access."
252,https://www.crowdjustice.com,CrowdJustice,45,52,0,0.72,LOW,MEDIUM,procedural,"CrowdJustice's website is offline, which means I can't verify its current operational state. I've capped the score at 45 — not a judgment of the project's historical value, but I can't champion something I can't access."
253,https://www.givefood.org.uk,Give Food,45,61,0,0.72,LOW,MEDIUM,procedural,"Give Food's website is offline, which means I can't verify its current operational state. I've capped the score at 45 — not a judgment of the project's historical value, but I can't champion something I can't access."
254,https://www.plinth.org.uk,Plinth,45,45,0,1.0,LOW,LOW,criteria,"Plinth can point to actual policy outcomes, not just activity metrics. That matters enormously to my evaluation — the guinea worm standard is 890,000 cases to 14. This project has its own version of that number."
255,https://www.prolific.com,Prolific,45,45,0,0.92,LOW,LOW,criteria,"Prolific can point to actual policy outcomes, not just activity metrics. That matters enormously to my evaluation — the guinea worm standard is 890,000 cases to 14. This project has its own version of that number."
256,https://www.publiceditor.io,Public Editor,45,49,10,0.55,MEDIUM,NONE,procedural,"Public Editor's website is offline, which means I can't verify its current operational state. I've capped the score at 45 — not a judgment of the project's historical value, but I can't champion something I can't access."
257,https://www.rightsdd.com,RightDD,45,45,0,0.75,LOW,MEDIUM,criteria,"RightDD operates across multiple countries, which matters specifically because my geographic scope modifier rewards projects whose deployment matches where the problem actually exists. Too many tools claim global relevance while operating only in wealthy Western contexts."
258,https://www.shareddigitalguides.org.uk,Shared Digital Guides,45,45,0,0.67,MEDIUM,LOW,criteria,"Shared Digital Guides — ""Step-by-step Guides to how non-profits are using digital tools. Contributed by c"" — engages with civic territory but its score reflects limited evidence on the criteria I weight most: evidence legibility and methodological transparency."
259,https://www.shineyoureye.org,ShineYourEye,45,45,0,0.67,MEDIUM,LOW,criteria,ShineYourEye scores modestly because the dossier evidence doesn't show strong alignment with my highest-weight criteria. What's there is fine; it's just not what my constitution is built to see.
260,https://www.yoti.com,Yoti,45,45,0,0.92,LOW,MEDIUM,criteria,"Yoti can point to actual policy outcomes, not just activity metrics. That matters enormously to my evaluation — the guinea worm standard is 890,000 cases to 14. This project has its own version of that number."
261,https://arxiv.org,arXiv,44,44,0,0.83,LOW,HIGH,criteria,"arXiv operates across multiple countries, which matters specifically because my geographic scope modifier rewards projects whose deployment matches where the problem actually exists. Too many tools claim global relevance while operating only in wealthy Western contexts. Popularity risk flag: arXiv's high score partly reflects how well-documented it is — strip out the dossier richness advantage and I'd estimate the true constitutional fit is 8-12 points lower."
262,https://civicmatch.app,CivicMatch,44,44,0,0.67,MEDIUM,LOW,criteria,"CivicMatch lands in the lower part of my ranking because it doesn't strongly engage with what my constitution is built around — evidence made legible, methodology disclosed, structural rather than individual-level intervention."
263,https://hand-written-petition-scanner.streamlit.app,Hand-Written Petition Scanner,44,44,0,0.37999999999999995,HIGH,NONE,criteria,"Hand-Written Petition Scanner's website is offline, which means I can't verify its current operational state. I've capped the score at 45 — not a judgment of the project's historical value, but I can't champion something I can't access. High uncertainty — dossier completeness is 38% and I'm not fully confident in this score."
264,https://metagov.org/projects/interop,Interoperable Deliberative Tools,44,44,0,0.75,LOW,LOW,criteria,"Interoperable Deliberative Tools operates across multiple countries, which matters specifically because my geographic scope modifier rewards projects whose deployment matches where the problem actually exists. Too many tools claim global relevance while operating only in wealthy Western contexts."
265,https://programs.clearerthinking.org/understanding-your-morality,Understanding Your Morality,44,44,0,0.75,LOW,MEDIUM,criteria,"Understanding Your Morality operates across multiple countries, which matters specifically because my geographic scope modifier rewards projects whose deployment matches where the problem actually exists. Too many tools claim global relevance while operating only in wealthy Western contexts."
266,https://spacetu.be,Spacetube,44,44,0,0.67,MEDIUM,LOW,criteria,"Spacetube operates across multiple countries, which matters specifically because my geographic scope modifier rewards projects whose deployment matches where the problem actually exists. Too many tools claim global relevance while operating only in wealthy Western contexts."
267,https://urbit.org,Urbit,44,44,0,0.75,LOW,LOW,criteria,"Urbit operates across 5 countries, which matters specifically because my geographic scope modifier rewards projects whose deployment matches where the problem actually exists. Too many tools claim global relevance while operating only in wealthy Western contexts."
268,https://www.marksoutoftenancy.com,Marks Out Of Tenancy,44,44,0,0.83,LOW,MEDIUM,criteria,"Marks Out Of Tenancy lands in the lower part of my ranking because it doesn't strongly engage with what my constitution is built around — evidence made legible, methodology disclosed, structural rather than individual-level intervention."
269,https://github.com/deepseek-ai/deepseek-v3,DeepSeek-V3,43,40,3,0.75,LOW,HIGH,criteria,"DeepSeek-V3 operates across multiple countries, which matters specifically because my geographic scope modifier rewards projects whose deployment matches where the problem actually exists. Too many tools claim global relevance while operating only in wealthy Western contexts. Popularity risk flag: DeepSeek-V3's high score partly reflects how well-documented it is — strip out the dossier richness advantage and I'd estimate the true constitutional fit is 8-12 points lower."
270,https://plausible.io,Plausible Analytics,43,43,0,0.75,LOW,LOW,criteria,"Plausible Analytics operates across multiple countries, which matters specifically because my geographic scope modifier rewards projects whose deployment matches where the problem actually exists. Too many tools claim global relevance while operating only in wealthy Western contexts."
271,https://policymogul.com,PolicyMogul,43,43,0,0.67,MEDIUM,LOW,criteria,"PolicyMogul lands in the lower part of my ranking because it doesn't strongly engage with what my constitution is built around — evidence made legible, methodology disclosed, structural rather than individual-level intervention."
272,https://sci-hub.se,Sci-Hub,43,43,0,0.55,MEDIUM,NONE,criteria,"Sci-Hub's website is offline, which means I can't verify its current operational state. I've capped the score at 45 — not a judgment of the project's historical value, but I can't champion something I can't access."
273,https://the-list.uk,The List,43,40,3,0.83,LOW,MEDIUM,criteria,"The List can point to actual policy outcomes, not just activity metrics. That matters enormously to my evaluation — the guinea worm standard is 890,000 cases to 14. This project has its own version of that number."
274,https://timecounts.org,Timecounts,43,43,0,0.75,LOW,MEDIUM,criteria,"Timecounts operates across multiple countries, which matters specifically because my geographic scope modifier rewards projects whose deployment matches where the problem actually exists. Too many tools claim global relevance while operating only in wealthy Western contexts."
275,https://www.csail.mit.edu/research/wikum-bridging-discussion-systems-and-wikis-collective-summarization,Wikum,43,43,0,0.75,LOW,LOW,criteria,"Wikum operates across multiple countries, which matters specifically because my geographic scope modifier rewards projects whose deployment matches where the problem actually exists. Too many tools claim global relevance while operating only in wealthy Western contexts."
276,https://www.polimonitor.com,PoliMonitor,43,43,0,0.67,MEDIUM,LOW,criteria,"PoliMonitor lands in the lower part of my ranking because it doesn't strongly engage with what my constitution is built around — evidence made legible, methodology disclosed, structural rather than individual-level intervention."
277,https://activisthandbook.org,Activist Handbook,42,42,0,0.75,LOW,LOW,criteria,"Activist Handbook operates across 6 countries, which matters specifically because my geographic scope modifier rewards projects whose deployment matches where the problem actually exists. Too many tools claim global relevance while operating only in wealthy Western contexts."
278,https://charmverse.io,CharmVerse,42,42,0,0.75,LOW,MEDIUM,criteria,"CharmVerse operates across multiple countries, which matters specifically because my geographic scope modifier rewards projects whose deployment matches where the problem actually exists. Too many tools claim global relevance while operating only in wealthy Western contexts."
279,https://esper.com/product,Esper,42,42,0,0.83,LOW,MEDIUM,criteria,"Esper lands in the lower part of my ranking because it doesn't strongly engage with what my constitution is built around — evidence made legible, methodology disclosed, structural rather than individual-level intervention."
280,https://github.com/fission-codes/fission-codes,Fission Codes,42,42,0,0.75,LOW,MEDIUM,criteria,"Fission Codes operates across multiple countries, which matters specifically because my geographic scope modifier rewards projects whose deployment matches where the problem actually exists. Too many tools claim global relevance while operating only in wealthy Western contexts."
281,https://labourxchange.uk,Labour Xchange,42,42,0,0.83,LOW,MEDIUM,criteria,"Labour Xchange lands in the lower part of my ranking because it doesn't strongly engage with what my constitution is built around — evidence made legible, methodology disclosed, structural rather than individual-level intervention."
282,https://liberopinion.com,Libertrium,42,42,0,0.83,LOW,MEDIUM,criteria,"Libertrium lands in the lower part of my ranking because it doesn't strongly engage with what my constitution is built around — evidence made legible, methodology disclosed, structural rather than individual-level intervention."
283,https://localinsight.org,Local Insight,42,42,0,0.83,LOW,MEDIUM,criteria,"Local Insight lands in the lower part of my ranking because it doesn't strongly engage with what my constitution is built around — evidence made legible, methodology disclosed, structural rather than individual-level intervention."
284,https://www.demnext.org/projects/delibtech-network,Deliberation & Technology (DelibTech) Network,42,35,7,0.75,LOW,LOW,criteria,"Deliberation & Technology (DelibTech) Network operates across 32 countries, which matters specifically because my geographic scope modifier rewards projects whose deployment matches where the problem actually exists. Too many tools claim global relevance while operating only in wealthy Western contexts."
285,https://gov.uk/find-local-consultations,Find local consultations,41,41,0,0.83,LOW,HIGH,criteria,"Find local consultations lands in the lower part of my ranking because it doesn't strongly engage with what my constitution is built around — evidence made legible, methodology disclosed, structural rather than individual-level intervention. Popularity risk flag: Find local consultations's high score partly reflects how well-documented it is — strip out the dossier richness advantage and I'd estimate the true constitutional fit is 8-12 points lower."
286,https://publicaccountability.org,The Accountability Project,41,41,0,0.75,LOW,MEDIUM,criteria,"The Accountability Project lands in the lower part of my ranking because it doesn't strongly engage with what my constitution is built around — evidence made legible, methodology disclosed, structural rather than individual-level intervention."
287,https://whoisology.com,Whoisology,41,41,0,0.75,LOW,LOW,criteria,"Whoisology operates across multiple countries, which matters specifically because my geographic scope modifier rewards projects whose deployment matches where the problem actually exists. Too many tools claim global relevance while operating only in wealthy Western contexts."
288,https://www.meet.coop,meet.coop,41,41,0,0.75,LOW,LOW,criteria,"meet.coop operates across multiple countries, which matters specifically because my geographic scope modifier rewards projects whose deployment matches where the problem actually exists. Too many tools claim global relevance while operating only in wealthy Western contexts."
289,https://www.welivedit.ai,We Live It,41,41,0,0.67,MEDIUM,LOW,criteria,"We Live It operates across multiple countries, which matters specifically because my geographic scope modifier rewards projects whose deployment matches where the problem actually exists. Too many tools claim global relevance while operating only in wealthy Western contexts."
290,https://choosealicense.com,Choose a License,40,40,0,0.75,LOW,MEDIUM,criteria,"Choose a License operates across multiple countries, which matters specifically because my geographic scope modifier rewards projects whose deployment matches where the problem actually exists. Too many tools claim global relevance while operating only in wealthy Western contexts."
291,https://civictech.guide,Civic Tech Field Guide,40,41,-1,0.83,LOW,LOW,criteria,The algorithmic transparency problem with Civic Tech Field Guide is significant enough to pull its score down substantially. My immigration measurement work taught me exactly what gets hidden when you say 'our model does X' without saying how — and this project triggers that concern.
292,https://www.watchduty.org,Watch Duty,40,40,0,0.75,LOW,MEDIUM,criteria,"Watch Duty lands in the lower part of my ranking because it doesn't strongly engage with what my constitution is built around — evidence made legible, methodology disclosed, structural rather than individual-level intervention."
293,https://civiclick.com,CiviClick,39,39,0,0.75,LOW,LOW,criteria,"CiviClick lands in the lower part of my ranking because it doesn't strongly engage with what my constitution is built around — evidence made legible, methodology disclosed, structural rather than individual-level intervention."
294,https://coops.tech,CoTech,39,39,0,0.75,LOW,MEDIUM,criteria,"CoTech lands in the lower part of my ranking because it doesn't strongly engage with what my constitution is built around — evidence made legible, methodology disclosed, structural rather than individual-level intervention."
295,https://dgc-cgn.org/product/can-dgsi-127,CAN/DGSI 127 - Age Assurance Technologies Standard,39,39,0,0.83,LOW,MEDIUM,criteria,"CAN/DGSI 127 - Age Assurance Technologies Standard lands in the lower part of my ranking because it doesn't strongly engage with what my constitution is built around — evidence made legible, methodology disclosed, structural rather than individual-level intervention."
296,https://alltechishuman.org/responsible-tech-guide-2025,Responsible Tech Guide 2025,38,38,0,0.75,LOW,MEDIUM,criteria,"Responsible Tech Guide 2025 operates across multiple countries, which matters specifically because my geographic scope modifier rewards projects whose deployment matches where the problem actually exists. Too many tools claim global relevance while operating only in wealthy Western contexts."
297,https://collaborative-data.theodi.org,Collaborative Data Patterns,38,38,0,0.67,MEDIUM,LOW,criteria,"Collaborative Data Patterns operates across multiple countries, which matters specifically because my geographic scope modifier rewards projects whose deployment matches where the problem actually exists. Too many tools claim global relevance while operating only in wealthy Western contexts."
298,https://commonslibrary.org,The Commons Social Change Library,38,38,0,0.75,LOW,MEDIUM,criteria,"The Commons Social Change Library operates across multiple countries, which matters specifically because my geographic scope modifier rewards projects whose deployment matches where the problem actually exists. Too many tools claim global relevance while operating only in wealthy Western contexts."
299,https://dovetail.network,Dovetail,38,38,0,0.75,LOW,MEDIUM,criteria,"Dovetail lands in the lower part of my ranking because it doesn't strongly engage with what my constitution is built around — evidence made legible, methodology disclosed, structural rather than individual-level intervention."
300,https://papers.ssrn.com/sol3/papers.cfm?abstract_id=5351275,Unknown Academic Paper (SSRN 5351275),38,38,0,0.1,HIGH,NONE,criteria,"Unknown Academic Paper (SSRN 5351275)'s website is offline, which means I can't verify its current operational state. I've capped the score at 45 — not a judgment of the project's historical value, but I can't champion something I can't access. High uncertainty — dossier completeness is 10% and I'm not fully confident in this score."
301,https://spartacus.app,Spartacus,38,38,0,0.75,LOW,MEDIUM,criteria,"Spartacus operates across 35 countries, which matters specifically because my geographic scope modifier rewards projects whose deployment matches where the problem actually exists. Too many tools claim global relevance while operating only in wealthy Western contexts."
302,https://theodi.org/insights/reports/registers-and-collaboration-making-lists-we-can-trust-report,Registers and collaboration: making lists we can trust,38,38,0,0.75,LOW,MEDIUM,criteria,"Registers and collaboration: making lists we can trust operates across multiple countries, which matters specifically because my geographic scope modifier rewards projects whose deployment matches where the problem actually exists. Too many tools claim global relevance while operating only in wealthy Western contexts."
303,https://turbophonebank.com,Turbo Phonebank,38,38,0,0.75,LOW,LOW,criteria,"Turbo Phonebank lands in the lower part of my ranking because it doesn't strongly engage with what my constitution is built around — evidence made legible, methodology disclosed, structural rather than individual-level intervention."
304,https://fixmyblock.org,FixMyBlock,36,36,0,0.83,LOW,LOW,criteria,"FixMyBlock uses the kind of aspirational language I find myself discounting: 'empower,' 'transform.' My remittances article uses the World Bank data I know is limited rather than describing what remittances could theoretically do. Show me the number, not the vision."
305,https://postbug.com,PostBug,36,36,0,0.75,LOW,MEDIUM,criteria,"PostBug lands in the lower part of my ranking because it doesn't strongly engage with what my constitution is built around — evidence made legible, methodology disclosed, structural rather than individual-level intervention."
306,https://research.localgov.digital,User Research Library,36,36,0,0.83,LOW,MEDIUM,criteria,"User Research Library lands in the lower part of my ranking because it doesn't strongly engage with what my constitution is built around — evidence made legible, methodology disclosed, structural rather than individual-level intervention."
307,https://sobre.ejparticipe.org,Empurrando Juntas (EJ),36,36,0,0.75,LOW,MEDIUM,criteria,"Empurrando Juntas (EJ) lands in the lower part of my ranking because it doesn't strongly engage with what my constitution is built around — evidence made legible, methodology disclosed, structural rather than individual-level intervention."
308,https://tracking-template-38b4c.web.app,https://tracking-template-38b4c.web.app,36,36,0,0.08,HIGH,NONE,criteria,"https://tracking-template-38b4c.web.app lands in the lower part of my ranking because it doesn't strongly engage with what my constitution is built around — evidence made legible, methodology disclosed, structural rather than individual-level intervention. High uncertainty — dossier completeness is 8% and I'm not fully confident in this score."
309,https://www.dsc.org.uk/publication/the-guide-to-major-trusts-2025-26,The Guide to Major Trusts 2025/26,36,36,0,0.75,LOW,MEDIUM,criteria,"The Guide to Major Trusts 2025/26 lands in the lower part of my ranking because it doesn't strongly engage with what my constitution is built around — evidence made legible, methodology disclosed, structural rather than individual-level intervention."
310,https://www.govwise.ai/en,GovWise,36,36,0,0.75,LOW,LOW,criteria,"GovWise lands in the lower part of my ranking because it doesn't strongly engage with what my constitution is built around — evidence made legible, methodology disclosed, structural rather than individual-level intervention."
311,https://www.mpwatch.org,MP Watch,36,36,0,0.92,LOW,MEDIUM,criteria,"MP Watch lands in the lower part of my ranking because it doesn't strongly engage with what my constitution is built around — evidence made legible, methodology disclosed, structural rather than individual-level intervention."
312,https://farmerchat.digitalgreen.org,FarmerChat,35,35,0,0.75,LOW,LOW,criteria,"FarmerChat lands in the lower part of my ranking because it doesn't strongly engage with what my constitution is built around — evidence made legible, methodology disclosed, structural rather than individual-level intervention."
313,https://ladderhub.org,Ladder Hub,35,33,2,0.67,MEDIUM,LOW,criteria,"Ladder Hub lands in the lower part of my ranking because it doesn't strongly engage with what my constitution is built around — evidence made legible, methodology disclosed, structural rather than individual-level intervention."
314,https://www.myaction.center,MyActionCenter,35,35,0,0.75,LOW,LOW,criteria,"MyActionCenter operates across multiple countries, which matters specifically because my geographic scope modifier rewards projects whose deployment matches where the problem actually exists. Too many tools claim global relevance while operating only in wealthy Western contexts."
315,https://collab.land,Collab.Land,34,34,0,0.75,LOW,MEDIUM,criteria,"Collab.Land operates across multiple countries, which matters specifically because my geographic scope modifier rewards projects whose deployment matches where the problem actually exists. Too many tools claim global relevance while operating only in wealthy Western contexts."
316,https://dogooder.co,DoGooder,34,34,0,0.6299999999999999,MEDIUM,LOW,criteria,"DoGooder's website is offline, which means I can't verify its current operational state. I've capped the score at 45 — not a judgment of the project's historical value, but I can't champion something I can't access."
317,https://nestr.io,Nestr,33,33,0,0.75,LOW,MEDIUM,criteria,"Nestr operates across multiple countries, which matters specifically because my geographic scope modifier rewards projects whose deployment matches where the problem actually exists. Too many tools claim global relevance while operating only in wealthy Western contexts."
318,https://plunkett.my.site.com/keepitinthecommunity/s,Keep It In The Community,32,32,0,0.58,MEDIUM,NONE,criteria,"Keep It In The Community lands in the lower part of my ranking because it doesn't strongly engage with what my constitution is built around — evidence made legible, methodology disclosed, structural rather than individual-level intervention."
319,https://dunadyne.org,Dunadyne,31,31,0,0.67,MEDIUM,LOW,criteria,"Dunadyne operates across multiple countries, which matters specifically because my geographic scope modifier rewards projects whose deployment matches where the problem actually exists. Too many tools claim global relevance while operating only in wealthy Western contexts."
320,https://www.workincharities.co.uk,WorkInCharities,31,31,0,0.67,MEDIUM,LOW,criteria,"WorkInCharities lands in the lower part of my ranking because it doesn't strongly engage with what my constitution is built around — evidence made legible, methodology disclosed, structural rather than individual-level intervention."
321,https://www.consoc.io,Consciousness Evolution Operating System (ConSoc),30,30,0,0.42,MEDIUM,NONE,criteria,"Consciousness Evolution Operating System (ConSoc) lands in the lower part of my ranking because it doesn't strongly engage with what my constitution is built around — evidence made legible, methodology disclosed, structural rather than individual-level intervention."
