rank,name,url,score,criteria_score,modifier_adj,completeness,uncertainty,pop_risk,primary_driver,rationale
1,AlgorithmWatch,https://algorithmwatch.org,78.0,72.0,6,1.0,LOW,LOW,modifier,"AlgorithmWatch sits at the top because it is explicitly built around the accountability gap I keep finding in my research — it investigates whether algorithmic systems in public life are accountable to the people they affect. The modifier boost reflects contestability mechanisms: their audit and documentation work creates public records that affected people can use to challenge decisions. This is also a well-documented project, so some confidence reflects dossier richness. But the constitutional fit is genuine."
2,Cybersecurity for Democracy,https://cybersecurityfordemocracy.org,56.1,56.1,0,1.0,LOW,NONE,criteria,Cybersecurity for Democracy earns a top-five position on accountability infrastructure — A multi-university center for problem-driven research and research-driven policy. What stops it going higher: limited specificity on excluded populations. The target community framing is broader than my Criterion 2 prefers. Score 56.1.
3,Open Supply Hub,https://opensupplyhub.org,56.1,56.1,0,1.0,LOW,NONE,criteria,"Open Supply Hub earns a top-five position on accountability infrastructure — A global, open-source platform for supply chain transparency and worker rights. What stops it going higher: limited specificity on excluded populations. The target community framing is broader than my Criterion 2 prefers. Score 56.1."
4,Open Standards for Data Guidebook,https://standards.theodi.org,56.1,56.1,0,1.0,LOW,NONE,criteria,"Open Standards for Data Guidebook earns a top-five position on accountability infrastructure — Helping people and organisations create, develop and adopt open standards for da. What stops it going higher: limited specificity on excluded populations. The target community framing is broader than my Criterion 2 prefers. Score 56.1."
5,HURIDOCS,https://github.com/huridocs,54.9,54.9,0,1.0,LOW,NONE,criteria,HURIDOCS earns a top-five position on accountability infrastructure — HURIDOCS equips human rights defenders with tools to mobilise information for ju. What stops it going higher: limited specificity on excluded populations. The target community framing is broader than my Criterion 2 prefers. Score 54.9.
6,Open Digital Planning,https://opendigitalplanning.org,54.9,54.9,0,1.0,LOW,MEDIUM,criteria,"Open Digital Planning is well-documented and recognisable in civic tech — pop risk MEDIUM. Score 54.9 reflects genuine constitutional fit, but some confidence comes from dossier richness. Strip out the documentation advantage and I'd estimate 8-10 points lower. The accountability framing is real though."
7,Community Notes (Birdwatch) Analysis Tool,https://github.com/travisbrown/birdwatch,53.7,53.7,0,0.92,LOW,NONE,criteria,"Community Notes (Birdwatch) Analysis Tool lands in the top 20 on the strength of strong accountability framing. Target communities: researchers. Score 53.7, completeness 0.92. I'd want more evidence of community design engagement."
8,ORCID,https://orcid.org,53.7,53.7,0,0.92,LOW,MEDIUM,criteria,"ORCID is well-documented and recognisable in civic tech — pop risk MEDIUM. Score 53.7 reflects genuine constitutional fit, but some confidence comes from dossier richness. Strip out the documentation advantage and I'd estimate 8-10 points lower. The community-centring is the stronger constitutional signal here."
9,Parse The Bill,https://parsethebill.com,53.7,53.7,0,0.75,LOW,NONE,criteria,"Parse The Bill lands in the top 20 on the strength of strong accountability framing. Target communities: engaged citizens. Score 53.7, completeness 0.75. Qualitative grounding is present."
10,Objector.ai,https://objector.ai,52.4,52.4,0,0.92,LOW,NONE,criteria,"Objector.ai lands in the top 20 on the strength of solid scores across several criteria. Target communities: citizens. Score 52.4, completeness 0.92. Qualitative grounding is present."
11,Objector.ai,https://www.objector.ai,52.4,52.4,0,0.83,LOW,NONE,criteria,"Objector.ai lands in the top 20 on the strength of solid scores across several criteria. Target communities: citizens. Score 52.4, completeness 0.83. Qualitative grounding is present."
12,mySociety Datasets and APIs,https://data.mysociety.org,51.6,47.6,4,1.0,LOW,HIGH,modifier,"mySociety Datasets and APIs earns a modifier boost for contestability or community-design mechanisms visible in the dossier. Base 47.6, mod +4, final 51.6. The accountability framing is real even if specific excluded-population evidence is thinner than I'd like."
13,ODK (Open Data Kit),https://getodk.org,51.2,51.2,0,1.0,LOW,MEDIUM,criteria,"ODK (Open Data Kit) is well-documented and recognisable in civic tech — pop risk MEDIUM. Score 51.2 reflects genuine constitutional fit, but some confidence comes from dossier richness. Strip out the documentation advantage and I'd estimate 8-10 points lower. The community-centring is the stronger constitutional signal here."
14,Internet Archive Wayback Machine,https://web.archive.org,51.2,51.2,0,1.0,LOW,MEDIUM,criteria,"Internet Archive Wayback Machine is well-documented and recognisable in civic tech — pop risk MEDIUM. Score 51.2 reflects genuine constitutional fit, but some confidence comes from dossier richness. Strip out the documentation advantage and I'd estimate 8-10 points lower. The accountability framing is real though."
15,Humanitarian OpenStreetMap Team (HOT),https://www.hotosm.org,51.2,51.2,0,1.0,LOW,HIGH,criteria,"Humanitarian OpenStreetMap Team (HOT) is well-documented and recognisable in civic tech — pop risk HIGH. Score 51.2 reflects genuine constitutional fit, but some confidence comes from dossier richness. Strip out the documentation advantage and I'd estimate 8-10 points lower. The community-centring is the stronger constitutional signal here."
16,The Circuit,https://thecircuit.cc,51.2,51.2,0,0.92,LOW,NONE,criteria,"The Circuit lands in the top 20 on the strength of strong accountability framing. Target communities: Cook County residents. Score 51.2, completeness 0.92. I'd want more evidence of community design engagement."
17,Harmonica,https://harmonica.chat,51.2,51.2,0,0.83,LOW,NONE,criteria,"Harmonica lands in the top 20 on the strength of solid scores across several criteria. Target communities: teams. Score 51.2, completeness 0.83. Qualitative grounding is present."
18,GreenPT,https://greenpt.ai,51.2,51.2,0,0.75,LOW,NONE,criteria,"GreenPT lands in the top 20 on the strength of solid scores across several criteria. Target communities: governments. Score 51.2, completeness 0.75. I'd want more evidence of community design engagement."
19,sourceAFRICA,https://sourceafrica.net,50.7,42.7,8,0.83,LOW,NONE,modifier,"sourceAFRICA earns a modifier boost for contestability or community-design mechanisms visible in the dossier. Base 42.7, mod +8, final 50.7. The accountability framing is real even if specific excluded-population evidence is thinner than I'd like."
20,Alaveteli,https://alaveteli.org,50.0,50.0,0,1.0,LOW,MEDIUM,criteria,"Alaveteli is well-documented and recognisable in civic tech — pop risk MEDIUM. Score 50.0 reflects genuine constitutional fit, but some confidence comes from dossier richness. Strip out the documentation advantage and I'd estimate 8-10 points lower. The community-centring is the stronger constitutional signal here."
21,VFRAME,https://vframe.io,50.0,50.0,0,1.0,LOW,MEDIUM,criteria,"VFRAME works on advocacy tech, which overlaps partially with my accountability and community-exclusion criteria. Score 50.0: the project addresses institutional transparency in some form, but the specificity I look for — a named exclusion mechanism, a contestability pathway — isn't clearly evidenced. Target: human rights researchers. Solid mid-upper position."
22,Open Ownership,https://www.openownership.org,50.0,50.0,0,1.0,LOW,NONE,criteria,"Open Ownership works on civic data, which overlaps partially with my accountability and community-exclusion criteria. Score 50.0: the project addresses institutional transparency in some form, but the specificity I look for — a named exclusion mechanism, a contestability pathway — isn't clearly evidenced. Target: governments. Solid mid-upper position."
23,LittleSis,https://littlesis.org,50.0,50.0,0,0.92,LOW,NONE,criteria,"LittleSis works on corporate accountability, which overlaps partially with my accountability and community-exclusion criteria. Score 50.0: the project addresses institutional transparency in some form, but the specificity I look for — a named exclusion mechanism, a contestability pathway — isn't clearly evidenced. Target: researchers. Solid mid-upper position."
24,Fairbnb.coop,https://fairbnb.coop,50.0,50.0,0,0.83,LOW,NONE,criteria,"Fairbnb.coop works on civic data, which overlaps partially with my accountability and community-exclusion criteria. Score 50.0: the project addresses institutional transparency in some form, but the specificity I look for — a named exclusion mechanism, a contestability pathway — isn't clearly evidenced. Target: hosts. Solid mid-upper position."
25,Creative Commons,https://creativecommons.org,48.8,48.8,0,1.0,LOW,HIGH,criteria,"Creative Commons works on open licensing, which overlaps partially with my accountability and community-exclusion criteria. Score 48.8: the project addresses institutional transparency in some form, but the specificity I look for — a named exclusion mechanism, a contestability pathway — isn't clearly evidenced. Target: educators. Solid mid-upper position."
26,Gender Pay Gap Service,https://gender-pay-gap.service.gov.uk,48.8,48.8,0,1.0,LOW,NONE,criteria,"Gender Pay Gap Service works on gender equality, which overlaps partially with my accountability and community-exclusion criteria. Score 48.8: the project addresses institutional transparency in some form, but the specificity I look for — a named exclusion mechanism, a contestability pathway — isn't clearly evidenced. Target: employers. Solid mid-upper position."
27,Loomio,https://www.loomio.org,48.8,48.8,0,1.0,LOW,MEDIUM,criteria,"Loomio works on participatory democracy, which overlaps partially with my accountability and community-exclusion criteria. Score 48.8: the project addresses institutional transparency in some form, but the specificity I look for — a named exclusion mechanism, a contestability pathway — isn't clearly evidenced. Target: membership organizations. Solid mid-upper position."
28,Guardian Project,https://guardianproject.info,48.8,48.8,0,0.92,LOW,MEDIUM,criteria,"Guardian Project works on digital security, which overlaps partially with my accountability and community-exclusion criteria. Score 48.8: the project addresses institutional transparency in some form, but the specificity I look for — a named exclusion mechanism, a contestability pathway — isn't clearly evidenced. Target: journalists. Solid mid-upper position."
29,The Data Trusts Initiative,https://datatrusts.uk,47.6,47.6,0,1.0,LOW,NONE,criteria,"The Data Trusts Initiative works on civic data, which overlaps partially with my accountability and community-exclusion criteria. Score 47.6: the project addresses institutional transparency in some form, but the specificity I look for — a named exclusion mechanism, a contestability pathway — isn't clearly evidenced. Target: NHS patients. Solid mid-upper position."
30,Open Contracting Partnership,https://www.open-contracting.org,47.6,47.6,0,1.0,LOW,HIGH,criteria,"Open Contracting Partnership works on govtech, which overlaps partially with my accountability and community-exclusion criteria. Score 47.6: the project addresses institutional transparency in some form, but the specificity I look for — a named exclusion mechanism, a contestability pathway — isn't clearly evidenced. Target: government procurement officials. Solid mid-upper position."
31,Framework for Meaningful Engagement 2.0,https://ecnl.org/publications/framework-meaningful-engagement-20?mc_cid=b1c5158063&mc_eid=a09c64ec38,47.6,47.6,0,0.92,LOW,NONE,criteria,"Framework for Meaningful Engagement 2.0 works on AI governance, which overlaps partially with my accountability and community-exclusion criteria. Score 47.6: the project addresses institutional transparency in some form, but the specificity I look for — a named exclusion mechanism, a contestability pathway — isn't clearly evidenced. Target: Civil society organizations. Solid mid-upper position."
32,Wikidata,https://www.wikidata.org,47.6,47.6,0,0.92,LOW,MEDIUM,criteria,"Wikidata works on civic data, which overlaps partially with my accountability and community-exclusion criteria. Score 47.6: the project addresses institutional transparency in some form, but the specificity I look for — a named exclusion mechanism, a contestability pathway — isn't clearly evidenced. Target: researchers. Solid mid-upper position."
33,arXiv,https://arxiv.org,47.6,47.6,0,0.83,LOW,MEDIUM,criteria,"arXiv works on civic data, which overlaps partially with my accountability and community-exclusion criteria. Score 47.6: the project addresses institutional transparency in some form, but the specificity I look for — a named exclusion mechanism, a contestability pathway — isn't clearly evidenced. Target: researchers. Solid mid-upper position."
34,Marks Out Of Tenancy,https://www.marksoutoftenancy.com,47.6,47.6,0,0.83,LOW,NONE,criteria,"Marks Out Of Tenancy works on civic data, which overlaps partially with my accountability and community-exclusion criteria. Score 47.6: the project addresses institutional transparency in some form, but the specificity I look for — a named exclusion mechanism, a contestability pathway — isn't clearly evidenced. Target: renters. Solid mid-upper position."
35,deliberAIde,https://www.deliberaide.com,46.7,42.7,4,1.0,LOW,NONE,modifier,"deliberAIde works on participatory democracy, which overlaps partially with my accountability and community-exclusion criteria. Score 46.7: the project addresses institutional transparency in some form, but the specificity I look for — a named exclusion mechanism, a contestability pathway — isn't clearly evidenced. Target: governments. Solid mid-upper position."
36,LiquidFeedback,https://liquidfeedback.com,46.3,46.3,0,1.0,LOW,NONE,criteria,"LiquidFeedback works on liquid democracy, which overlaps partially with my accountability and community-exclusion criteria. Score 46.3: the project addresses institutional transparency in some form, but the specificity I look for — a named exclusion mechanism, a contestability pathway — isn't clearly evidenced. Target: political parties. Solid mid-upper position."
37,Open Data Editor (ODE),https://okfn.org/en/projects/open-data-editor,46.3,46.3,0,1.0,LOW,NONE,criteria,"Open Data Editor (ODE) works on civic data, which overlaps partially with my accountability and community-exclusion criteria. Score 46.3: the project addresses institutional transparency in some form, but the specificity I look for — a named exclusion mechanism, a contestability pathway — isn't clearly evidenced. Target: nonprofits. Solid mid-upper position."
38,ОПОРА (Opora),https://www.oporaua.org,46.3,46.3,0,1.0,LOW,NONE,criteria,"ОПОРА (Opora) works on participatory democracy, which overlaps partially with my accountability and community-exclusion criteria. Score 46.3: the project addresses institutional transparency in some form, but the specificity I look for — a named exclusion mechanism, a contestability pathway — isn't clearly evidenced. Target: citizens. Solid mid-upper position."
39,Awesome UK Government Datasets,https://github.com/i-dot-ai/awesome-gov-datasets,46.3,46.3,0,0.92,LOW,NONE,criteria,"Awesome UK Government Datasets works on open data, which overlaps partially with my accountability and community-exclusion criteria. Score 46.3: the project addresses institutional transparency in some form, but the specificity I look for — a named exclusion mechanism, a contestability pathway — isn't clearly evidenced. Target: data scientists. Solid mid-upper position."
40,Theft Bisect,https://onodi.co/bisect,46.3,46.3,0,0.92,LOW,NONE,criteria,"Theft Bisect works on advocacy tech, which overlaps partially with my accountability and community-exclusion criteria. Score 46.3: the project addresses institutional transparency in some form, but the specificity I look for — a named exclusion mechanism, a contestability pathway — isn't clearly evidenced. Target: law enforcement. Solid mid-upper position."
41,Nook CRM,https://nookcrm.com,46.3,46.3,0,0.83,LOW,NONE,criteria,"Nook CRM works on civic data, which overlaps partially with my accountability and community-exclusion criteria. Score 46.3: the project addresses institutional transparency in some form, but the specificity I look for — a named exclusion mechanism, a contestability pathway — isn't clearly evidenced. Target: community energy organizations. Solid mid-upper position."
42,UK Housing Data Standards,https://hact.org.uk/tools-and-services/uk-housing-data-standards,45.1,45.1,0,1.0,LOW,NONE,criteria,"UK Housing Data Standards works on housing, which overlaps partially with my accountability and community-exclusion criteria. Score 45.1: the project addresses institutional transparency in some form, but the specificity I look for — a named exclusion mechanism, a contestability pathway — isn't clearly evidenced. Target: social housing providers. Solid mid-upper position."
43,OpenProcurement,https://openprocurement.io,45.1,45.1,0,1.0,LOW,NONE,criteria,"OpenProcurement works on public procurement, which overlaps partially with my accountability and community-exclusion criteria. Score 45.1: the project addresses institutional transparency in some form, but the specificity I look for — a named exclusion mechanism, a contestability pathway — isn't clearly evidenced. Target: government procurement agencies. Solid mid-upper position."
44,WhatDoTheyKnow,https://www.whatdotheyknow.com,45.1,45.1,0,1.0,LOW,HIGH,criteria,"WhatDoTheyKnow works on govtech, which overlaps partially with my accountability and community-exclusion criteria. Score 45.1: the project addresses institutional transparency in some form, but the specificity I look for — a named exclusion mechanism, a contestability pathway — isn't clearly evidenced. Target: journalists. Solid mid-upper position."
45,Landlord Tech Watch,https://antievictionmappingproject.github.io/landlordtech,45.1,45.1,0,0.83,LOW,NONE,criteria,"Landlord Tech Watch works on advocacy tech, which overlaps partially with my accountability and community-exclusion criteria. Score 45.1: the project addresses institutional transparency in some form, but the specificity I look for — a named exclusion mechanism, a contestability pathway — isn't clearly evidenced. Target: tenants. Solid mid-upper position."
46,Parliament Watch Uganda,https://parliamentwatch.ug,45.1,45.1,0,0.75,LOW,NONE,criteria,"Parliament Watch Uganda works on participatory democracy, which overlaps partially with my accountability and community-exclusion criteria. Score 45.1: the project addresses institutional transparency in some form, but the specificity I look for — a named exclusion mechanism, a contestability pathway — isn't clearly evidenced. Target: citizens. Solid mid-upper position."
47,CrowdJustice,https://www.crowdjustice.com,45,50.0,8,0.72,LOW,NONE,procedural,"CrowdJustice's homepage is dead or inaccessible, capping my score at 45 regardless of what the dossier says. The dossier suggests something was happening here, but I can't confirm current activity."
48,Give Food,https://www.givefood.org.uk,45,48.8,5,0.72,LOW,NONE,procedural,"Give Food's homepage is dead or inaccessible, capping my score at 45 regardless of what the dossier says. The dossier suggests something was happening here, but I can't confirm current activity."
49,Cobudget,https://cobudget.com,43.9,43.9,0,1.0,LOW,NONE,criteria,"Cobudget works on participatory democracy, which overlaps partially with my accountability and community-exclusion criteria. Score 43.9: the project addresses institutional transparency in some form, but the specificity I look for — a named exclusion mechanism, a contestability pathway — isn't clearly evidenced. Target: networked organizations. Solid mid-upper position."
50,CommunityRule,https://communityrule.info,43.9,43.9,0,1.0,LOW,MEDIUM,criteria,"CommunityRule works on participatory democracy, which overlaps partially with my accountability and community-exclusion criteria. Score 43.9: the project addresses institutional transparency in some form, but the specificity I look for — a named exclusion mechanism, a contestability pathway — isn't clearly evidenced. Target: community organizers. Solid mid-upper position."
51,Contracts for Data Collaboration,https://contractsfordatacollaboration.org,43.9,43.9,0,1.0,LOW,NONE,criteria,"I'm placing Contracts for Data Collaboration at rank 51 with a score of 43.9. There's genuine relevance here — Strengthening trust, transparency, and accountability in cross-sector data colla. But broader beneficiary framing than my Criterion 2 prefers and adequate but not strong accountability framing keeps it in the middle tier."
52,vTaiwan,https://github.com/g0v/vue.vtaiwan.tw,43.9,43.9,0,1.0,LOW,NONE,criteria,I'm placing vTaiwan at rank 52 with a score of 43.9. There's genuine relevance here — Taiwan's open digital democracy platform for collaborative online public consult. But broader beneficiary framing than my Criterion 2 prefers and absent accountability framing keeps it in the middle tier.
53,OA.Works,https://oa.works,43.9,43.9,0,1.0,LOW,NONE,criteria,I'm placing OA.Works at rank 53 with a score of 43.9. There's genuine relevance here — Powerfully simple open access tools for a just and kind information age. But broader beneficiary framing than my Criterion 2 prefers and absent accountability framing keeps it in the middle tier.
54,Open Council Network,https://opencouncil.network,43.9,43.9,0,1.0,LOW,NONE,criteria,I'm placing Open Council Network at rank 54 with a score of 43.9. There's genuine relevance here — Makes local government decision-making accessible to everyone through council me. But broader beneficiary framing than my Criterion 2 prefers and absent accountability framing keeps it in the middle tier.
55,Parti,https://parti.xyz,43.9,43.9,0,1.0,LOW,NONE,criteria,"I'm placing Parti at rank 55 with a score of 43.9. There's genuine relevance here — 함께 만드는 워킹그룹, 빠띠 카누 (Together Making Working Groups, Parti Canu) - A platform for. But broader beneficiary framing than my Criterion 2 prefers and absent accountability framing keeps it in the middle tier."
56,Privacy Badger,https://privacybadger.org,43.9,43.9,0,0.92,LOW,MEDIUM,criteria,I'm placing Privacy Badger at rank 56 with a score of 43.9. There's genuine relevance here — A free browser extension made by EFF to stop companies from spying on you online. But broader beneficiary framing than my Criterion 2 prefers and adequate but not strong accountability framing keeps it in the middle tier.
57,CAN/DGSI 127 - Age Assurance Technologies Standard,https://dgc-cgn.org/product/can-dgsi-127,43.9,43.9,0,0.83,LOW,NONE,criteria,I'm placing CAN/DGSI 127 - Age Assurance Technologies Standard at rank 57 with a score of 43.9. There's genuine relevance here — Standard specifying minimum requirements for age assurance technologies and meth. But broader beneficiary framing than my Criterion 2 prefers and adequate but not strong accountability framing keeps it in the middle tier.
58,Nyaaya,https://nyaaya.org,43.9,43.9,0,0.83,LOW,MEDIUM,criteria,I'm placing Nyaaya at rank 58 with a score of 43.9. There's genuine relevance here — India's Laws Explained — open access legal information for every Indian citizen. But broader beneficiary framing than my Criterion 2 prefers and absent accountability framing keeps it in the middle tier.
59,Matrix,https://matrix.org,42.7,42.7,0,1.0,LOW,MEDIUM,criteria,"I'm placing Matrix at rank 59 with a score of 42.7. There's genuine relevance here — An open standard and network for secure, decentralised, interoperable communicat. But broader beneficiary framing than my Criterion 2 prefers and absent accountability framing keeps it in the middle tier."
60,Mastodon C,https://www.mastodonc.com,42.7,42.7,0,1.0,LOW,HIGH,criteria,"I'm placing Mastodon C at rank 60 with a score of 42.7. There's genuine relevance here — Data science and technology consultancy focused on open data, analytics, and civ. But broader beneficiary framing than my Criterion 2 prefers and absent accountability framing keeps it in the middle tier."
61,OpenSanctions,https://www.opensanctions.org,42.7,42.7,0,1.0,LOW,MEDIUM,criteria,I'm placing OpenSanctions at rank 61 with a score of 42.7. There's genuine relevance here — Supreme Data on Supreme Leaders - open source sanctions and politically exposed . But broader beneficiary framing than my Criterion 2 prefers and absent accountability framing keeps it in the middle tier.
62,Tracka,https://yourtracka.org,42.7,42.7,0,1.0,LOW,NONE,criteria,I'm placing Tracka at rank 62 with a score of 42.7. There's genuine relevance here — Monitor the status of federal and state projects in your community and take acti. But broader beneficiary framing than my Criterion 2 prefers and absent accountability framing keeps it in the middle tier.
63,OA.Report,https://oa.report,42.7,42.7,0,0.92,LOW,NONE,criteria,I'm placing OA.Report at rank 63 with a score of 42.7. There's genuine relevance here — Track Open Access policy compliance and research openness across funded publicat. But broader beneficiary framing than my Criterion 2 prefers and adequate but not strong accountability framing keeps it in the middle tier.
64,Open Science Framework,https://osf.io,42.7,42.7,0,0.92,LOW,MEDIUM,criteria,"I'm placing Open Science Framework at rank 64 with a score of 42.7. There's genuine relevance here — A free, open platform for researchers to collaborate and share their work. But broader beneficiary framing than my Criterion 2 prefers and absent accountability framing keeps it in the middle tier."
65,Yoti,https://www.yoti.com,42.7,42.7,0,0.92,LOW,NONE,criteria,I'm placing Yoti at rank 65 with a score of 42.7. There's genuine relevance here — Building the world's trusted identity platform. But broader beneficiary framing than my Criterion 2 prefers and absent accountability framing keeps it in the middle tier.
66,Bonfire,https://bonfirenetworks.org,42.7,42.7,0,0.83,LOW,MEDIUM,criteria,"I'm placing Bonfire at rank 66 with a score of 42.7. There's genuine relevance here — A federated social network for individuals and communities to design, operate an. But broader beneficiary framing than my Criterion 2 prefers and absent accountability framing keeps it in the middle tier."
67,Civic Tech Field Guide,https://civictech.guide,42.7,42.7,0,0.83,LOW,NONE,criteria,I'm placing Civic Tech Field Guide at rank 67 with a score of 42.7. There's genuine relevance here — The world's largest collection of projects using tech for the common good. But broader beneficiary framing than my Criterion 2 prefers and absent accountability framing keeps it in the middle tier.
68,Aragon,https://aragon.org,42.7,42.7,0,0.75,LOW,NONE,criteria,I'm placing Aragon at rank 68 with a score of 42.7. There's genuine relevance here — The Home of Onchain Organizations – governance and ownership infrastructure for . But broader beneficiary framing than my Criterion 2 prefers and adequate but not strong accountability framing keeps it in the middle tier.
69,RightDD,https://www.rightsdd.com,42.7,42.7,0,0.75,LOW,NONE,criteria,I'm placing RightDD at rank 69 with a score of 42.7. There's genuine relevance here — Human rights risk management technology for ESG due diligence and supply chain c. But broader beneficiary framing than my Criterion 2 prefers and absent accountability framing keeps it in the middle tier.
70,CivicMatch,https://civicmatch.app,42.7,42.7,0,0.67,MEDIUM,NONE,criteria,I'm placing CivicMatch at rank 70 with a score of 42.7. There's genuine relevance here — Connect citizens with civic opportunities and elected representatives. But broader beneficiary framing than my Criterion 2 prefers and adequate but not strong accountability framing keeps it in the middle tier.
71,Go Vocal,https://www.govocal.com,41.8,37.8,4,0.83,LOW,NONE,modifier,I'm placing Go Vocal at rank 71 with a score of 41.8. There's genuine relevance here — Online community engagement platform for governments. But broader beneficiary framing than my Criterion 2 prefers and absent accountability framing keeps it in the middle tier.
72,Diia,https://expo.diia.gov.ua,41.5,41.5,0,1.0,LOW,MEDIUM,criteria,"I'm placing Diia at rank 72 with a score of 41.5. There's genuine relevance here — Ukraine's digital government ecosystem: mobile app, portal, and digital transfor. But broader beneficiary framing than my Criterion 2 prefers and absent accountability framing keeps it in the middle tier."
73,Data Observation Toolkit (DOT),https://github.com/datakind/data-observation-toolkit,41.5,41.5,0,1.0,LOW,NONE,criteria,I'm placing Data Observation Toolkit (DOT) at rank 73 with a score of 41.5. There's genuine relevance here — Open-source toolkit to monitor data integrity and flag problems in public health. But broader beneficiary framing than my Criterion 2 prefers and absent accountability framing keeps it in the middle tier.
74,MapIt,https://mapit.mysociety.org,41.5,41.5,0,1.0,LOW,HIGH,criteria,I'm placing MapIt at rank 74 with a score of 41.5. There's genuine relevance here — Match postcodes and geographical points to administrative areas. But broader beneficiary framing than my Criterion 2 prefers and absent accountability framing keeps it in the middle tier.
75,The Government Says,https://thegovernmentsays.com,41.5,41.5,0,1.0,LOW,NONE,criteria,I'm placing The Government Says at rank 75 with a score of 41.5. There's genuine relevance here — Real-time aggregation and monitoring of UK government press releases and stateme. But broader beneficiary framing than my Criterion 2 prefers and absent accountability framing keeps it in the middle tier.
76,GlobaLeaks,https://www.globaleaks.org,41.5,41.5,0,1.0,LOW,MEDIUM,criteria,I'm placing GlobaLeaks at rank 76 with a score of 41.5. There's genuine relevance here — Free and open-source whistleblowing software enabling secure anonymous reporting. But broader beneficiary framing than my Criterion 2 prefers and absent accountability framing keeps it in the middle tier.
77,Ushahidi,https://www.ushahidi.com,41.5,41.5,0,1.0,LOW,HIGH,criteria,I'm placing Ushahidi at rank 77 with a score of 41.5. There's genuine relevance here — Crowdsourcing Solutions to Empower Communities. But broader beneficiary framing than my Criterion 2 prefers and absent accountability framing keeps it in the middle tier.
78,SecureDrop,https://securedrop.org,41.5,41.5,0,0.92,LOW,MEDIUM,criteria,I'm placing SecureDrop at rank 78 with a score of 41.5. There's genuine relevance here — Open source whistleblower submission system for secure anonymous document sharin. But broader beneficiary framing than my Criterion 2 prefers and absent accountability framing keeps it in the middle tier.
79,Organise,https://www.organise.org.uk,41.5,41.5,0,0.92,LOW,NONE,criteria,I'm placing Organise at rank 79 with a score of 41.5. There's genuine relevance here — Get heard at work – a workers' network for collective action on employment issue. But broader beneficiary framing than my Criterion 2 prefers and absent accountability framing keeps it in the middle tier.
80,Neighbourhood Warmth,https://www.mysociety.org/climate/neighbourhood-warmth,41.5,41.5,0,0.83,LOW,HIGH,criteria,I'm placing Neighbourhood Warmth at rank 80 with a score of 41.5. There's genuine relevance here — A free online platform helping people form teams around shared home energy chall. But broader beneficiary framing than my Criterion 2 prefers and absent accountability framing keeps it in the middle tier.
81,Activist Handbook,https://activisthandbook.org,41.5,41.5,0,0.75,LOW,NONE,criteria,I'm placing Activist Handbook at rank 81 with a score of 41.5. There's genuine relevance here — Campaigning guides for activists. But broader beneficiary framing than my Criterion 2 prefers and absent accountability framing keeps it in the middle tier.
82,River Sentiment Dashboard,https://riversentiment.app,41.5,41.5,0,0.75,LOW,NONE,criteria,I'm placing River Sentiment Dashboard at rank 82 with a score of 41.5. There's genuine relevance here — Displays social media sentiment about rivers alongside ecological status data fo. But broader beneficiary framing than my Criterion 2 prefers and absent accountability framing keeps it in the middle tier.
83,Unpaywall Browser Extension,https://unpaywall.org/products/extension,41.5,41.5,0,0.67,MEDIUM,NONE,criteria,"I'm placing Unpaywall Browser Extension at rank 83 with a score of 41.5. There's genuine relevance here — Browser extension to find legal, open access versions of academic papers. But broader beneficiary framing than my Criterion 2 prefers and absent accountability framing keeps it in the middle tier."
84,ShineYourEye,https://www.shineyoureye.org,41.5,41.5,0,0.67,MEDIUM,NONE,criteria,I'm placing ShineYourEye at rank 84 with a score of 41.5. There's genuine relevance here — Making Nigerian politicians accountable through citizen engagement and legislati. But broader beneficiary framing than my Criterion 2 prefers and adequate but not strong accountability framing keeps it in the middle tier.
85,Papertree,https://www.papertree.earth,41.5,41.5,0,0.58,MEDIUM,NONE,criteria,I'm placing Papertree at rank 85 with a score of 41.5. There's genuine relevance here — Interactive tree planting data platform for transparent climate action accountab. But broader beneficiary framing than my Criterion 2 prefers and adequate but not strong accountability framing keeps it in the middle tier.
86,Constitute Project,https://constituteproject.org,40.2,40.2,0,1.0,LOW,NONE,criteria,I'm placing Constitute Project at rank 86 with a score of 40.2. There's genuine relevance here — A comprehensive analysis of the world's constitutions to support constitutional . But broader beneficiary framing than my Criterion 2 prefers and absent accountability framing keeps it in the middle tier.
87,Decidim,https://decidim.org,40.2,40.2,0,1.0,LOW,HIGH,criteria,"I'm placing Decidim at rank 87 with a score of 40.2. There's genuine relevance here — A free/libre, open and safe digital platform for citizen participation. Reprogra. But broader beneficiary framing than my Criterion 2 prefers and absent accountability framing keeps it in the middle tier."
88,Full Fact AI,https://fullfact.org/ai,40.2,40.2,0,1.0,LOW,NONE,criteria,"I'm placing Full Fact AI at rank 88 with a score of 40.2. There's genuine relevance here — Scalable, robust software designed for fact checkers to identify the most import. But broader beneficiary framing than my Criterion 2 prefers and absent accountability framing keeps it in the middle tier."
89,PolicyEngine,https://policyengine.org/uk,40.2,40.2,0,1.0,LOW,MEDIUM,criteria,I'm placing PolicyEngine at rank 89 with a score of 40.2. There's genuine relevance here — Open-source policy analysis and simulation platform for tax and benefit systems. But broader beneficiary framing than my Criterion 2 prefers and absent accountability framing keeps it in the middle tier.
90,OpenCRVS,https://www.opencrvs.org,40.2,40.2,0,1.0,LOW,HIGH,criteria,I'm placing OpenCRVS at rank 90 with a score of 40.2. There's genuine relevance here — Open source digital civil registration and vital statistics system for every per. But broader beneficiary framing than my Criterion 2 prefers and absent accountability framing keeps it in the middle tier.
91,GOV.UK One Login,https://www.sign-in.service.gov.uk,40.2,40.2,0,1.0,LOW,NONE,criteria,I'm placing GOV.UK One Login at rank 91 with a score of 40.2. There's genuine relevance here — Centralized digital identity and authentication platform for UK government servi. But broader beneficiary framing than my Criterion 2 prefers and absent accountability framing keeps it in the middle tier.
92,Aleph (OCCRP),https://aleph.occrp.org,40.2,40.2,0,0.92,LOW,MEDIUM,criteria,I'm placing Aleph (OCCRP) at rank 92 with a score of 40.2. There's genuine relevance here — The global archive of research material for investigative reporting. Follow the . But broader beneficiary framing than my Criterion 2 prefers and absent accountability framing keeps it in the middle tier.
93,Open Letter,https://openletter.earth,40.2,40.2,0,0.92,LOW,NONE,criteria,I'm placing Open Letter at rank 93 with a score of 40.2. There's genuine relevance here — Platform for creating and signing open letters to effect civic and political cha. But broader beneficiary framing than my Criterion 2 prefers and absent accountability framing keeps it in the middle tier.
94,Public AI Inference Utility,https://publicai.co,40.2,40.2,0,0.92,LOW,NONE,criteria,I'm placing Public AI Inference Utility at rank 94 with a score of 40.2. There's genuine relevance here — A public access point for public and sovereign AI models. But broader beneficiary framing than my Criterion 2 prefers and absent accountability framing keeps it in the middle tier.
95,Worker Info Exchange,https://www.workerinfoexchange.org,40.2,40.2,0,0.92,LOW,NONE,criteria,"I'm placing Worker Info Exchange at rank 95 with a score of 40.2. There's genuine relevance here — Platform connecting workers with information about labor rights, workplace condi. But broader beneficiary framing than my Criterion 2 prefers and absent accountability framing keeps it in the middle tier."
96,Turn2us Benefits Calculator,https://benefits-calculator.turn2us.org.uk,40.2,40.2,0,0.83,LOW,NONE,criteria,I'm placing Turn2us Benefits Calculator at rank 96 with a score of 40.2. There's genuine relevance here — Online tool to help people identify welfare benefits they may be entitled to. But broader beneficiary framing than my Criterion 2 prefers and absent accountability framing keeps it in the middle tier.
97,Modular Politics,https://arxiv.org/abs/2005.13701,40.2,40.2,0,0.75,LOW,NONE,criteria,"I'm placing Modular Politics at rank 97 with a score of 40.2. There's genuine relevance here — A governance layer framework for building composable, modular online community g. But broader beneficiary framing than my Criterion 2 prefers and absent accountability framing keeps it in the middle tier."
98,rsky,https://github.com/blacksky-algorithms/rsky,40.2,40.2,0,0.75,LOW,NONE,criteria,"I'm placing rsky at rank 98 with a score of 40.2. There's genuine relevance here — An AT Protocol implementation prioritizing community safety and self-governance,. But broader beneficiary framing than my Criterion 2 prefers and absent accountability framing keeps it in the middle tier."
99,OpenElections Leaflet Scraper and Parser,https://github.com/thicknavyrain/uk_elections_leaflets,40.2,40.2,0,0.75,LOW,NONE,criteria,I'm placing OpenElections Leaflet Scraper and Parser at rank 99 with a score of 40.2. There's genuine relevance here — A CampaignLab 2024 Hackathon project to scrape and process UK election campaign . But broader beneficiary framing than my Criterion 2 prefers and adequate but not strong accountability framing keeps it in the middle tier.
100,Granitt,https://granitt.io,40.2,40.2,0,0.75,LOW,NONE,criteria,I'm placing Granitt at rank 100 with a score of 40.2. There's genuine relevance here — Government transparency and civic engagement platform. But broader beneficiary framing than my Criterion 2 prefers and absent accountability framing keeps it in the middle tier.
101,Interoperable Deliberative Tools,https://metagov.org/projects/interop,40.2,40.2,0,0.75,LOW,NONE,criteria,Interoperable Deliberative Tools sits in the lower-middle tier at 40.2. My high-weight criteria — algorithmic accountability and specific excluded-population centring — find partial matches in the dossier. Addresses participatory democracy which is adjacent to my concerns. Constitution mismatch more than quality verdict.
102,Entitledto,https://entitledto.co.uk,40.2,40.2,0,0.72,LOW,NONE,criteria,"Entitledto's homepage is dead or inaccessible, capping my score at 45 regardless of what the dossier says. The dossier suggests something was happening here, but I can't confirm current activity."
103,Talk to the City,https://talktothecity.org,39.4,35.4,4,1.0,LOW,NONE,modifier,Talk to the City sits in the lower-middle tier at 39.4. My high-weight criteria — algorithmic accountability and specific excluded-population centring — find partial matches in the dossier. Addresses participatory democracy which is adjacent to my concerns. Constitution mismatch more than quality verdict.
104,Monitor Mamdani,https://monitormamdani.com,39.3,46.3,-7,0.75,LOW,NONE,modifier,Monitor Mamdani sits in the lower-middle tier at 39.3. My high-weight criteria — algorithmic accountability and specific excluded-population centring — find partial matches in the dossier. Addresses participatory democracy which is adjacent to my concerns. Constitution mismatch more than quality verdict.
105,Mapping.kids,https://mapping.kids,39.1,34.1,5,0.42,MEDIUM,NONE,modifier,"Mapping.kids sits in the lower-middle tier at 39.1. My high-weight criteria — algorithmic accountability and specific excluded-population centring — find partial matches in the dossier. Addresses Education, Civic Engagement, Digital Literacy which is adjacent to my concerns. Constitution mismatch more than quality verdict."
106,adhocracy+,https://adhocracy.plus,39.0,39.0,0,1.0,LOW,NONE,criteria,adhocracy+ sits in the lower-middle tier at 39.0. My high-weight criteria — algorithmic accountability and specific excluded-population centring — find partial matches in the dossier. Addresses participatory democracy which is adjacent to my concerns. Constitution mismatch more than quality verdict.
107,Tactical Data Engagement,https://communities.sunlightfoundation.com/methodology,39.0,39.0,0,1.0,LOW,NONE,criteria,Tactical Data Engagement sits in the lower-middle tier at 39.0. My high-weight criteria — algorithmic accountability and specific excluded-population centring — find partial matches in the dossier. Addresses participatory democracy which is adjacent to my concerns. Constitution mismatch more than quality verdict.
108,CONSUL Democracy,https://consulproject.org,39.0,39.0,0,1.0,LOW,MEDIUM,criteria,CONSUL Democracy sits in the lower-middle tier at 39.0. My high-weight criteria — algorithmic accountability and specific excluded-population centring — find partial matches in the dossier. Addresses participatory democracy which is adjacent to my concerns. Constitution mismatch more than quality verdict.
109,Ethelo,https://ethelo.com,39.0,39.0,0,1.0,LOW,NONE,criteria,Ethelo sits in the lower-middle tier at 39.0. My high-weight criteria — algorithmic accountability and specific excluded-population centring — find partial matches in the dossier. Addresses participatory democracy which is adjacent to my concerns. Constitution mismatch more than quality verdict.
110,OpenBudgets.eu,https://openbudgets.eu,39.0,39.0,0,1.0,LOW,NONE,criteria,OpenBudgets.eu sits in the lower-middle tier at 39.0. My high-weight criteria — algorithmic accountability and specific excluded-population centring — find partial matches in the dossier. Addresses civic data which is adjacent to my concerns. Constitution mismatch more than quality verdict.
111,Participa (Podemos),https://github.com/podemos-info/participa,39.0,39.0,0,0.92,LOW,NONE,criteria,Participa (Podemos) sits in the lower-middle tier at 39.0. My high-weight criteria — algorithmic accountability and specific excluded-population centring — find partial matches in the dossier. Addresses participatory democracy which is adjacent to my concerns. Constitution mismatch more than quality verdict.
112,Bellingcat Online Investigation Toolkit,https://bellingcat.gitbook.io/toolkit,39.0,39.0,0,0.83,LOW,NONE,criteria,Bellingcat Online Investigation Toolkit sits in the lower-middle tier at 39.0. My high-weight criteria — algorithmic accountability and specific excluded-population centring — find partial matches in the dossier. Addresses media journalism which is adjacent to my concerns. Constitution mismatch more than quality verdict.
113,Global Fact-Check Bot (GFC),https://globalfactcheck.bot,39.0,39.0,0,0.83,LOW,NONE,criteria,Global Fact-Check Bot (GFC) sits in the lower-middle tier at 39.0. My high-weight criteria — algorithmic accountability and specific excluded-population centring — find partial matches in the dossier. Addresses misinformation which is adjacent to my concerns. Constitution mismatch more than quality verdict.
114,User Research Library,https://research.localgov.digital,39.0,39.0,0,0.83,LOW,NONE,criteria,User Research Library sits in the lower-middle tier at 39.0. My high-weight criteria — algorithmic accountability and specific excluded-population centring — find partial matches in the dossier. Addresses govtech which is adjacent to my concerns. Constitution mismatch more than quality verdict.
115,oTree,https://www.otree.org,39.0,39.0,0,0.83,LOW,MEDIUM,criteria,oTree sits in the lower-middle tier at 39.0. My high-weight criteria — algorithmic accountability and specific excluded-population centring — find partial matches in the dossier. Addresses research infrastructure which is adjacent to my concerns. Constitution mismatch more than quality verdict.
116,AISafety.info,https://aisafety.info,39.0,39.0,0,0.75,LOW,NONE,criteria,AISafety.info sits in the lower-middle tier at 39.0. My high-weight criteria — algorithmic accountability and specific excluded-population centring — find partial matches in the dossier. Addresses emerging tech which is adjacent to my concerns. Constitution mismatch more than quality verdict.
117,Whoisology,https://whoisology.com,39.0,39.0,0,0.75,LOW,NONE,criteria,Whoisology sits in the lower-middle tier at 39.0. My high-weight criteria — algorithmic accountability and specific excluded-population centring — find partial matches in the dossier. Addresses civic data which is adjacent to my concerns. Constitution mismatch more than quality verdict.
118,Martus,https://www.martus.org,39.0,39.0,0,0.75,LOW,NONE,criteria,Martus sits in the lower-middle tier at 39.0. My high-weight criteria — algorithmic accountability and specific excluded-population centring — find partial matches in the dossier. Addresses advocacy tech which is adjacent to my concerns. Constitution mismatch more than quality verdict.
119,meet.coop,https://www.meet.coop,39.0,39.0,0,0.75,LOW,NONE,criteria,meet.coop sits in the lower-middle tier at 39.0. My high-weight criteria — algorithmic accountability and specific excluded-population centring — find partial matches in the dossier. Addresses participatory democracy which is adjacent to my concerns. Constitution mismatch more than quality verdict.
120,PlanIT,https://planit.org.uk,39.0,39.0,0,0.72,LOW,NONE,criteria,"PlanIT's homepage is dead or inaccessible, capping my score at 45 regardless of what the dossier says. The dossier suggests something was happening here, but I can't confirm current activity."
121,Citizen OS,https://citizenos.com/platform,37.8,37.8,0,1.0,LOW,NONE,criteria,Citizen OS sits in the lower-middle tier at 37.8. My high-weight criteria — algorithmic accountability and specific excluded-population centring — find partial matches in the dossier. Addresses participatory democracy which is adjacent to my concerns. Constitution mismatch more than quality verdict.
122,Fundación Ciudadanía Inteligente,https://ciudadaniai.org,37.8,37.8,0,1.0,LOW,NONE,criteria,Fundación Ciudadanía Inteligente sits in the lower-middle tier at 37.8. My high-weight criteria — algorithmic accountability and specific excluded-population centring — find partial matches in the dossier. Addresses participatory democracy which is adjacent to my concerns. Constitution mismatch more than quality verdict.
123,CiviCRM,https://civicrm.org,37.8,37.8,0,1.0,LOW,MEDIUM,criteria,CiviCRM sits in the lower-middle tier at 37.8. My high-weight criteria — algorithmic accountability and specific excluded-population centring — find partial matches in the dossier. Addresses advocacy tech which is adjacent to my concerns. Constitution mismatch more than quality verdict.
124,Mastodon,https://github.com/mastodon/mastodon,37.8,37.8,0,1.0,LOW,HIGH,criteria,Mastodon sits in the lower-middle tier at 37.8. My high-weight criteria — algorithmic accountability and specific excluded-population centring — find partial matches in the dossier. Addresses digital public infrastructure which is adjacent to my concerns. Constitution mismatch more than quality verdict.
125,Land Explorer,https://landexplorer.coop,37.8,37.8,0,1.0,LOW,NONE,criteria,Land Explorer sits in the lower-middle tier at 37.8. My high-weight criteria — algorithmic accountability and specific excluded-population centring — find partial matches in the dossier. Addresses civic data which is adjacent to my concerns. Constitution mismatch more than quality verdict.
126,Your Priorities,https://yrpri.org,37.8,37.8,0,1.0,LOW,NONE,criteria,Your Priorities sits in the lower-middle tier at 37.8. My high-weight criteria — algorithmic accountability and specific excluded-population centring — find partial matches in the dossier. Addresses participatory democracy which is adjacent to my concerns. Constitution mismatch more than quality verdict.
127,Open Data Communities,https://opendatacommunities.org,37.8,37.8,0,0.92,LOW,NONE,criteria,Open Data Communities sits in the lower-middle tier at 37.8. My high-weight criteria — algorithmic accountability and specific excluded-population centring — find partial matches in the dossier. Addresses civic data which is adjacent to my concerns. Constitution mismatch more than quality verdict.
128,Security First / Umbrella,https://secfirst.org,37.8,37.8,0,0.92,LOW,NONE,criteria,Security First / Umbrella sits in the lower-middle tier at 37.8. My high-weight criteria — algorithmic accountability and specific excluded-population centring — find partial matches in the dossier. Addresses digital security which is adjacent to my concerns. Constitution mismatch more than quality verdict.
129,UrbanistAI,https://site.urbanistai.com,37.8,37.8,0,0.92,LOW,NONE,criteria,UrbanistAI sits in the lower-middle tier at 37.8. My high-weight criteria — algorithmic accountability and specific excluded-population centring — find partial matches in the dossier. Addresses participatory democracy which is adjacent to my concerns. Constitution mismatch more than quality verdict.
130,Community Tech,https://www.communitytech.network,37.8,37.8,0,0.92,LOW,NONE,criteria,Community Tech sits in the lower-middle tier at 37.8. My high-weight criteria — algorithmic accountability and specific excluded-population centring — find partial matches in the dossier. Addresses participatory democracy which is adjacent to my concerns. Constitution mismatch more than quality verdict.
131,Prolific,https://www.prolific.com,37.8,37.8,0,0.92,LOW,NONE,criteria,Prolific sits in the lower-middle tier at 37.8. My high-weight criteria — algorithmic accountability and specific excluded-population centring — find partial matches in the dossier. Addresses emerging tech which is adjacent to my concerns. Constitution mismatch more than quality verdict.
132,FixMyBlock,https://fixmyblock.org,37.8,37.8,0,0.83,LOW,NONE,criteria,FixMyBlock sits in the lower-middle tier at 37.8. My high-weight criteria — algorithmic accountability and specific excluded-population centring — find partial matches in the dossier. Addresses housing rights which is adjacent to my concerns. Constitution mismatch more than quality verdict.
133,Libertrium,https://liberopinion.com,37.8,37.8,0,0.83,LOW,NONE,criteria,Libertrium sits in the lower-middle tier at 37.8. My high-weight criteria — algorithmic accountability and specific excluded-population centring — find partial matches in the dossier. Addresses participatory democracy which is adjacent to my concerns. Constitution mismatch more than quality verdict.
134,Open Council Data UK,https://opencouncildata.co.uk,37.8,37.8,0,0.83,LOW,NONE,criteria,Open Council Data UK sits in the lower-middle tier at 37.8. My high-weight criteria — algorithmic accountability and specific excluded-population centring — find partial matches in the dossier. Addresses civic data which is adjacent to my concerns. Constitution mismatch more than quality verdict.
135,Open Heart Mind (OHM),https://openheartmind.org,37.8,37.8,0,0.83,LOW,NONE,criteria,Open Heart Mind (OHM) sits in the lower-middle tier at 37.8. My high-weight criteria — algorithmic accountability and specific excluded-population centring — find partial matches in the dossier. Addresses participatory governance which is adjacent to my concerns. Constitution mismatch more than quality verdict.
136,WhatGov,https://www.whatgov.co.uk,37.8,37.8,0,0.83,LOW,NONE,criteria,WhatGov sits in the lower-middle tier at 37.8. My high-weight criteria — algorithmic accountability and specific excluded-population centring — find partial matches in the dossier. Addresses participatory democracy which is adjacent to my concerns. Constitution mismatch more than quality verdict.
137,EDGAR,https://github.com/bellingcat/edgar,37.8,37.8,0,0.75,LOW,NONE,criteria,EDGAR sits in the lower-middle tier at 37.8. My high-weight criteria — algorithmic accountability and specific excluded-population centring — find partial matches in the dossier. Addresses government transparency which is adjacent to my concerns. Constitution mismatch more than quality verdict.
138,The DAO (Standard DAO Framework),https://github.com/vbuterin/dao,37.8,37.8,0,0.75,LOW,NONE,criteria,The DAO (Standard DAO Framework) sits in the lower-middle tier at 37.8. My high-weight criteria — algorithmic accountability and specific excluded-population centring — find partial matches in the dossier. Addresses emerging tech which is adjacent to my concerns. Constitution mismatch more than quality verdict.
139,The Accountability Project,https://publicaccountability.org,37.8,37.8,0,0.75,LOW,NONE,criteria,The Accountability Project sits in the lower-middle tier at 37.8. My high-weight criteria — algorithmic accountability and specific excluded-population centring — find partial matches in the dossier. Addresses civic data which is adjacent to my concerns. Constitution mismatch more than quality verdict.
140,Parallel Parliament,https://www.parallelparliament.co.uk,37.8,37.8,0,0.75,LOW,NONE,criteria,Parallel Parliament sits in the lower-middle tier at 37.8. My high-weight criteria — algorithmic accountability and specific excluded-population centring — find partial matches in the dossier. Addresses participatory democracy which is adjacent to my concerns. Constitution mismatch more than quality verdict.
141,Open Access – Transparency International UK,https://openaccess.transparency.org.uk,37.8,37.8,0,0.72,LOW,NONE,criteria,"Open Access – Transparency International UK's homepage is dead or inaccessible, capping my score at 45 regardless of what the dossier says. The dossier suggests something was happening here, but I can't confirm current activity."
142,PolicyKit,https://policykit.org,37.8,37.8,0,0.6299999999999999,MEDIUM,NONE,criteria,"PolicyKit's homepage is dead or inaccessible, capping my score at 45 regardless of what the dossier says. The dossier suggests something was happening here, but I can't confirm current activity."
143,CKAN,https://ckan.org,36.6,36.6,0,1.0,LOW,HIGH,criteria,CKAN sits in the lower-middle tier at 36.6. My high-weight criteria — algorithmic accountability and specific excluded-population centring — find partial matches in the dossier. Addresses civic data which is adjacent to my concerns. Constitution mismatch more than quality verdict.
144,Cortico,https://cortico.ai/platform,36.6,36.6,0,1.0,LOW,NONE,criteria,Cortico sits in the lower-middle tier at 36.6. My high-weight criteria — algorithmic accountability and specific excluded-population centring — find partial matches in the dossier. Addresses participatory democracy which is adjacent to my concerns. Constitution mismatch more than quality verdict.
145,Polis,https://github.com/compdemocracy/polis,36.6,36.6,0,1.0,LOW,HIGH,criteria,Polis sits in the lower-middle tier at 36.6. My high-weight criteria — algorithmic accountability and specific excluded-population centring — find partial matches in the dossier. Addresses deliberative democracy which is adjacent to my concerns. Constitution mismatch more than quality verdict.
146,GrantNav,https://grantnav.threesixtygiving.org,36.6,36.6,0,1.0,LOW,NONE,criteria,GrantNav sits in the lower-middle tier at 36.6. My high-weight criteria — algorithmic accountability and specific excluded-population centring — find partial matches in the dossier. Addresses civic data which is adjacent to my concerns. Constitution mismatch more than quality verdict.
147,FixMyStreet,https://www.fixmystreet.com,36.6,36.6,0,1.0,LOW,HIGH,criteria,FixMyStreet sits in the lower-middle tier at 36.6. My high-weight criteria — algorithmic accountability and specific excluded-population centring — find partial matches in the dossier. Addresses participatory democracy which is adjacent to my concerns. Constitution mismatch more than quality verdict.
148,Plinth,https://www.plinth.org.uk,36.6,36.6,0,1.0,LOW,NONE,criteria,Plinth sits in the lower-middle tier at 36.6. My high-weight criteria — algorithmic accountability and specific excluded-population centring — find partial matches in the dossier. Addresses civic data which is adjacent to my concerns. Constitution mismatch more than quality verdict.
149,WriteToThem,https://www.writetothem.com,36.6,36.6,0,1.0,LOW,NONE,criteria,WriteToThem sits in the lower-middle tier at 36.6. My high-weight criteria — algorithmic accountability and specific excluded-population centring — find partial matches in the dossier. Addresses participatory democracy which is adjacent to my concerns. Constitution mismatch more than quality verdict.
150,Coral,https://coralproject.net,36.6,36.6,0,0.92,LOW,MEDIUM,criteria,Coral sits in the lower-middle tier at 36.6. My high-weight criteria — algorithmic accountability and specific excluded-population centring — find partial matches in the dossier. Addresses media journalism which is adjacent to my concerns. Constitution mismatch more than quality verdict.
151,Humanitarian Data Exchange,https://data.humdata.org,36.6,36.6,0,0.92,LOW,NONE,criteria,Humanitarian Data Exchange sits in the lower-middle tier at 36.6. My high-weight criteria — algorithmic accountability and specific excluded-population centring — find partial matches in the dossier. Addresses civic data which is adjacent to my concerns. Constitution mismatch more than quality verdict.
152,Participedia,https://participedia.net,36.6,36.6,0,0.92,LOW,NONE,criteria,Participedia sits in the lower-middle tier at 36.6. My high-weight criteria — algorithmic accountability and specific excluded-population centring — find partial matches in the dossier. Addresses democratic innovation which is adjacent to my concerns. Constitution mismatch more than quality verdict.
153,Right To Know,https://right-to-know.org,36.6,36.6,0,0.92,LOW,NONE,criteria,Right To Know sits in the lower-middle tier at 36.6. My high-weight criteria — algorithmic accountability and specific excluded-population centring — find partial matches in the dossier. Addresses civic data which is adjacent to my concerns. Constitution mismatch more than quality verdict.
154,Mozilla Data Collective,https://datacollective.mozillafoundation.org,36.6,36.6,0,0.83,LOW,NONE,criteria,Mozilla Data Collective sits in the lower-middle tier at 36.6. My high-weight criteria — algorithmic accountability and specific excluded-population centring — find partial matches in the dossier. Addresses civic data which is adjacent to my concerns. Constitution mismatch more than quality verdict.
155,Logos,https://logos.co,36.6,36.6,0,0.83,LOW,NONE,criteria,Logos sits in the lower-middle tier at 36.6. My high-weight criteria — algorithmic accountability and specific excluded-population centring — find partial matches in the dossier. Addresses digital rights which is adjacent to my concerns. Constitution mismatch more than quality verdict.
156,Principles for Public Participation in Procurement of AI,https://p4ai.net,36.6,36.6,0,0.83,LOW,NONE,criteria,Principles for Public Participation in Procurement of AI sits in the lower-middle tier at 36.6. My high-weight criteria — algorithmic accountability and specific excluded-population centring — find partial matches in the dossier. Addresses emerging tech which is adjacent to my concerns. Constitution mismatch more than quality verdict.
157,CoTech,https://coops.tech,36.6,36.6,0,0.75,LOW,NONE,criteria,CoTech sits in the lower-middle tier at 36.6. My high-weight criteria — algorithmic accountability and specific excluded-population centring — find partial matches in the dossier. Addresses participatory democracy which is adjacent to my concerns. Constitution mismatch more than quality verdict.
158,Bluesky Social,https://github.com/bluesky-social,36.6,36.6,0,0.75,LOW,NONE,criteria,Bluesky Social sits in the lower-middle tier at 36.6. My high-weight criteria — algorithmic accountability and specific excluded-population centring — find partial matches in the dossier. Addresses digital infrastructure which is adjacent to my concerns. Constitution mismatch more than quality verdict.
159,Consent-O-Matic,https://github.com/cavi-au/consent-o-matic,36.6,36.6,0,0.75,LOW,NONE,criteria,Consent-O-Matic sits in the lower-middle tier at 36.6. My high-weight criteria — algorithmic accountability and specific excluded-population centring — find partial matches in the dossier. Addresses digital rights which is adjacent to my concerns. Constitution mismatch more than quality verdict.
160,PlaceCal,https://github.com/geeksforsocialchange/placecal,36.6,36.6,0,0.75,LOW,NONE,criteria,PlaceCal sits in the lower-middle tier at 36.6. My high-weight criteria — algorithmic accountability and specific excluded-population centring — find partial matches in the dossier. Addresses participatory democracy which is adjacent to my concerns. Constitution mismatch more than quality verdict.
161,One Project,https://oneproject.org,36.6,36.6,0,0.75,LOW,NONE,criteria,One Project sits in the lower-middle tier at 36.6. My high-weight criteria — algorithmic accountability and specific excluded-population centring — find partial matches in the dossier. Addresses economic democracy which is adjacent to my concerns. Constitution mismatch more than quality verdict.
162,Beckton,https://richardpope.org/2017/03/05/beckton-a-tool-to-build,36.6,36.6,0,0.75,LOW,NONE,criteria,Beckton sits in the lower-middle tier at 36.6. My high-weight criteria — algorithmic accountability and specific excluded-population centring — find partial matches in the dossier. Addresses collective action which is adjacent to my concerns. Constitution mismatch more than quality verdict.
163,Shareyourpaper.org,https://shareyourpaper.org,36.6,36.6,0,0.75,LOW,NONE,criteria,Shareyourpaper.org sits in the lower-middle tier at 36.6. My high-weight criteria — algorithmic accountability and specific excluded-population centring — find partial matches in the dossier. Addresses civic data which is adjacent to my concerns. Constitution mismatch more than quality verdict.
164,Spartacus,https://spartacus.app,36.6,36.6,0,0.75,LOW,NONE,criteria,Spartacus sits in the lower-middle tier at 36.6. My high-weight criteria — algorithmic accountability and specific excluded-population centring — find partial matches in the dossier. Addresses participatory democracy which is adjacent to my concerns. Constitution mismatch more than quality verdict.
165,DoNotPay,https://www.donotpay.com,36.6,36.6,0,0.67,MEDIUM,NONE,criteria,DoNotPay sits in the lower-middle tier at 36.6. My high-weight criteria — algorithmic accountability and specific excluded-population centring — find partial matches in the dossier. Addresses advocacy tech which is adjacent to my concerns. Constitution mismatch more than quality verdict.
166,Stanford Participatory Budgeting Platform,https://github.com/stanfordcdt/pb,35.4,35.4,0,1.0,LOW,NONE,criteria,Stanford Participatory Budgeting Platform sits in the lower-middle tier at 35.4. My high-weight criteria — algorithmic accountability and specific excluded-population centring — find partial matches in the dossier. Addresses participatory democracy which is adjacent to my concerns. Constitution mismatch more than quality verdict.
167,Political Advertising Transparency Data Standard,https://github.com/whotargetsme/ad-transparency-standards/blob/main/implement.md,35.4,35.4,0,1.0,LOW,NONE,criteria,Political Advertising Transparency Data Standard sits in the lower-middle tier at 35.4. My high-weight criteria — algorithmic accountability and specific excluded-population centring — find partial matches in the dossier. Addresses civic data which is adjacent to my concerns. Constitution mismatch more than quality verdict.
168,Frankenstein Bill,https://gordonguthrie.github.io/frankensteinbill,35.4,35.4,0,1.0,LOW,NONE,criteria,Frankenstein Bill sits in the lower-middle tier at 35.4. My high-weight criteria — algorithmic accountability and specific excluded-population centring — find partial matches in the dossier. Addresses Digital government which is adjacent to my concerns. Constitution mismatch more than quality verdict.
169,TheyWorkForYou,https://www.theyworkforyou.com,35.4,35.4,0,1.0,LOW,HIGH,criteria,TheyWorkForYou sits in the lower-middle tier at 35.4. My high-weight criteria — algorithmic accountability and specific excluded-population centring — find partial matches in the dossier. Addresses participatory democracy which is adjacent to my concerns. Constitution mismatch more than quality verdict.
170,Atlas of Surveillance,https://atlasofsurveillance.org,35.4,35.4,0,0.92,LOW,MEDIUM,criteria,Atlas of Surveillance sits in the lower-middle tier at 35.4. My high-weight criteria — algorithmic accountability and specific excluded-population centring — find partial matches in the dossier. Addresses civic data which is adjacent to my concerns. Constitution mismatch more than quality verdict.
171,MP Watch,https://www.mpwatch.org,35.4,35.4,0,0.92,LOW,NONE,criteria,MP Watch sits in the lower-middle tier at 35.4. My high-weight criteria — algorithmic accountability and specific excluded-population centring — find partial matches in the dossier. Addresses participatory democracy which is adjacent to my concerns. Constitution mismatch more than quality verdict.
172,Sugartrail,https://github.com/ribenamaplesyrup/sugartrail,35.4,35.4,0,0.83,LOW,NONE,criteria,Sugartrail sits in the lower-middle tier at 35.4. My high-weight criteria — algorithmic accountability and specific excluded-population centring — find partial matches in the dossier. Addresses civic data which is adjacent to my concerns. Constitution mismatch more than quality verdict.
173,Find local consultations,https://gov.uk/find-local-consultations,35.4,35.4,0,0.83,LOW,NONE,criteria,Find local consultations sits in the lower-middle tier at 35.4. My high-weight criteria — algorithmic accountability and specific excluded-population centring — find partial matches in the dossier. Addresses participatory democracy which is adjacent to my concerns. Constitution mismatch more than quality verdict.
174,Local Insight,https://localinsight.org,35.4,35.4,0,0.83,LOW,NONE,criteria,Local Insight sits in the lower-middle tier at 35.4. My high-weight criteria — algorithmic accountability and specific excluded-population centring — find partial matches in the dossier. Addresses civic data which is adjacent to my concerns. Constitution mismatch more than quality verdict.
175,Channel.org,https://channel.org,35.4,35.4,0,0.75,LOW,NONE,criteria,Channel.org sits in the lower-middle tier at 35.4. My high-weight criteria — algorithmic accountability and specific excluded-population centring — find partial matches in the dossier. Addresses participatory democracy which is adjacent to my concerns. Constitution mismatch more than quality verdict.
176,DAO Governance Surfaces,https://github.com/notchia/dao-governance-surfaces,35.4,35.4,0,0.75,LOW,NONE,criteria,DAO Governance Surfaces sits in the lower-middle tier at 35.4. My high-weight criteria — algorithmic accountability and specific excluded-population centring — find partial matches in the dossier. Addresses govtech which is adjacent to my concerns. Constitution mismatch more than quality verdict.
177,Kialo,https://kialo.com,35.4,35.4,0,0.75,LOW,NONE,criteria,Kialo sits in the lower-middle tier at 35.4. My high-weight criteria — algorithmic accountability and specific excluded-population centring — find partial matches in the dossier. Addresses participatory democracy which is adjacent to my concerns. Constitution mismatch more than quality verdict.
178,Nestr,https://nestr.io,35.4,35.4,0,0.75,LOW,NONE,criteria,Nestr sits in the lower-middle tier at 35.4. My high-weight criteria — algorithmic accountability and specific excluded-population centring — find partial matches in the dossier. Addresses participatory democracy which is adjacent to my concerns. Constitution mismatch more than quality verdict.
179,Society for Hopeful Technologists,https://societyforhopefultechnologists.org,35.4,35.4,0,0.75,LOW,NONE,criteria,Society for Hopeful Technologists sits in the lower-middle tier at 35.4. My high-weight criteria — algorithmic accountability and specific excluded-population centring — find partial matches in the dossier. Addresses ethical technology which is adjacent to my concerns. Constitution mismatch more than quality verdict.
180,Members' Interests,https://membersinterests.org.uk,35.4,35.4,0,0.72,LOW,NONE,criteria,"Members' Interests's homepage is dead or inaccessible, capping my score at 45 regardless of what the dossier says. The dossier suggests something was happening here, but I can't confirm current activity."
181,Spacetube,https://spacetu.be,35.4,35.4,0,0.67,MEDIUM,NONE,criteria,Spacetube sits in the lower-middle tier at 35.4. My high-weight criteria — algorithmic accountability and specific excluded-population centring — find partial matches in the dossier. Addresses digital rights which is adjacent to my concerns. Constitution mismatch more than quality verdict.
182,Relational Tech Project,https://relationaltechproject.org,35.4,35.4,0,0.58,MEDIUM,NONE,criteria,Relational Tech Project sits in the lower-middle tier at 35.4. My high-weight criteria — algorithmic accountability and specific excluded-population centring — find partial matches in the dossier. Addresses participatory democracy which is adjacent to my concerns. Constitution mismatch more than quality verdict.
183,Agreement Engine,https://medium.com/metagov/introducing-the-agreement-engine-bf03b6d5c16c,35.4,35.4,0,0.55,MEDIUM,NONE,criteria,"Agreement Engine's homepage is dead or inaccessible, capping my score at 45 regardless of what the dossier says. The dossier suggests something was happening here, but I can't confirm current activity."
184,Violation Tracker UK,https://violationtrackeruk.goodjobsfirst.org,35.4,35.4,0,0.55,MEDIUM,NONE,criteria,"Violation Tracker UK's homepage is dead or inaccessible, capping my score at 45 regardless of what the dossier says. The dossier suggests something was happening here, but I can't confirm current activity."
185,Public Editor,https://www.publiceditor.io,35.4,35.4,0,0.55,MEDIUM,NONE,criteria,"Public Editor's homepage is dead or inaccessible, capping my score at 45 regardless of what the dossier says. The dossier suggests something was happening here, but I can't confirm current activity."
186,Membership,https://medium.com/@abscond/membership-a-prototype-ea822b2683b,35.4,35.4,0,0.37999999999999995,HIGH,NONE,criteria,"Membership's homepage is dead or inaccessible, capping my score at 45 regardless of what the dossier says. The dossier suggests something was happening here, but I can't confirm current activity."
187,Democracy Club Developer API,https://developers.democracyclub.org.uk/api/v1,34.1,34.1,0,1.0,LOW,HIGH,criteria,Democracy Club Developer API sits in the lower-middle tier at 34.1. My high-weight criteria — algorithmic accountability and specific excluded-population centring — don't find strong matches in the dossier. Addresses election information which is adjacent to my concerns. Constitution mismatch more than quality verdict.
188,Open Referral UK,https://openreferraluk.org,34.1,34.1,0,1.0,LOW,NONE,criteria,Open Referral UK sits in the lower-middle tier at 34.1. My high-weight criteria — algorithmic accountability and specific excluded-population centring — don't find strong matches in the dossier. Addresses community services which is adjacent to my concerns. Constitution mismatch more than quality verdict.
189,Gapminder Worldview Upgrader,https://upgrader.gapminder.org,34.1,34.1,0,1.0,LOW,MEDIUM,criteria,Gapminder Worldview Upgrader sits in the lower-middle tier at 34.1. My high-weight criteria — algorithmic accountability and specific excluded-population centring — don't find strong matches in the dossier. Addresses data literacy which is adjacent to my concerns. Constitution mismatch more than quality verdict.
190,Campaign Tracker,https://www.campaigntracker.nl/en,34.1,34.1,0,1.0,LOW,NONE,criteria,Campaign Tracker sits in the lower-middle tier at 34.1. My high-weight criteria — algorithmic accountability and specific excluded-population centring — don't find strong matches in the dossier. Addresses civic data which is adjacent to my concerns. Constitution mismatch more than quality verdict.
191,GOV.UK Forms,https://www.forms.service.gov.uk,34.1,34.1,0,1.0,LOW,NONE,criteria,GOV.UK Forms sits in the lower-middle tier at 34.1. My high-weight criteria — algorithmic accountability and specific excluded-population centring — don't find strong matches in the dossier. Addresses govtech which is adjacent to my concerns. Constitution mismatch more than quality verdict.
192,Service Manual,https://www.gov.uk/service-manual,34.1,34.1,0,1.0,LOW,NONE,criteria,Service Manual sits in the lower-middle tier at 34.1. My high-weight criteria — algorithmic accountability and specific excluded-population centring — don't find strong matches in the dossier. Addresses govtech which is adjacent to my concerns. Constitution mismatch more than quality verdict.
193,GovTrack.us,https://www.govtrack.us,34.1,34.1,0,1.0,LOW,MEDIUM,criteria,GovTrack.us sits in the lower-middle tier at 34.1. My high-weight criteria — algorithmic accountability and specific excluded-population centring — don't find strong matches in the dossier. Addresses participatory democracy which is adjacent to my concerns. Constitution mismatch more than quality verdict.
194,GOV.UK Notify,https://www.notifications.service.gov.uk,34.1,34.1,0,1.0,LOW,MEDIUM,criteria,GOV.UK Notify sits in the lower-middle tier at 34.1. My high-weight criteria — algorithmic accountability and specific excluded-population centring — don't find strong matches in the dossier. Addresses govtech which is adjacent to my concerns. Constitution mismatch more than quality verdict.
195,Charity Digital Skills Report,https://charitydigitalskills.co.uk,34.1,34.1,0,0.92,LOW,NONE,criteria,Charity Digital Skills Report sits in the lower-middle tier at 34.1. My high-weight criteria — algorithmic accountability and specific excluded-population centring — don't find strong matches in the dossier. Addresses civic data which is adjacent to my concerns. Constitution mismatch more than quality verdict.
196,Who Targets Me Trends,https://trends.whotargets.me,34.1,34.1,0,0.92,LOW,NONE,criteria,Who Targets Me Trends sits in the lower-middle tier at 34.1. My high-weight criteria — algorithmic accountability and specific excluded-population centring — don't find strong matches in the dossier. Addresses media journalism which is adjacent to my concerns. Constitution mismatch more than quality verdict.
197,Turkopticon,https://turkopticon.ucsd.edu,34.1,34.1,0,0.92,LOW,MEDIUM,criteria,Turkopticon sits in the lower-middle tier at 34.1. My high-weight criteria — algorithmic accountability and specific excluded-population centring — don't find strong matches in the dossier. Addresses digital rights which is adjacent to my concerns. Constitution mismatch more than quality verdict.
198,Polimorphic,https://www.polimorphic.com,34.1,34.1,0,0.92,LOW,NONE,criteria,Polimorphic sits in the lower-middle tier at 34.1. My high-weight criteria — algorithmic accountability and specific excluded-population centring — don't find strong matches in the dossier. Addresses govtech which is adjacent to my concerns. Constitution mismatch more than quality verdict.
199,UK Policy Dojo,https://github.com/mikekelly/policy-dojo,34.1,34.1,0,0.83,LOW,NONE,criteria,UK Policy Dojo sits in the lower-middle tier at 34.1. My high-weight criteria — algorithmic accountability and specific excluded-population centring — don't find strong matches in the dossier. Addresses AI in government which is adjacent to my concerns. Constitution mismatch more than quality verdict.
200,All Our Ideas,https://all-our-ideas.citizens.is,34.1,34.1,0,0.75,LOW,NONE,criteria,All Our Ideas sits in the lower-middle tier at 34.1. My high-weight criteria — algorithmic accountability and specific excluded-population centring — don't find strong matches in the dossier. Addresses participatory democracy which is adjacent to my concerns. Constitution mismatch more than quality verdict.
201,GOV Reuse Library,https://dev.reuselibrary.service.justice.gov.uk,34.1,34.1,0,0.75,LOW,NONE,criteria,"GOV Reuse Library scores 34.1 — the specific questions my constitution asks (named excluded populations, contestability mechanisms, algorithmic accountability) don't find clear answers in the dossier. Issue area: govtech. Completeness 0.75 is good, so this is a genuine constitution mismatch. My lens is narrow."
202,Fatebook,https://fatebook.io,34.1,34.1,0,0.75,LOW,NONE,criteria,"Fatebook scores 34.1 — the specific questions my constitution asks (named excluded populations, contestability mechanisms, algorithmic accountability) don't find clear answers in the dossier. Issue area: civic data. Completeness 0.75 is good, so this is a genuine constitution mismatch. My lens is narrow."
203,RxC Voice,https://github.com/radicalxchange/rxc-voice,34.1,34.1,0,0.75,LOW,NONE,criteria,"RxC Voice scores 34.1 — the specific questions my constitution asks (named excluded populations, contestability mechanisms, algorithmic accountability) don't find clear answers in the dossier. Issue area: participatory democracy. Completeness 0.75 is good, so this is a genuine constitution mismatch. My lens is narrow."
204,Journalist Studio,https://journaliststudio.google.com,34.1,34.1,0,0.75,LOW,NONE,criteria,"Journalist Studio scores 34.1 — the specific questions my constitution asks (named excluded populations, contestability mechanisms, algorithmic accountability) don't find clear answers in the dossier. Issue area: media journalism. Completeness 0.75 is good, so this is a genuine constitution mismatch. My lens is narrow."
205,Nym,https://nymtech.net,34.1,34.1,0,0.75,LOW,NONE,criteria,"Nym scores 34.1 — the specific questions my constitution asks (named excluded populations, contestability mechanisms, algorithmic accountability) don't find clear answers in the dossier. Issue area: digital rights. Completeness 0.75 is good, so this is a genuine constitution mismatch. My lens is narrow."
206,Open Collective,https://opencollective.com,34.1,34.1,0,0.75,LOW,NONE,criteria,"Open Collective scores 34.1 — the specific questions my constitution asks (named excluded populations, contestability mechanisms, algorithmic accountability) don't find clear answers in the dossier. Issue area: civic finance. Completeness 0.75 is good, so this is a genuine constitution mismatch. My lens is narrow."
207,Plausible Analytics,https://plausible.io,34.1,34.1,0,0.75,LOW,NONE,criteria,"Plausible Analytics scores 34.1 — the specific questions my constitution asks (named excluded populations, contestability mechanisms, algorithmic accountability) don't find clear answers in the dossier. Issue area: digital rights. Completeness 0.75 is good, so this is a genuine constitution mismatch. My lens is narrow."
208,Pursuance Project,https://pursuanceproject.org,34.1,34.1,0,0.75,LOW,NONE,criteria,"Pursuance Project scores 34.1 — the specific questions my constitution asks (named excluded populations, contestability mechanisms, algorithmic accountability) don't find clear answers in the dossier. Issue area: participatory democracy. Completeness 0.75 is good, so this is a genuine constitution mismatch. My lens is narrow."
209,Riseup,https://riseup.net,34.1,34.1,0,0.75,LOW,NONE,criteria,"Riseup scores 34.1 — the specific questions my constitution asks (named excluded populations, contestability mechanisms, algorithmic accountability) don't find clear answers in the dossier. Issue area: digital rights. Completeness 0.75 is good, so this is a genuine constitution mismatch. My lens is narrow."
210,Urbit,https://urbit.org,34.1,34.1,0,0.75,LOW,NONE,criteria,"Urbit scores 34.1 — the specific questions my constitution asks (named excluded populations, contestability mechanisms, algorithmic accountability) don't find clear answers in the dossier. Issue area: digital rights. Completeness 0.75 is good, so this is a genuine constitution mismatch. My lens is narrow."
211,Who Posted What?,https://whopostedwhat.com,34.1,34.1,0,0.75,LOW,NONE,criteria,"Who Posted What? scores 34.1 — the specific questions my constitution asks (named excluded populations, contestability mechanisms, algorithmic accountability) don't find clear answers in the dossier. Issue area: civic data. Completeness 0.75 is good, so this is a genuine constitution mismatch. My lens is narrow."
212,Wikum,https://www.csail.mit.edu/research/wikum-bridging-discussion-systems-and-wikis-collective-summarization,34.1,34.1,0,0.75,LOW,NONE,criteria,"Wikum scores 34.1 — the specific questions my constitution asks (named excluded populations, contestability mechanisms, algorithmic accountability) don't find clear answers in the dossier. Issue area: participatory democracy. Completeness 0.75 is good, so this is a genuine constitution mismatch. My lens is narrow."
213,Discourse,https://www.discourse.org,34.1,34.1,0,0.75,LOW,NONE,criteria,"Discourse scores 34.1 — the specific questions my constitution asks (named excluded populations, contestability mechanisms, algorithmic accountability) don't find clear answers in the dossier. Issue area: participatory democracy. Completeness 0.75 is good, so this is a genuine constitution mismatch. My lens is narrow."
214,MyActionCenter,https://www.myaction.center,34.1,34.1,0,0.75,LOW,NONE,criteria,"MyActionCenter scores 34.1 — the specific questions my constitution asks (named excluded populations, contestability mechanisms, algorithmic accountability) don't find clear answers in the dossier. Issue area: participatory democracy. Completeness 0.75 is good, so this is a genuine constitution mismatch. My lens is narrow."
215,Strike Map,https://strikemap.org,34.1,34.1,0,0.67,MEDIUM,NONE,criteria,"Strike Map scores 34.1 — the specific questions my constitution asks (named excluded populations, contestability mechanisms, algorithmic accountability) don't find clear answers in the dossier. Issue area: civic data. Completeness 0.67 is good, so this is a genuine constitution mismatch. My lens is narrow."
216,dDocs,https://ddocs.new,34.1,34.1,0,0.5,MEDIUM,NONE,criteria,"dDocs scores 34.1 — the specific questions my constitution asks (named excluded populations, contestability mechanisms, algorithmic accountability) don't find clear answers in the dossier. Issue area: Government Transparency. Completeness 0.5 compounds uncertainty. My lens is narrow."
217,GOV.UK Pay,https://www.payments.service.gov.uk,32.9,32.9,0,1.0,LOW,NONE,criteria,"GOV.UK Pay scores 32.9 — the specific questions my constitution asks (named excluded populations, contestability mechanisms, algorithmic accountability) don't find clear answers in the dossier. Issue area: govtech. Completeness 1.0 is good, so this is a genuine constitution mismatch. My lens is narrow."
218,Local Intelligence Hub,https://www.localintelligencehub.com,32.9,32.9,0,0.92,LOW,NONE,criteria,"Local Intelligence Hub scores 32.9 — the specific questions my constitution asks (named excluded populations, contestability mechanisms, algorithmic accountability) don't find clear answers in the dossier. Issue area: participatory democracy. Completeness 0.92 is good, so this is a genuine constitution mismatch. My lens is narrow."
219,Populate Tools,https://github.com/populatetools,32.9,32.9,0,0.83,LOW,NONE,criteria,"Populate Tools scores 32.9 — the specific questions my constitution asks (named excluded populations, contestability mechanisms, algorithmic accountability) don't find clear answers in the dossier. Issue area: participatory democracy. Completeness 0.83 is good, so this is a genuine constitution mismatch. My lens is narrow."
220,NumFOCUS,https://numfocus.org,32.9,32.9,0,0.83,LOW,MEDIUM,criteria,"NumFOCUS scores 32.9 — the specific questions my constitution asks (named excluded populations, contestability mechanisms, algorithmic accountability) don't find clear answers in the dossier. Issue area: civic data. Completeness 0.83 is good, so this is a genuine constitution mismatch. My lens is narrow."
221,The List,https://the-list.uk,32.9,32.9,0,0.83,LOW,NONE,criteria,"The List scores 32.9 — the specific questions my constitution asks (named excluded populations, contestability mechanisms, algorithmic accountability) don't find clear answers in the dossier. Issue area: nonprofit funding. Completeness 0.83 is good, so this is a genuine constitution mismatch. My lens is narrow."
222,Digital Account Management Toolkit,https://digitalcharitylab.org/product/digital-account-management-toolkit,32.9,32.9,0,0.75,LOW,NONE,criteria,"Digital Account Management Toolkit scores 32.9 — the specific questions my constitution asks (named excluded populations, contestability mechanisms, algorithmic accountability) don't find clear answers in the dossier. Issue area: digital rights. Completeness 0.75 is good, so this is a genuine constitution mismatch. My lens is narrow."
223,Pear by Holepunch,https://docs.holepunch.to,32.9,32.9,0,0.75,LOW,NONE,criteria,"Pear by Holepunch scores 32.9 — the specific questions my constitution asks (named excluded populations, contestability mechanisms, algorithmic accountability) don't find clear answers in the dossier. Issue area: digital rights. Completeness 0.75 is good, so this is a genuine constitution mismatch. My lens is narrow."
224,postcodes.io,https://github.com/ideal-postcodes/postcodes.io,32.9,32.9,0,0.75,LOW,NONE,criteria,"postcodes.io scores 32.9 — the specific questions my constitution asks (named excluded populations, contestability mechanisms, algorithmic accountability) don't find clear answers in the dossier. Issue area: civic data. Completeness 0.75 is good, so this is a genuine constitution mismatch. My lens is narrow."
225,New_ Public Roundabout,https://newpublic.substack.com/p/introducing-roundabout-built-for,32.9,32.9,0,0.75,LOW,NONE,criteria,"New_ Public Roundabout scores 32.9 — the specific questions my constitution asks (named excluded populations, contestability mechanisms, algorithmic accountability) don't find clear answers in the dossier. Issue area: local democracy. Completeness 0.75 is good, so this is a genuine constitution mismatch. My lens is narrow."
226,Empurrando Juntas (EJ),https://sobre.ejparticipe.org,32.9,32.9,0,0.75,LOW,NONE,criteria,"Empurrando Juntas (EJ) scores 32.9 — the specific questions my constitution asks (named excluded populations, contestability mechanisms, algorithmic accountability) don't find clear answers in the dossier. Issue area: participatory democracy. Completeness 0.75 is good, so this is a genuine constitution mismatch. My lens is narrow."
227,Viewpoints,https://viewpoints.xyz,32.9,32.9,0,0.75,LOW,NONE,criteria,"Viewpoints scores 32.9 — the specific questions my constitution asks (named excluded populations, contestability mechanisms, algorithmic accountability) don't find clear answers in the dossier. Issue area: participatory democracy. Completeness 0.75 is good, so this is a genuine constitution mismatch. My lens is narrow."
228,WardWatch,https://wardwatch.uk,32.9,32.9,0,0.75,LOW,NONE,criteria,"WardWatch scores 32.9 — the specific questions my constitution asks (named excluded populations, contestability mechanisms, algorithmic accountability) don't find clear answers in the dossier. Issue area: govtech. Completeness 0.75 is good, so this is a genuine constitution mismatch. My lens is narrow."
229,PoliMonitor,https://www.polimonitor.com,32.9,32.9,0,0.67,MEDIUM,NONE,criteria,"PoliMonitor scores 32.9 — the specific questions my constitution asks (named excluded populations, contestability mechanisms, algorithmic accountability) don't find clear answers in the dossier. Issue area: govtech. Completeness 0.67 is good, so this is a genuine constitution mismatch. My lens is narrow."
230,We Live It,https://www.welivedit.ai,32.9,32.9,0,0.67,MEDIUM,NONE,criteria,"We Live It scores 32.9 — the specific questions my constitution asks (named excluded populations, contestability mechanisms, algorithmic accountability) don't find clear answers in the dossier. Issue area: Urban planning, community engagement, civic participation. Completeness 0.67 is good, so this is a genuine constitution mismatch. My lens is narrow."
231,DISARM Frameworks,https://github.com/disarmfoundation/disarmframeworks,31.7,31.7,0,1.0,LOW,NONE,criteria,"DISARM Frameworks scores 31.7 — the specific questions my constitution asks (named excluded populations, contestability mechanisms, algorithmic accountability) don't find clear answers in the dossier. Issue area: disinformation. Completeness 1.0 is good, so this is a genuine constitution mismatch. My lens is narrow."
232,Granicus,https://granicus.com/uk,31.7,31.7,0,0.92,LOW,NONE,criteria,"Granicus scores 31.7 — the specific questions my constitution asks (named excluded populations, contestability mechanisms, algorithmic accountability) don't find clear answers in the dossier. Issue area: Digital Government. Completeness 0.92 is good, so this is a genuine constitution mismatch. My lens is narrow."
233,RxC Quadratic Voting,https://quadraticvote.radicalxchange.org,31.7,31.7,0,0.92,LOW,NONE,criteria,"RxC Quadratic Voting scores 31.7 — the specific questions my constitution asks (named excluded populations, contestability mechanisms, algorithmic accountability) don't find clear answers in the dossier. Issue area: participatory democracy. Completeness 0.92 is good, so this is a genuine constitution mismatch. My lens is narrow."
234,GRIM (Global Risk Simulator),https://github.com/sentinelteam/grim,31.7,31.7,0,0.83,LOW,NONE,criteria,"GRIM (Global Risk Simulator) scores 31.7 — the specific questions my constitution asks (named excluded populations, contestability mechanisms, algorithmic accountability) don't find clear answers in the dossier. Issue area: global catastrophic risk. Completeness 0.83 is good, so this is a genuine constitution mismatch. My lens is narrow."
235,Moral Machine,https://moralmachine.net,31.7,31.7,0,0.83,LOW,MEDIUM,criteria,"Moral Machine scores 31.7 — the specific questions my constitution asks (named excluded populations, contestability mechanisms, algorithmic accountability) don't find clear answers in the dossier. Issue area: emerging tech. Completeness 0.83 is good, so this is a genuine constitution mismatch. My lens is narrow."
236,Vote for Policies,https://voteforpolicies.org.uk,31.7,31.7,0,0.83,LOW,NONE,criteria,"Vote for Policies scores 31.7 — the specific questions my constitution asks (named excluded populations, contestability mechanisms, algorithmic accountability) don't find clear answers in the dossier. Issue area: participatory democracy. Completeness 0.83 is good, so this is a genuine constitution mismatch. My lens is narrow."
237,Teaching Public Service in the Digital Age,https://www.teachingpublicservice.digital,31.7,31.7,0,0.83,LOW,NONE,criteria,"Teaching Public Service in the Digital Age scores 31.7 — the specific questions my constitution asks (named excluded populations, contestability mechanisms, algorithmic accountability) don't find clear answers in the dossier. Issue area: govtech. Completeness 0.83 is good, so this is a genuine constitution mismatch. My lens is narrow."
238,Responsible Tech Guide 2025,https://alltechishuman.org/responsible-tech-guide-2025,31.7,31.7,0,0.75,LOW,NONE,criteria,"Responsible Tech Guide 2025 scores 31.7 — the specific questions my constitution asks (named excluded populations, contestability mechanisms, algorithmic accountability) don't find clear answers in the dossier. Issue area: emerging tech. Completeness 0.75 is good, so this is a genuine constitution mismatch. My lens is narrow."
239,Bluesky,https://bsky.app,31.7,31.7,0,0.75,LOW,NONE,criteria,"Bluesky scores 31.7 — the specific questions my constitution asks (named excluded populations, contestability mechanisms, algorithmic accountability) don't find clear answers in the dossier. Issue area: digital rights. Completeness 0.75 is good, so this is a genuine constitution mismatch. My lens is narrow."
240,CharmVerse,https://charmverse.io,31.7,31.7,0,0.75,LOW,NONE,criteria,"CharmVerse scores 31.7 — the specific questions my constitution asks (named excluded populations, contestability mechanisms, algorithmic accountability) don't find clear answers in the dossier. Issue area: participatory democracy. Completeness 0.75 is good, so this is a genuine constitution mismatch. My lens is narrow."
241,Choose a License,https://choosealicense.com,31.7,31.7,0,0.75,LOW,NONE,criteria,"Choose a License scores 31.7 — the specific questions my constitution asks (named excluded populations, contestability mechanisms, algorithmic accountability) don't find clear answers in the dossier. Issue area: digital rights. Completeness 0.75 is good, so this is a genuine constitution mismatch. My lens is narrow."
242,Collab.Land,https://collab.land,31.7,31.7,0,0.75,LOW,NONE,criteria,"Collab.Land scores 31.7 — the specific questions my constitution asks (named excluded populations, contestability mechanisms, algorithmic accountability) don't find clear answers in the dossier. Issue area: community management. Completeness 0.75 is good, so this is a genuine constitution mismatch. My lens is narrow."
243,Dovetail,https://dovetail.network,31.7,31.7,0,0.75,LOW,NONE,criteria,"Dovetail scores 31.7 — the specific questions my constitution asks (named excluded populations, contestability mechanisms, algorithmic accountability) don't find clear answers in the dossier. Issue area: civic data. Completeness 0.75 is good, so this is a genuine constitution mismatch. My lens is narrow."
244,youtube-dl,https://github.com/ytdl-org/youtube-dl,31.7,31.7,0,0.75,LOW,NONE,criteria,"youtube-dl scores 31.7 — the specific questions my constitution asks (named excluded populations, contestability mechanisms, algorithmic accountability) don't find clear answers in the dossier. Issue area: digital rights. Completeness 0.75 is good, so this is a genuine constitution mismatch. My lens is narrow."
245,The Engine Room Library,https://library.theengineroom.org,31.7,31.7,0,0.75,LOW,NONE,criteria,"The Engine Room Library scores 31.7 — the specific questions my constitution asks (named excluded populations, contestability mechanisms, algorithmic accountability) don't find clear answers in the dossier. Issue area: civil society technology. Completeness 0.75 is good, so this is a genuine constitution mismatch. My lens is narrow."
246,OpenAudience,https://openaudience.org,31.7,31.7,0,0.75,LOW,NONE,criteria,"OpenAudience scores 31.7 — the specific questions my constitution asks (named excluded populations, contestability mechanisms, algorithmic accountability) don't find clear answers in the dossier. Issue area: civic data. Completeness 0.75 is good, so this is a genuine constitution mismatch. My lens is narrow."
247,openparliament.ca,https://openparliament.ca,31.7,31.7,0,0.75,LOW,NONE,criteria,"openparliament.ca scores 31.7 — the specific questions my constitution asks (named excluded populations, contestability mechanisms, algorithmic accountability) don't find clear answers in the dossier. Issue area: parliamentary transparency. Completeness 0.75 is good, so this is a genuine constitution mismatch. My lens is narrow."
248,OSINT Framework,https://osintframework.com,31.7,31.7,0,0.75,LOW,NONE,criteria,"OSINT Framework scores 31.7 — the specific questions my constitution asks (named excluded populations, contestability mechanisms, algorithmic accountability) don't find clear answers in the dossier. Issue area: civic data. Completeness 0.75 is good, so this is a genuine constitution mismatch. My lens is narrow."
249,PostBug,https://postbug.com,31.7,31.7,0,0.75,LOW,NONE,criteria,"PostBug scores 31.7 — the specific questions my constitution asks (named excluded populations, contestability mechanisms, algorithmic accountability) don't find clear answers in the dossier. Issue area: participatory democracy. Completeness 0.75 is good, so this is a genuine constitution mismatch. My lens is narrow."
250,Radicle,https://radicle.xyz,31.7,31.7,0,0.75,LOW,NONE,criteria,"Radicle scores 31.7 — the specific questions my constitution asks (named excluded populations, contestability mechanisms, algorithmic accountability) don't find clear answers in the dossier. Issue area: digital rights. Completeness 0.75 is good, so this is a genuine constitution mismatch. My lens is narrow."
251,Tech Coops List,https://tech-coops.xyz,31.7,31.7,0,0.75,LOW,NONE,criteria,"Tech Coops List scores 31.7 — the specific questions my constitution asks (named excluded populations, contestability mechanisms, algorithmic accountability) don't find clear answers in the dossier. Issue area: participatory democracy. Completeness 0.75 is good, so this is a genuine constitution mismatch. My lens is narrow."
252,Registers and collaboration: making lists we can trust,https://theodi.org/insights/reports/registers-and-collaboration-making-lists-we-can-trust-report,31.7,31.7,0,0.75,LOW,NONE,criteria,"Registers and collaboration: making lists we can trust scores 31.7 — the specific questions my constitution asks (named excluded populations, contestability mechanisms, algorithmic accountability) don't find clear answers in the dossier. Issue area: civic data. Completeness 0.75 is good, so this is a genuine constitution mismatch. My lens is narrow."
253,Timecounts,https://timecounts.org,31.7,31.7,0,0.75,LOW,NONE,criteria,"Timecounts scores 31.7 — the specific questions my constitution asks (named excluded populations, contestability mechanisms, algorithmic accountability) don't find clear answers in the dossier. Issue area: participatory democracy. Completeness 0.75 is good, so this is a genuine constitution mismatch. My lens is narrow."
254,Watch Duty,https://www.watchduty.org,31.7,31.7,0,0.75,LOW,NONE,criteria,"Watch Duty scores 31.7 — the specific questions my constitution asks (named excluded populations, contestability mechanisms, algorithmic accountability) don't find clear answers in the dossier. Issue area: civic data. Completeness 0.75 is good, so this is a genuine constitution mismatch. My lens is narrow."
255,UK Parliament Developer Portal,https://developer.parliament.uk,31.7,31.7,0,0.72,LOW,NONE,criteria,"UK Parliament Developer Portal's homepage is dead or inaccessible, capping my score at 45 regardless of what the dossier says. The dossier suggests something was happening here, but I can't confirm current activity."
256,Filmot,https://filmot.com,31.7,31.7,0,0.67,MEDIUM,NONE,criteria,"Filmot scores 31.7 — the specific questions my constitution asks (named excluded populations, contestability mechanisms, algorithmic accountability) don't find clear answers in the dossier. Issue area: information access. Completeness 0.67 is good, so this is a genuine constitution mismatch. My lens is narrow."
257,Anna's Archive,https://annas-archive.pm,31.7,31.7,0,0.55,MEDIUM,NONE,criteria,"Anna's Archive's homepage is dead or inaccessible, capping my score at 45 regardless of what the dossier says. The dossier suggests something was happening here, but I can't confirm current activity."
258,Sci-Hub,https://sci-hub.se,31.7,31.7,0,0.55,MEDIUM,NONE,criteria,"Sci-Hub's homepage is dead or inaccessible, capping my score at 45 regardless of what the dossier says. The dossier suggests something was happening here, but I can't confirm current activity."
259,Consciousness Evolution Operating System (ConSoc),https://www.consoc.io,31.7,31.7,0,0.42,MEDIUM,NONE,criteria,"Consciousness Evolution Operating System (ConSoc) scores 31.7 — the specific questions my constitution asks (named excluded populations, contestability mechanisms, algorithmic accountability) don't find clear answers in the dossier.  Completeness 0.42 compounds uncertainty. My lens is narrow."
260,Tor Project,https://www.torproject.org,31.6,36.6,-5,1.0,LOW,HIGH,modifier,"Tor Project scores 31.6 — the specific questions my constitution asks (named excluded populations, contestability mechanisms, algorithmic accountability) don't find clear answers in the dossier. Issue area: digital rights. Completeness 1.0 is good, so this is a genuine constitution mismatch. My lens is narrow."
261,Groupthink (OpenPolitics Votebot),https://github.com/openpolitics/groupthink,30.5,30.5,0,0.92,LOW,NONE,criteria,"Groupthink (OpenPolitics Votebot) scores 30.5 — the specific questions my constitution asks (named excluded populations, contestability mechanisms, algorithmic accountability) don't find clear answers in the dossier. Issue area: open policymaking. Completeness 0.92 is good, so this is a genuine constitution mismatch. My lens is narrow."
262,Kagi SlopStop,https://blog.kagi.com/slopstop,30.5,30.5,0,0.83,LOW,NONE,criteria,"Kagi SlopStop scores 30.5 — the specific questions my constitution asks (named excluded populations, contestability mechanisms, algorithmic accountability) don't find clear answers in the dossier. Issue area: information quality. Completeness 0.83 is good, so this is a genuine constitution mismatch. My lens is narrow."
263,Labour Xchange,https://labourxchange.uk,30.5,30.5,0,0.83,LOW,NONE,criteria,"Labour Xchange scores 30.5 — the specific questions my constitution asks (named excluded populations, contestability mechanisms, algorithmic accountability) don't find clear answers in the dossier. Issue area: civic data. Completeness 0.83 is good, so this is a genuine constitution mismatch. My lens is narrow."
264,Agencies for Good,https://www.agenciesforgood.org,30.5,30.5,0,0.83,LOW,NONE,criteria,"Agencies for Good scores 30.5 — the specific questions my constitution asks (named excluded populations, contestability mechanisms, algorithmic accountability) don't find clear answers in the dossier. Issue area: govtech. Completeness 0.83 is good, so this is a genuine constitution mismatch. My lens is narrow."
265,CiviClick,https://civiclick.com,30.5,30.5,0,0.75,LOW,NONE,criteria,"CiviClick scores 30.5 — the specific questions my constitution asks (named excluded populations, contestability mechanisms, algorithmic accountability) don't find clear answers in the dossier. Issue area: advocacy tech. Completeness 0.75 is good, so this is a genuine constitution mismatch. My lens is narrow."
266,ClimateAction.Tech,https://climateaction.tech,30.5,30.5,0,0.75,LOW,NONE,criteria,"ClimateAction.Tech scores 30.5 — the specific questions my constitution asks (named excluded populations, contestability mechanisms, algorithmic accountability) don't find clear answers in the dossier. Issue area: advocacy tech. Completeness 0.75 is good, so this is a genuine constitution mismatch. My lens is narrow."
267,The Commons Social Change Library,https://commonslibrary.org,30.5,30.5,0,0.75,LOW,NONE,criteria,"The Commons Social Change Library scores 30.5 — the specific questions my constitution asks (named excluded populations, contestability mechanisms, algorithmic accountability) don't find clear answers in the dossier. Issue area: participatory democracy. Completeness 0.75 is good, so this is a genuine constitution mismatch. My lens is narrow."
268,Pastecal,https://github.com/kazad/pastecal,30.5,30.5,0,0.75,LOW,NONE,criteria,"Pastecal scores 30.5 — the specific questions my constitution asks (named excluded populations, contestability mechanisms, algorithmic accountability) don't find clear answers in the dossier. Issue area: civic data. Completeness 0.75 is good, so this is a genuine constitution mismatch. My lens is narrow."
269,Idealist,https://idealist.org,30.5,30.5,0,0.75,LOW,NONE,criteria,"Idealist scores 30.5 — the specific questions my constitution asks (named excluded populations, contestability mechanisms, algorithmic accountability) don't find clear answers in the dossier. Issue area: participatory democracy. Completeness 0.75 is good, so this is a genuine constitution mismatch. My lens is narrow."
270,Mapped,https://mapped.commonknowledge.coop,30.5,30.5,0,0.75,LOW,NONE,criteria,"Mapped scores 30.5 — the specific questions my constitution asks (named excluded populations, contestability mechanisms, algorithmic accountability) don't find clear answers in the dossier. Issue area: participatory democracy. Completeness 0.75 is good, so this is a genuine constitution mismatch. My lens is narrow."
271,Public Media Stack,https://publicmediastack.com,30.5,30.5,0,0.75,LOW,NONE,criteria,"I'm scoring Public Media Stack at 30.5 — near the bottom of my ranking. The project doesn't address algorithmic accountability or exclusion by named categorical mechanism, which are my highest-weighted criteria. It operates in the media journalism space, and the dossier doesn't show a clear fit with my constitution. This is a constitution mismatch: my framework simply can't see the value this project may have in its own domain."
272,Turbo Phonebank,https://turbophonebank.com,30.5,30.5,0,0.75,LOW,NONE,criteria,"I'm scoring Turbo Phonebank at 30.5 — near the bottom of my ranking. The project doesn't address algorithmic accountability or exclusion by named categorical mechanism, which are my highest-weighted criteria. It operates in the participatory democracy space, and the dossier doesn't show a clear fit with my constitution. This is a constitution mismatch: my framework simply can't see the value this project may have in its own domain."
273,The Guide to Major Trusts 2025/26,https://www.dsc.org.uk/publication/the-guide-to-major-trusts-2025-26,30.5,30.5,0,0.75,LOW,NONE,criteria,"I'm scoring The Guide to Major Trusts 2025/26 at 30.5 — near the bottom of my ranking. The project doesn't address algorithmic accountability or exclusion by named categorical mechanism, which are my highest-weighted criteria. It operates in the civic data space, and the dossier doesn't show a clear fit with my constitution. This is a constitution mismatch: my framework simply can't see the value this project may have in its own domain."
274,GovWise,https://www.govwise.ai/en,30.5,30.5,0,0.75,LOW,NONE,criteria,"I'm scoring GovWise at 30.5 — near the bottom of my ranking. The project doesn't address algorithmic accountability or exclusion by named categorical mechanism, which are my highest-weighted criteria. It operates in the govtech space, and the dossier doesn't show a clear fit with my constitution. This is a constitution mismatch: my framework simply can't see the value this project may have in its own domain."
275,Collaborative Data Patterns,https://collaborative-data.theodi.org,30.5,30.5,0,0.67,MEDIUM,NONE,criteria,"I'm scoring Collaborative Data Patterns at 30.5 — near the bottom of my ranking. The project doesn't address algorithmic accountability or exclusion by named categorical mechanism, which are my highest-weighted criteria. It operates in the civic data space, and the dossier doesn't show a clear fit with my constitution. This is a constitution mismatch: my framework simply can't see the value this project may have in its own domain."
276,Dunadyne,https://dunadyne.org,30.5,30.5,0,0.67,MEDIUM,NONE,criteria,"I'm scoring Dunadyne at 30.5 — near the bottom of my ranking. The project doesn't address algorithmic accountability or exclusion by named categorical mechanism, which are my highest-weighted criteria. It operates in the Community improvement, capacity building, collective intelligence, decentralized governance space, and the dossier doesn't show a clear fit with my constitution. This is a constitution mismatch: my framework simply can't see the value this project may have in its own domain."
277,Remember to Vote,https://remembertovote.org.uk,30.5,30.5,0,0.67,MEDIUM,NONE,criteria,"I'm scoring Remember to Vote at 30.5 — near the bottom of my ranking. The project doesn't address algorithmic accountability or exclusion by named categorical mechanism, which are my highest-weighted criteria. It operates in the participatory democracy space, and the dossier doesn't show a clear fit with my constitution. This is a constitution mismatch: my framework simply can't see the value this project may have in its own domain."
278,Shared Digital Guides,https://www.shareddigitalguides.org.uk,30.5,30.5,0,0.67,MEDIUM,NONE,criteria,"I'm scoring Shared Digital Guides at 30.5 — near the bottom of my ranking. The project doesn't address algorithmic accountability or exclusion by named categorical mechanism, which are my highest-weighted criteria. It operates in the govtech space, and the dossier doesn't show a clear fit with my constitution. This is a constitution mismatch: my framework simply can't see the value this project may have in its own domain."
279,Hand-Written Petition Scanner,https://hand-written-petition-scanner.streamlit.app,30.5,30.5,0,0.37999999999999995,HIGH,NONE,criteria,"Hand-Written Petition Scanner's homepage is dead or inaccessible, capping my score at 45 regardless of what the dossier says. The dossier suggests something was happening here, but I can't confirm current activity."
280,Local Deep Researcher,https://local-deep-researcher-hnmh.vercel.app,30,23.2,0,0.3,HIGH,NONE,underdog-protection,The dossier on Local Deep Researcher is thin — completeness 0.3 — so I can't assess it confidently against my core criteria. I'm holding it at the uncertainty floor rather than penalising for under-documentation.
281,Unknown Academic Paper (SSRN 5351275),https://papers.ssrn.com/sol3/papers.cfm?abstract_id=5351275,30,23.2,0,0.1,HIGH,NONE,underdog-protection,The dossier on Unknown Academic Paper (SSRN 5351275) is thin — completeness 0.1 — so I can't assess it confidently against my core criteria. I'm holding it at the uncertainty floor rather than penalising for under-documentation.
282,Unknown,https://tracking-template-38b4c.web.app,30,24.4,0,0.08,HIGH,NONE,underdog-protection,The dossier on Unknown is thin — completeness 0.08 — so I can't assess it confidently against my core criteria. I'm holding it at the uncertainty floor rather than penalising for under-documentation.
283,Esper,https://esper.com/product,29.3,29.3,0,0.83,LOW,NONE,criteria,"I'm scoring Esper at 29.3 — near the bottom of my ranking. The project doesn't address algorithmic accountability or exclusion by named categorical mechanism, which are my highest-weighted criteria. It operates in the govtech space, and the dossier doesn't show a clear fit with my constitution. This is a constitution mismatch: my framework simply can't see the value this project may have in its own domain."
284,Overton,https://overton.io,29.3,29.3,0,0.83,LOW,NONE,criteria,"I'm scoring Overton at 29.3 — near the bottom of my ranking. The project doesn't address algorithmic accountability or exclusion by named categorical mechanism, which are my highest-weighted criteria. It operates in the Political analysis, policy research, civic engagement space, and the dossier doesn't show a clear fit with my constitution. This is a constitution mismatch: my framework simply can't see the value this project may have in its own domain."
285,COTSI (Cyber Operational Threat Situational Intelligence),https://cotsi.org,29.3,29.3,0,0.75,LOW,NONE,criteria,"I'm scoring COTSI (Cyber Operational Threat Situational Intelligence) at 29.3 — near the bottom of my ranking. The project doesn't address algorithmic accountability or exclusion by named categorical mechanism, which are my highest-weighted criteria. It operates in the disinformation space, and the dossier doesn't show a clear fit with my constitution. This is a constitution mismatch: my framework simply can't see the value this project may have in its own domain."
286,FarmerChat,https://farmerchat.digitalgreen.org,29.3,29.3,0,0.75,LOW,NONE,criteria,"I'm scoring FarmerChat at 29.3 — near the bottom of my ranking. The project doesn't address algorithmic accountability or exclusion by named categorical mechanism, which are my highest-weighted criteria. It operates in the Agriculture, Rural development, Food security space, and the dossier doesn't show a clear fit with my constitution. This is a constitution mismatch: my framework simply can't see the value this project may have in its own domain."
287,django-collaborative,https://github.com/propublica/django-collaborative,29.3,29.3,0,0.75,LOW,NONE,criteria,"I'm scoring django-collaborative at 29.3 — near the bottom of my ranking. The project doesn't address algorithmic accountability or exclusion by named categorical mechanism, which are my highest-weighted criteria. It operates in the media journalism space, and the dossier doesn't show a clear fit with my constitution. This is a constitution mismatch: my framework simply can't see the value this project may have in its own domain."
288,Manifold Markets,https://manifold.markets,29.3,29.3,0,0.75,LOW,NONE,criteria,"I'm scoring Manifold Markets at 29.3 — near the bottom of my ranking. The project doesn't address algorithmic accountability or exclusion by named categorical mechanism, which are my highest-weighted criteria. It operates in the participatory democracy space, and the dossier doesn't show a clear fit with my constitution. This is a constitution mismatch: my framework simply can't see the value this project may have in its own domain."
289,Deliberation & Technology (DelibTech) Network,https://www.demnext.org/projects/delibtech-network,29.3,29.3,0,0.75,LOW,NONE,criteria,"I'm scoring Deliberation & Technology (DelibTech) Network at 29.3 — near the bottom of my ranking. The project doesn't address algorithmic accountability or exclusion by named categorical mechanism, which are my highest-weighted criteria. It operates in the participatory democracy space, and the dossier doesn't show a clear fit with my constitution. This is a constitution mismatch: my framework simply can't see the value this project may have in its own domain."
290,Democracy Fund Open Source,https://www.dfos.com,29.3,29.3,0,0.75,LOW,NONE,criteria,"I'm scoring Democracy Fund Open Source at 29.3 — near the bottom of my ranking. The project doesn't address algorithmic accountability or exclusion by named categorical mechanism, which are my highest-weighted criteria. It operates in the Civic engagement, voting access, election administration space, and the dossier doesn't show a clear fit with my constitution. This is a constitution mismatch: my framework simply can't see the value this project may have in its own domain."
291,MP Twitter Bios,https://www.mptwitterbios.co.uk,29.3,29.3,0,0.75,LOW,NONE,criteria,"I'm scoring MP Twitter Bios at 29.3 — near the bottom of my ranking. The project doesn't address algorithmic accountability or exclusion by named categorical mechanism, which are my highest-weighted criteria. It operates in the civic data space, and the dossier doesn't show a clear fit with my constitution. This is a constitution mismatch: my framework simply can't see the value this project may have in its own domain."
292,OpenOrigins,https://www.openorigins.com,29.3,29.3,0,0.75,LOW,NONE,criteria,"I'm scoring OpenOrigins at 29.3 — near the bottom of my ranking. The project doesn't address algorithmic accountability or exclusion by named categorical mechanism, which are my highest-weighted criteria. It operates in the disinformation space, and the dossier doesn't show a clear fit with my constitution. This is a constitution mismatch: my framework simply can't see the value this project may have in its own domain."
293,docs.plus,https://docs.plus,29.3,29.3,0,0.67,MEDIUM,NONE,criteria,"I'm scoring docs.plus at 29.3 — near the bottom of my ranking. The project doesn't address algorithmic accountability or exclusion by named categorical mechanism, which are my highest-weighted criteria. It operates in the participatory democracy space, and the dossier doesn't show a clear fit with my constitution. This is a constitution mismatch: my framework simply can't see the value this project may have in its own domain."
294,Snowdrift.coop,https://snowdrift.coop,28.0,28.0,0,0.83,LOW,NONE,criteria,"I'm scoring Snowdrift.coop at 28.0 — near the bottom of my ranking. The project doesn't address algorithmic accountability or exclusion by named categorical mechanism, which are my highest-weighted criteria. It operates in the open source sustainability space, and the dossier doesn't show a clear fit with my constitution. This is a constitution mismatch: my framework simply can't see the value this project may have in its own domain."
295,soweego,https://soweego.readthedocs.io,28.0,28.0,0,0.83,LOW,NONE,criteria,"I'm scoring soweego at 28.0 — near the bottom of my ranking. The project doesn't address algorithmic accountability or exclusion by named categorical mechanism, which are my highest-weighted criteria. It operates in the open knowledge space, and the dossier doesn't show a clear fit with my constitution. This is a constitution mismatch: my framework simply can't see the value this project may have in its own domain."
296,Conservative Party Funding,https://conservativepartyfunding.co.uk,28.0,28.0,0,0.75,LOW,NONE,criteria,"I'm scoring Conservative Party Funding at 28.0 — near the bottom of my ranking. The project doesn't address algorithmic accountability or exclusion by named categorical mechanism, which are my highest-weighted criteria. It operates in the civic data space, and the dossier doesn't show a clear fit with my constitution. This is a constitution mismatch: my framework simply can't see the value this project may have in its own domain."
297,The Decelerator,https://decelerator.org.uk,28.0,28.0,0,0.75,LOW,NONE,criteria,"I'm scoring The Decelerator at 28.0 — near the bottom of my ranking. The project doesn't address algorithmic accountability or exclusion by named categorical mechanism, which are my highest-weighted criteria. It operates in the advocacy tech space, and the dossier doesn't show a clear fit with my constitution. This is a constitution mismatch: my framework simply can't see the value this project may have in its own domain."
298,DeepSeek-V3,https://github.com/deepseek-ai/deepseek-v3,28.0,28.0,0,0.75,LOW,NONE,criteria,"I'm scoring DeepSeek-V3 at 28.0 — near the bottom of my ranking. The project doesn't address algorithmic accountability or exclusion by named categorical mechanism, which are my highest-weighted criteria. It operates in the emerging tech space, and the dossier doesn't show a clear fit with my constitution. This is a constitution mismatch: my framework simply can't see the value this project may have in its own domain."
299,Rahvaalgatus,https://github.com/rahvaalgatus/rahvaalgatus,28.0,28.0,0,0.75,LOW,NONE,criteria,"I'm scoring Rahvaalgatus at 28.0 — near the bottom of my ranking. The project doesn't address algorithmic accountability or exclusion by named categorical mechanism, which are my highest-weighted criteria. It operates in the participatory democracy space, and the dossier doesn't show a clear fit with my constitution. This is a constitution mismatch: my framework simply can't see the value this project may have in its own domain."
300,Humble Data Workshop,https://humbledata.org,28.0,28.0,0,0.75,LOW,NONE,criteria,"I'm scoring Humble Data Workshop at 28.0 — near the bottom of my ranking. The project doesn't address algorithmic accountability or exclusion by named categorical mechanism, which are my highest-weighted criteria. It operates in the digital literacy space, and the dossier doesn't show a clear fit with my constitution. This is a constitution mismatch: my framework simply can't see the value this project may have in its own domain."
301,Journal of Open Source Software,https://joss.theoj.org,28.0,28.0,0,0.75,LOW,NONE,criteria,"I'm scoring Journal of Open Source Software at 28.0 — near the bottom of my ranking. The project doesn't address algorithmic accountability or exclusion by named categorical mechanism, which are my highest-weighted criteria. It operates in the Open Source Software space, and the dossier doesn't show a clear fit with my constitution. This is a constitution mismatch: my framework simply can't see the value this project may have in its own domain."
302,Murmurations Protocol,https://murmurations.network,28.0,28.0,0,0.75,LOW,NONE,criteria,"I'm scoring Murmurations Protocol at 28.0 — near the bottom of my ranking. The project doesn't address algorithmic accountability or exclusion by named categorical mechanism, which are my highest-weighted criteria. It operates in the decentralised data infrastructure space, and the dossier doesn't show a clear fit with my constitution. This is a constitution mismatch: my framework simply can't see the value this project may have in its own domain."
303,DemTech Navigator,https://navigator.oii.ox.ac.uk,28.0,28.0,0,0.75,LOW,NONE,criteria,"I'm scoring DemTech Navigator at 28.0 — near the bottom of my ranking. The project doesn't address algorithmic accountability or exclusion by named categorical mechanism, which are my highest-weighted criteria. It operates in the disinformation space, and the dossier doesn't show a clear fit with my constitution. This is a constitution mismatch: my framework simply can't see the value this project may have in its own domain."
304,Metaculus,https://metaculus.com,28.0,28.0,0,0.72,LOW,NONE,criteria,"Metaculus's homepage is dead or inaccessible, capping my score at 45 regardless of what the dossier says. The dossier suggests something was happening here, but I can't confirm current activity."
305,In the news,https://en.wikipedia.org/wiki/wikipedia:in_the_news,28.0,28.0,0,0.67,MEDIUM,MEDIUM,criteria,"I'm scoring In the news at 28.0 — near the bottom of my ranking. The project doesn't address algorithmic accountability or exclusion by named categorical mechanism, which are my highest-weighted criteria. It operates in the information access space, and the dossier doesn't show a clear fit with my constitution. This is a constitution mismatch: my framework simply can't see the value this project may have in its own domain."
306,PolicyMogul,https://policymogul.com,28.0,28.0,0,0.67,MEDIUM,NONE,criteria,"I'm scoring PolicyMogul at 28.0 — near the bottom of my ranking. The project doesn't address algorithmic accountability or exclusion by named categorical mechanism, which are my highest-weighted criteria. It operates in the govtech space, and the dossier doesn't show a clear fit with my constitution. This is a constitution mismatch: my framework simply can't see the value this project may have in its own domain."
307,semanticClimate,https://semanticclimate.github.io,28.0,28.0,0,0.67,MEDIUM,NONE,criteria,"I'm scoring semanticClimate at 28.0 — near the bottom of my ranking. The project doesn't address algorithmic accountability or exclusion by named categorical mechanism, which are my highest-weighted criteria. It operates in the civic data space, and the dossier doesn't show a clear fit with my constitution. This is a constitution mismatch: my framework simply can't see the value this project may have in its own domain."
308,whatsmeow,https://github.com/tulir/whatsmeow,28.0,28.0,0,0.5,MEDIUM,NONE,criteria,"I'm scoring whatsmeow at 28.0 — near the bottom of my ranking. The project doesn't address algorithmic accountability or exclusion by named categorical mechanism, which are my highest-weighted criteria.  and the dossier doesn't show a clear fit with my constitution. This is a constitution mismatch: my framework simply can't see the value this project may have in its own domain."
309,Missing Numbers,https://missingnumbers.org,26.8,26.8,0,0.92,LOW,NONE,criteria,"I'm scoring Missing Numbers at 26.8 — near the bottom of my ranking. The project doesn't address algorithmic accountability or exclusion by named categorical mechanism, which are my highest-weighted criteria. It operates in the civic data space, and the dossier doesn't show a clear fit with my constitution. This is a constitution mismatch: my framework simply can't see the value this project may have in its own domain."
310,PatCit,https://github.com/cverluise/patcit,26.8,26.8,0,0.83,LOW,NONE,criteria,"I'm scoring PatCit at 26.8 — near the bottom of my ranking. The project doesn't address algorithmic accountability or exclusion by named categorical mechanism, which are my highest-weighted criteria. It operates in the innovation policy space, and the dossier doesn't show a clear fit with my constitution. This is a constitution mismatch: my framework simply can't see the value this project may have in its own domain."
311,Fission Codes,https://github.com/fission-codes/fission-codes,26.8,26.8,0,0.75,LOW,NONE,criteria,"I'm scoring Fission Codes at 26.8 — near the bottom of my ranking. The project doesn't address algorithmic accountability or exclusion by named categorical mechanism, which are my highest-weighted criteria. It operates in the emerging tech space, and the dossier doesn't show a clear fit with my constitution. This is a constitution mismatch: my framework simply can't see the value this project may have in its own domain."
312,Understanding Your Morality,https://programs.clearerthinking.org/understanding-your-morality,26.8,26.8,0,0.75,LOW,NONE,criteria,"I'm scoring Understanding Your Morality at 26.8 — near the bottom of my ranking. The project doesn't address algorithmic accountability or exclusion by named categorical mechanism, which are my highest-weighted criteria. It operates in the Civic Engagement, Values Education, Critical Thinking space, and the dossier doesn't show a clear fit with my constitution. This is a constitution mismatch: my framework simply can't see the value this project may have in its own domain."
313,Ladder Hub,https://ladderhub.org,26.8,26.8,0,0.67,MEDIUM,NONE,criteria,"I'm scoring Ladder Hub at 26.8 — near the bottom of my ranking. The project doesn't address algorithmic accountability or exclusion by named categorical mechanism, which are my highest-weighted criteria. It operates in the Economic Opportunity, Workforce Development, Career Advancement space, and the dossier doesn't show a clear fit with my constitution. This is a constitution mismatch: my framework simply can't see the value this project may have in its own domain."
314,WorkInCharities,https://www.workincharities.co.uk,26.8,26.8,0,0.67,MEDIUM,NONE,criteria,"I'm scoring WorkInCharities at 26.8 — near the bottom of my ranking. The project doesn't address algorithmic accountability or exclusion by named categorical mechanism, which are my highest-weighted criteria. It operates in the employment space, and the dossier doesn't show a clear fit with my constitution. This is a constitution mismatch: my framework simply can't see the value this project may have in its own domain."
315,Citizens Advice Tableau Public Profile,https://public.tableau.com/app/profile/citizensadvice/vizzes,26.8,26.8,0,0.58,MEDIUM,NONE,criteria,"I'm scoring Citizens Advice Tableau Public Profile at 26.8 — near the bottom of my ranking. The project doesn't address algorithmic accountability or exclusion by named categorical mechanism, which are my highest-weighted criteria. It operates in the civic data space, and the dossier doesn't show a clear fit with my constitution. This is a constitution mismatch: my framework simply can't see the value this project may have in its own domain."
316,Schema.org,https://schema.org,26.8,26.8,0,0.5,MEDIUM,NONE,criteria,"I'm scoring Schema.org at 26.8 — near the bottom of my ranking. The project doesn't address algorithmic accountability or exclusion by named categorical mechanism, which are my highest-weighted criteria.  and the dossier doesn't show a clear fit with my constitution. This is a constitution mismatch: my framework simply can't see the value this project may have in its own domain."
317,CivicPress,https://civicpress.io,25.6,25.6,0,0.83,LOW,NONE,criteria,"I'm scoring CivicPress at 25.6 — near the bottom of my ranking. The project doesn't address algorithmic accountability or exclusion by named categorical mechanism, which are my highest-weighted criteria. It operates in the govtech space, and the dossier doesn't show a clear fit with my constitution. This is a constitution mismatch: my framework simply can't see the value this project may have in its own domain."
318,Pageviews Analysis,https://pageviews.wmcloud.org,25.6,25.6,0,0.75,LOW,NONE,criteria,"I'm scoring Pageviews Analysis at 25.6 — near the bottom of my ranking. The project doesn't address algorithmic accountability or exclusion by named categorical mechanism, which are my highest-weighted criteria. It operates in the civic data space, and the dossier doesn't show a clear fit with my constitution. This is a constitution mismatch: my framework simply can't see the value this project may have in its own domain."
319,Abstract Wikipedia,https://meta.wikimedia.org/wiki/abstract_wikipedia,25.6,25.6,0,0.72,LOW,MEDIUM,criteria,"Abstract Wikipedia's homepage is dead or inaccessible, capping my score at 45 regardless of what the dossier says. The dossier suggests something was happening here, but I can't confirm current activity."
320,DoGooder,https://dogooder.co,25.6,25.6,0,0.6299999999999999,MEDIUM,NONE,criteria,"DoGooder's homepage is dead or inaccessible, capping my score at 45 regardless of what the dossier says. The dossier suggests something was happening here, but I can't confirm current activity."
321,Keep It In The Community,https://plunkett.my.site.com/keepitinthecommunity/s,24.4,24.4,0,0.58,MEDIUM,NONE,criteria,"I'm scoring Keep It In The Community at 24.4 — near the bottom of my ranking. The project doesn't address algorithmic accountability or exclusion by named categorical mechanism, which are my highest-weighted criteria. It operates in the Community Development space, and the dossier doesn't show a clear fit with my constitution. This is a constitution mismatch: my framework simply can't see the value this project may have in its own domain."
