Rank,Project,URL,Score,Criteria,Mod Adj,Completeness,Uncertainty,Pop Risk,Primary Driver,Rationale
1,mySociety Datasets and APIs,https://data.mysociety.org,63.9,55.9,8,0.9,LOW,HIGH,modifier,"mySociety Datasets and APIs scores well on my criteria — particularly in civic engagement and open infrastructure — but I need to flag that its high score partly reflects excellent documentation. It is thoroughly documented in the dossier, which gives it a scoring advantage over equally worthy but less visible projects."
2,Open Council Network,https://opencouncil.network,61.9,53.9,8,0.9,LOW,MEDIUM,modifier,What I value about Open Council Network is its direct focus on enabling citizen participation. The dossier shows it working at the level where actual democratic decisions happen — not just talking about democracy but building tools people can use to practice it.
3,Open Data Editor (ODE),https://okfn.org/en/projects/open-data-editor,58.9,55.9,3,1.0,LOW,HIGH,criteria,"Open Data Editor (ODE) scores well on my criteria — particularly in civic engagement and open infrastructure — but I need to flag that its high score partly reflects excellent documentation. It is thoroughly documented in the dossier, which gives it a scoring advantage over equally worthy but less visible projects."
4,PlaceCal,https://github.com/geeksforsocialchange/placecal,58.0,50.0,8,0.95,LOW,MEDIUM,modifier,What I value about PlaceCal is its direct focus on enabling citizen participation. The dossier shows it working at the level where actual democratic decisions happen — not just talking about democracy but building tools people can use to practice it.
5,Alaveteli,https://alaveteli.org,57.9,53.9,4,0.9,LOW,MEDIUM,criteria,What I value about Alaveteli is its direct focus on enabling citizen participation. The dossier shows it working at the level where actual democratic decisions happen — not just talking about democracy but building tools people can use to practice it.
6,CONSUL Democracy,https://consulproject.org,57.0,49.0,8,0.95,LOW,HIGH,modifier,"CONSUL Democracy scores well on my criteria — particularly in civic engagement and open infrastructure — but I need to flag that its high score partly reflects excellent documentation. It is thoroughly documented in the dossier, which gives it a scoring advantage over equally worthy but less visible projects."
7,adhocracy+,https://adhocracy.plus,56.0,48.0,8,0.95,LOW,MEDIUM,modifier,What I value about adhocracy+ is its direct focus on enabling citizen participation. The dossier shows it working at the level where actual democratic decisions happen — not just talking about democracy but building tools people can use to practice it.
8,Citizen OS,https://citizenos.com/platform,56.0,52.0,4,0.9,LOW,MEDIUM,criteria,What I value about Citizen OS is its direct focus on enabling citizen participation. The dossier shows it working at the level where actual democratic decisions happen — not just talking about democracy but building tools people can use to practice it.
9,Tech Coops List,https://tech-coops.xyz,56.0,48.0,8,0.95,LOW,MEDIUM,modifier,What I value about Tech Coops List is its direct focus on enabling citizen participation. The dossier shows it working at the level where actual democratic decisions happen — not just talking about democracy but building tools people can use to practice it.
10,WhatGov,https://www.whatgov.co.uk,56.0,48.0,8,0.95,LOW,MEDIUM,modifier,What I value about WhatGov is its direct focus on enabling citizen participation. The dossier shows it working at the level where actual democratic decisions happen — not just talking about democracy but building tools people can use to practice it.
11,CiviCRM,https://civicrm.org,55.1,47.1,8,0.9,LOW,MEDIUM,modifier,What I value about CiviCRM is its direct focus on enabling citizen participation. The dossier shows it working at the level where actual democratic decisions happen — not just talking about democracy but building tools people can use to practice it.
12,Strike Map,https://strikemap.org,55.1,44.1,11,0.75,LOW,MEDIUM,modifier,What I value about Strike Map is its direct focus on enabling citizen participation. The dossier shows it working at the level where actual democratic decisions happen — not just talking about democracy but building tools people can use to practice it.
13,Sugartrail,https://github.com/ribenamaplesyrup/sugartrail,54.1,43.1,11,0.95,LOW,MEDIUM,modifier,Sugartrail gets a moderate score on raw criteria but benefits from modifier boosts — likely European context or creative methodology. The base civic engagement and data work is solid if unspectacular.
14,Polis,https://github.com/compdemocracy/polis,53.1,45.1,8,0.9,LOW,HIGH,modifier,Polis gets a moderate score on raw criteria but benefits from modifier boosts — likely European context or creative methodology. The base civic engagement and data work is solid if unspectacular.
15,Populate Tools,https://github.com/populatetools,53.1,45.1,8,0.95,LOW,MEDIUM,modifier,Populate Tools gets a moderate score on raw criteria but benefits from modifier boosts — likely European context or creative methodology. The base civic engagement and data work is solid if unspectacular.
16,LiquidFeedback,https://liquidfeedback.com,53.1,45.1,8,0.9,LOW,MEDIUM,modifier,LiquidFeedback gets a moderate score on raw criteria but benefits from modifier boosts — likely European context or creative methodology. The base civic engagement and data work is solid if unspectacular.
17,PolicyEngine,https://policyengine.org/uk,53.1,45.1,8,0.9,LOW,MEDIUM,modifier,PolicyEngine gets a moderate score on raw criteria but benefits from modifier boosts — likely European context or creative methodology. The base civic engagement and data work is solid if unspectacular.
18,Mastodon C,https://www.mastodonc.com,53.1,45.1,8,0.9,LOW,HIGH,modifier,Mastodon C gets a moderate score on raw criteria but benefits from modifier boosts — likely European context or creative methodology. The base civic engagement and data work is solid if unspectacular.
19,Decidim,https://decidim.org,52.1,44.1,8,0.95,LOW,HIGH,modifier,Decidim gets a moderate score on raw criteria but benefits from modifier boosts — likely European context or creative methodology. The base civic engagement and data work is solid if unspectacular.
20,ОПОРА (Opora),https://www.oporaua.org,51.3,37.3,14,0.9,LOW,MEDIUM,modifier,ОПОРА (Opora) gets a moderate score on raw criteria but benefits from modifier boosts — likely European context or creative methodology. The base civic engagement and data work is solid if unspectacular.
21,Stanford Participatory Budgeting Platform,https://github.com/stanfordcdt/pb,51.1,47.1,4,0.9,LOW,HIGH,criteria,Stanford Participatory Budgeting Platform gets a moderate score on raw criteria but benefits from modifier boosts — likely European context or creative methodology. The base civic engagement and data work is solid if unspectacular.
22,Open Digital Planning,https://opendigitalplanning.org,51.1,47.1,4,1.0,LOW,MEDIUM,criteria,Open Digital Planning gets a moderate score on raw criteria but benefits from modifier boosts — likely European context or creative methodology. The base civic engagement and data work is solid if unspectacular.
23,ODK (Open Data Kit),https://getodk.org,51.0,51.0,0,0.9,LOW,HIGH,criteria,"ODK (Open Data Kit) does useful work that partially overlaps with what I care about, but it does not hit the core of my criteria — either the civic engagement component is indirect, or the data-for-good aspect is secondary to its main mission."
24,CommunityRule,https://communityrule.info,50.2,42.2,8,0.95,LOW,MEDIUM,modifier,CommunityRule gets a moderate score on raw criteria but benefits from modifier boosts — likely European context or creative methodology. The base civic engagement and data work is solid if unspectacular.
25,Martus,https://www.martus.org,50.2,42.2,8,0.9,LOW,MEDIUM,modifier,Martus gets a moderate score on raw criteria but benefits from modifier boosts — likely European context or creative methodology. The base civic engagement and data work is solid if unspectacular.
26,Constitute Project,https://constituteproject.org,50.1,46.1,4,0.95,LOW,MEDIUM,criteria,Constitute Project gets a moderate score on raw criteria but benefits from modifier boosts — likely European context or creative methodology. The base civic engagement and data work is solid if unspectacular.
27,RxC Voice,https://github.com/radicalxchange/rxc-voice,50.1,46.1,4,0.95,LOW,MEDIUM,criteria,RxC Voice gets a moderate score on raw criteria but benefits from modifier boosts — likely European context or creative methodology. The base civic engagement and data work is solid if unspectacular.
28,Pursuance Project,https://pursuanceproject.org,50.1,46.1,4,0.95,LOW,MEDIUM,criteria,Pursuance Project gets a moderate score on raw criteria but benefits from modifier boosts — likely European context or creative methodology. The base civic engagement and data work is solid if unspectacular.
29,OpenBudgets.eu,https://openbudgets.eu,49.2,38.2,11,0.9,LOW,MEDIUM,modifier,OpenBudgets.eu gets a moderate score on raw criteria but benefits from modifier boosts — likely European context or creative methodology. The base civic engagement and data work is solid if unspectacular.
30,Participedia,https://participedia.net,49.2,41.2,8,0.95,LOW,HIGH,modifier,Participedia gets a moderate score on raw criteria but benefits from modifier boosts — likely European context or creative methodology. The base civic engagement and data work is solid if unspectacular.
31,MP Twitter Bios,https://www.mptwitterbios.co.uk,49.2,41.2,8,0.95,LOW,MEDIUM,modifier,MP Twitter Bios gets a moderate score on raw criteria but benefits from modifier boosts — likely European context or creative methodology. The base civic engagement and data work is solid if unspectacular.
32,Tactical Data Engagement,https://communities.sunlightfoundation.com/methodology,49.1,45.1,4,0.85,LOW,MEDIUM,criteria,Tactical Data Engagement gets a moderate score on raw criteria but benefits from modifier boosts — likely European context or creative methodology. The base civic engagement and data work is solid if unspectacular.
33,Parti,https://parti.xyz,49.1,45.1,4,0.95,LOW,MEDIUM,criteria,Parti gets a moderate score on raw criteria but benefits from modifier boosts — likely European context or creative methodology. The base civic engagement and data work is solid if unspectacular.
34,Cobudget,https://cobudget.com,48.2,40.2,8,0.9,LOW,HIGH,modifier,Cobudget gets a moderate score on raw criteria but benefits from modifier boosts — likely European context or creative methodology. The base civic engagement and data work is solid if unspectacular.
35,Humanitarian OpenStreetMap Team (HOT),https://www.hotosm.org,48.2,41.2,7,0.9,LOW,HIGH,modifier,Humanitarian OpenStreetMap Team (HOT) gets a moderate score on raw criteria but benefits from modifier boosts — likely European context or creative methodology. The base civic engagement and data work is solid if unspectacular.
36,All Our Ideas,https://all-our-ideas.citizens.is,48.1,44.1,4,0.75,LOW,MEDIUM,criteria,All Our Ideas gets a moderate score on raw criteria but benefits from modifier boosts — likely European context or creative methodology. The base civic engagement and data work is solid if unspectacular.
37,Pastecal,https://github.com/kazad/pastecal,48.1,44.1,4,0.9,LOW,MEDIUM,criteria,Pastecal gets a moderate score on raw criteria but benefits from modifier boosts — likely European context or creative methodology. The base civic engagement and data work is solid if unspectacular.
38,Rahvaalgatus,https://github.com/rahvaalgatus/rahvaalgatus,48.1,44.1,4,0.95,LOW,MEDIUM,criteria,Rahvaalgatus gets a moderate score on raw criteria but benefits from modifier boosts — likely European context or creative methodology. The base civic engagement and data work is solid if unspectacular.
39,Open Collective,https://opencollective.com,48.1,44.1,4,0.9,LOW,MEDIUM,criteria,Open Collective gets a moderate score on raw criteria but benefits from modifier boosts — likely European context or creative methodology. The base civic engagement and data work is solid if unspectacular.
40,Creative Commons,https://creativecommons.org,47.3,36.3,11,0.95,LOW,HIGH,modifier,Creative Commons gets a moderate score on raw criteria but benefits from modifier boosts — likely European context or creative methodology. The base civic engagement and data work is solid if unspectacular.
41,Channel.org,https://channel.org,47.2,39.2,8,0.9,LOW,MEDIUM,modifier,Channel.org gets a moderate score on raw criteria but benefits from modifier boosts — likely European context or creative methodology. The base civic engagement and data work is solid if unspectacular.
42,Mapped,https://mapped.commonknowledge.coop,47.2,39.2,8,0.95,LOW,MEDIUM,modifier,Mapped gets a moderate score on raw criteria but benefits from modifier boosts — likely European context or creative methodology. The base civic engagement and data work is solid if unspectacular.
43,RxC Quadratic Voting,https://quadraticvote.radicalxchange.org,47.2,39.2,8,0.9,LOW,MEDIUM,modifier,RxC Quadratic Voting gets a moderate score on raw criteria but benefits from modifier boosts — likely European context or creative methodology. The base civic engagement and data work is solid if unspectacular.
44,Talk to the City,https://talktothecity.org,47.2,39.2,8,0.95,LOW,MEDIUM,modifier,Talk to the City gets a moderate score on raw criteria but benefits from modifier boosts — likely European context or creative methodology. The base civic engagement and data work is solid if unspectacular.
45,Local Intelligence Hub,https://www.localintelligencehub.com,47.2,39.2,8,1.0,LOW,MEDIUM,modifier,Local Intelligence Hub gets a moderate score on raw criteria but benefits from modifier boosts — likely European context or creative methodology. The base civic engagement and data work is solid if unspectacular.
46,CKAN,https://ckan.org,47.1,43.1,4,0.9,LOW,HIGH,criteria,CKAN gets a moderate score on raw criteria but benefits from modifier boosts — likely European context or creative methodology. The base civic engagement and data work is solid if unspectacular.
47,Relational Tech Project,https://relationaltechproject.org,47.1,43.1,4,0.85,LOW,MEDIUM,criteria,Relational Tech Project gets a moderate score on raw criteria but benefits from modifier boosts — likely European context or creative methodology. The base civic engagement and data work is solid if unspectacular.
48,The Government Says,https://thegovernmentsays.com,47.1,43.1,4,0.9,LOW,MEDIUM,criteria,The Government Says gets a moderate score on raw criteria but benefits from modifier boosts — likely European context or creative methodology. The base civic engagement and data work is solid if unspectacular.
49,Campaign Tracker,https://www.campaigntracker.nl/en,46.3,35.3,11,0.95,LOW,MEDIUM,modifier,Campaign Tracker gets a moderate score on raw criteria but benefits from modifier boosts — likely European context or creative methodology. The base civic engagement and data work is solid if unspectacular.
50,Activist Handbook,https://activisthandbook.org,46.2,38.2,8,0.9,LOW,MEDIUM,modifier,Activist Handbook gets a moderate score on raw criteria but benefits from modifier boosts — likely European context or creative methodology. The base civic engagement and data work is solid if unspectacular.
51,Logos,https://logos.co,46.2,38.2,8,0.95,LOW,MEDIUM,modifier,Logos gets a moderate score on raw criteria but benefits from modifier boosts — likely European context or creative methodology. The base civic engagement and data work is solid if unspectacular.
52,FixMyStreet,https://www.fixmystreet.com,46.2,38.2,8,0.95,LOW,HIGH,modifier,FixMyStreet gets a moderate score on raw criteria but benefits from modifier boosts — likely European context or creative methodology. The base civic engagement and data work is solid if unspectacular.
53,Loomio,https://www.loomio.org,46.2,42.2,4,0.9,LOW,HIGH,criteria,Loomio gets a moderate score on raw criteria but benefits from modifier boosts — likely European context or creative methodology. The base civic engagement and data work is solid if unspectacular.
54,Participa (Podemos),https://github.com/podemos-info/participa,45.3,37.3,8,0.9,LOW,MEDIUM,modifier,Participa (Podemos) gets a moderate score on raw criteria but benefits from modifier boosts — likely European context or creative methodology. The base civic engagement and data work is solid if unspectacular.
55,Open Council Data UK,https://opencouncildata.co.uk,45.3,37.3,8,0.85,LOW,MEDIUM,modifier,Open Council Data UK gets a moderate score on raw criteria but benefits from modifier boosts — likely European context or creative methodology. The base civic engagement and data work is solid if unspectacular.
56,Neighbourhood Warmth,https://www.mysociety.org/climate/neighbourhood-warmth,45.3,34.3,11,0.85,LOW,MEDIUM,modifier,Neighbourhood Warmth gets a moderate score on raw criteria but benefits from modifier boosts — likely European context or creative methodology. The base civic engagement and data work is solid if unspectacular.
57,TheyWorkForYou,https://www.theyworkforyou.com,45.3,37.3,8,0.9,LOW,HIGH,modifier,TheyWorkForYou gets a moderate score on raw criteria but benefits from modifier boosts — likely European context or creative methodology. The base civic engagement and data work is solid if unspectacular.
58,Fundación Ciudadanía Inteligente,https://ciudadaniai.org,45.2,41.2,4,0.9,LOW,MEDIUM,criteria,Fundación Ciudadanía Inteligente gets a moderate score on raw criteria but benefits from modifier boosts — likely European context or creative methodology. The base civic engagement and data work is solid if unspectacular.
59,docs.plus,https://docs.plus,45.2,41.2,4,0.9,LOW,MEDIUM,criteria,docs.plus gets a moderate score on raw criteria but benefits from modifier boosts — likely European context or creative methodology. The base civic engagement and data work is solid if unspectacular.
60,Open Heart Mind (OHM),https://openheartmind.org,45.2,41.2,4,0.9,LOW,MEDIUM,criteria,Open Heart Mind (OHM) gets a moderate score on raw criteria but benefits from modifier boosts — likely European context or creative methodology. The base civic engagement and data work is solid if unspectacular.
61,Open Contracting Partnership,https://www.open-contracting.org,45.2,42.2,3,0.95,LOW,HIGH,criteria,Open Contracting Partnership gets a moderate score on raw criteria but benefits from modifier boosts — likely European context or creative methodology. The base civic engagement and data work is solid if unspectacular.
62,Ushahidi,https://www.ushahidi.com,45.2,41.2,4,0.9,LOW,HIGH,criteria,Ushahidi gets a moderate score on raw criteria but benefits from modifier boosts — likely European context or creative methodology. The base civic engagement and data work is solid if unspectacular.
63,Members' Interests,https://membersinterests.org.uk,45,38.2,8,0.8,LOW,MEDIUM,modifier,Members' Interests gets a moderate score on raw criteria but benefits from modifier boosts — likely European context or creative methodology. The base civic engagement and data work is solid if unspectacular.
64,PolicyKit,https://policykit.org,45,42.2,4,0.85,LOW,MEDIUM,criteria,PolicyKit gets a moderate score on raw criteria but benefits from modifier boosts — likely European context or creative methodology. The base civic engagement and data work is solid if unspectacular.
65,CoTech,https://coops.tech,44.3,36.3,8,0.95,LOW,MEDIUM,modifier,CoTech gets a moderate score on raw criteria but benefits from modifier boosts — likely European context or creative methodology. The base civic engagement and data work is solid if unspectacular.
66,Principles for Public Participation in Procurement of AI,https://p4ai.net,44.3,36.3,8,0.6,MEDIUM,LOW,modifier,Principles for Public Participation in Procurement of AI gets a moderate score on raw criteria but benefits from modifier boosts — likely European context or creative methodology. The base civic engagement and data work is solid if unspectacular.
67,Community Tech,https://www.communitytech.network,44.3,36.3,8,0.85,LOW,MEDIUM,modifier,Community Tech gets a moderate score on raw criteria but benefits from modifier boosts — likely European context or creative methodology. The base civic engagement and data work is solid if unspectacular.
68,Bonfire,https://bonfirenetworks.org,44.2,40.2,4,0.9,LOW,MEDIUM,criteria,Bonfire gets a moderate score on raw criteria but benefits from modifier boosts — likely European context or creative methodology. The base civic engagement and data work is solid if unspectacular.
69,Agreement Engine,https://medium.com/metagov/introducing-the-agreement-engine-bf03b6d5c16c,44.2,40.2,4,0.6,MEDIUM,LOW,criteria,Agreement Engine gets a moderate score on raw criteria but benefits from modifier boosts — likely European context or creative methodology. The base civic engagement and data work is solid if unspectacular.
70,Open Standards for Data Guidebook,https://standards.theodi.org,44.2,40.2,4,0.9,LOW,MEDIUM,criteria,Open Standards for Data Guidebook gets a moderate score on raw criteria but benefits from modifier boosts — likely European context or creative methodology. The base civic engagement and data work is solid if unspectacular.
71,Framework for Meaningful Engagement 2.0,https://ecnl.org/publications/framework-meaningful-engagement-20?mc_cid=b1c5158063&mc_eid=a09c64ec38,43.3,35.3,8,0.85,LOW,MEDIUM,modifier,Framework for Meaningful Engagement 2.0 gets a moderate score on raw criteria but benefits from modifier boosts — likely European context or creative methodology. The base civic engagement and data work is solid if unspectacular.
72,SecureDrop,https://securedrop.org,43.3,35.3,8,0.9,LOW,MEDIUM,modifier,SecureDrop gets a moderate score on raw criteria but benefits from modifier boosts — likely European context or creative methodology. The base civic engagement and data work is solid if unspectacular.
73,Your Priorities,https://yrpri.org,43.3,35.3,8,0.9,LOW,HIGH,modifier,Your Priorities gets a moderate score on raw criteria but benefits from modifier boosts — likely European context or creative methodology. The base civic engagement and data work is solid if unspectacular.
74,Mozilla Data Collective,https://datacollective.mozillafoundation.org,43.2,39.2,4,0.95,LOW,MEDIUM,criteria,Mozilla Data Collective gets a moderate score on raw criteria but benefits from modifier boosts — likely European context or creative methodology. The base civic engagement and data work is solid if unspectacular.
75,Interoperable Deliberative Tools,https://metagov.org/projects/interop,43.2,39.2,4,0.9,LOW,MEDIUM,criteria,Interoperable Deliberative Tools gets a moderate score on raw criteria but benefits from modifier boosts — likely European context or creative methodology. The base civic engagement and data work is solid if unspectacular.
76,Parliament Watch Uganda,https://parliamentwatch.ug,43.2,39.2,4,0.85,LOW,MEDIUM,criteria,Parliament Watch Uganda gets a moderate score on raw criteria but benefits from modifier boosts — likely European context or creative methodology. The base civic engagement and data work is solid if unspectacular.
77,Democracy Fund Open Source,https://www.dfos.com,43.2,39.2,4,0.85,LOW,MEDIUM,criteria,Democracy Fund Open Source gets a moderate score on raw criteria but benefits from modifier boosts — likely European context or creative methodology. The base civic engagement and data work is solid if unspectacular.
78,OpenCRVS,https://www.opencrvs.org,43.2,39.2,4,0.9,LOW,HIGH,criteria,OpenCRVS gets a moderate score on raw criteria but benefits from modifier boosts — likely European context or creative methodology. The base civic engagement and data work is solid if unspectacular.
79,Open Ownership,https://www.openownership.org,43.2,39.2,4,0.9,LOW,MEDIUM,criteria,Open Ownership gets a moderate score on raw criteria but benefits from modifier boosts — likely European context or creative methodology. The base civic engagement and data work is solid if unspectacular.
80,WhatDoTheyKnow,https://www.whatdotheyknow.com,43.2,39.2,4,0.9,LOW,MEDIUM,criteria,WhatDoTheyKnow gets a moderate score on raw criteria but benefits from modifier boosts — likely European context or creative methodology. The base civic engagement and data work is solid if unspectacular.
81,CivicPress,https://civicpress.io,43.1,43.1,0,0.9,LOW,MEDIUM,criteria,"CivicPress does useful work that partially overlaps with what I care about, but it does not hit the core of my criteria — either the civic engagement component is indirect, or the data-for-good aspect is secondary to its main mission."
82,Open Supply Hub,https://opensupplyhub.org,43.1,43.1,0,0.95,LOW,MEDIUM,criteria,"Open Supply Hub does useful work that partially overlaps with what I care about, but it does not hit the core of my criteria — either the civic engagement component is indirect, or the data-for-good aspect is secondary to its main mission."
83,Parse The Bill,https://parsethebill.com,42.4,31.4,11,0.85,LOW,MEDIUM,modifier,Parse The Bill gets a moderate score on raw criteria but benefits from modifier boosts — likely European context or creative methodology. The base civic engagement and data work is solid if unspectacular.
84,Democracy Club Developer API,https://developers.democracyclub.org.uk/api/v1,42.3,34.3,8,0.95,LOW,HIGH,modifier,Democracy Club Developer API gets a moderate score on raw criteria but benefits from modifier boosts — likely European context or creative methodology. The base civic engagement and data work is solid if unspectacular.
85,Open Letter,https://openletter.earth,42.3,34.3,8,0.85,LOW,MEDIUM,modifier,Open Letter gets a moderate score on raw criteria but benefits from modifier boosts — likely European context or creative methodology. The base civic engagement and data work is solid if unspectacular.
86,oTree,https://www.otree.org,42.3,34.3,8,0.9,LOW,MEDIUM,modifier,oTree gets a moderate score on raw criteria but benefits from modifier boosts — likely European context or creative methodology. The base civic engagement and data work is solid if unspectacular.
87,Bellingcat Online Investigation Toolkit,https://bellingcat.gitbook.io/toolkit,42.2,38.2,4,0.95,LOW,MEDIUM,criteria,Bellingcat Online Investigation Toolkit gets a moderate score on raw criteria but benefits from modifier boosts — likely European context or creative methodology. The base civic engagement and data work is solid if unspectacular.
88,Political Advertising Transparency Data Standard,https://github.com/whotargetsme/ad-transparency-standards/blob/main/implement.md,42.2,38.2,4,0.9,LOW,MEDIUM,criteria,Political Advertising Transparency Data Standard gets a moderate score on raw criteria but benefits from modifier boosts — likely European context or creative methodology. The base civic engagement and data work is solid if unspectacular.
89,Murmurations Protocol,https://murmurations.network,42.2,38.2,4,0.95,LOW,MEDIUM,criteria,Murmurations Protocol gets a moderate score on raw criteria but benefits from modifier boosts — likely European context or creative methodology. The base civic engagement and data work is solid if unspectacular.
90,One Project,https://oneproject.org,42.2,38.2,4,0.9,LOW,MEDIUM,criteria,One Project gets a moderate score on raw criteria but benefits from modifier boosts — likely European context or creative methodology. The base civic engagement and data work is solid if unspectacular.
91,GovTrack.us,https://www.govtrack.us,42.2,38.2,4,0.95,LOW,HIGH,criteria,GovTrack.us gets a moderate score on raw criteria but benefits from modifier boosts — likely European context or creative methodology. The base civic engagement and data work is solid if unspectacular.
92,Collaborative Data Patterns,https://collaborative-data.theodi.org,41.3,33.3,8,0.85,LOW,MEDIUM,modifier,Collaborative Data Patterns gets a moderate score on raw criteria but benefits from modifier boosts — likely European context or creative methodology. The base civic engagement and data work is solid if unspectacular.
93,vTaiwan,https://github.com/g0v/vue.vtaiwan.tw,41.3,37.3,4,0.9,LOW,MEDIUM,criteria,vTaiwan gets a moderate score on raw criteria but benefits from modifier boosts — likely European context or creative methodology. The base civic engagement and data work is solid if unspectacular.
94,Awesome UK Government Datasets,https://github.com/i-dot-ai/awesome-gov-datasets,41.3,34.3,7,0.95,LOW,MEDIUM,modifier,Awesome UK Government Datasets gets a moderate score on raw criteria but benefits from modifier boosts — likely European context or creative methodology. The base civic engagement and data work is solid if unspectacular.
95,postcodes.io,https://github.com/ideal-postcodes/postcodes.io,41.3,37.3,4,0.95,LOW,MEDIUM,criteria,postcodes.io gets a moderate score on raw criteria but benefits from modifier boosts — likely European context or creative methodology. The base civic engagement and data work is solid if unspectacular.
96,Groupthink (OpenPolitics Votebot),https://github.com/openpolitics/groupthink,41.3,33.3,8,0.95,LOW,MEDIUM,modifier,Groupthink (OpenPolitics Votebot) gets a moderate score on raw criteria but benefits from modifier boosts — likely European context or creative methodology. The base civic engagement and data work is solid if unspectacular.
97,Harmonica,https://harmonica.chat,41.3,33.3,8,0.85,LOW,MEDIUM,modifier,Harmonica gets a moderate score on raw criteria but benefits from modifier boosts — likely European context or creative methodology. The base civic engagement and data work is solid if unspectacular.
98,Humble Data Workshop,https://humbledata.org,41.3,33.3,8,0.95,LOW,MEDIUM,modifier,Humble Data Workshop gets a moderate score on raw criteria but benefits from modifier boosts — likely European context or creative methodology. The base civic engagement and data work is solid if unspectacular.
99,Monitor Mamdani,https://monitormamdani.com,41.3,37.3,4,0.9,LOW,HIGH,criteria,Monitor Mamdani gets a moderate score on raw criteria but benefits from modifier boosts — likely European context or creative methodology. The base civic engagement and data work is solid if unspectacular.
100,Open Access – Transparency International UK,https://openaccess.transparency.org.uk,41.3,37.3,4,0.8,LOW,MEDIUM,criteria,Open Access – Transparency International UK gets a moderate score on raw criteria but benefits from modifier boosts — likely European context or creative methodology. The base civic engagement and data work is solid if unspectacular.
101,PlanIT,https://planit.org.uk,41.3,33.3,8,0.6,MEDIUM,LOW,modifier,PlanIT gets a moderate score on raw criteria but benefits from modifier boosts — likely European context or creative methodology. The base civic engagement and data work is solid if unspectacular.
102,UrbanistAI,https://site.urbanistai.com,41.3,33.3,8,0.85,LOW,MEDIUM,modifier,UrbanistAI gets a moderate score on raw criteria but benefits from modifier boosts — likely European context or creative methodology. The base civic engagement and data work is solid if unspectacular.
103,WardWatch,https://wardwatch.uk,41.3,33.3,8,0.85,LOW,MEDIUM,modifier,WardWatch gets a moderate score on raw criteria but benefits from modifier boosts — likely European context or creative methodology. The base civic engagement and data work is solid if unspectacular.
104,Papertree,https://www.papertree.earth,41.3,37.3,4,0.7,MEDIUM,LOW,criteria,Papertree gets a moderate score on raw criteria but benefits from modifier boosts — likely European context or creative methodology. The base civic engagement and data work is solid if unspectacular.
105,WriteToThem,https://www.writetothem.com,41.3,33.3,8,0.9,LOW,MEDIUM,modifier,WriteToThem gets a moderate score on raw criteria but benefits from modifier boosts — likely European context or creative methodology. The base civic engagement and data work is solid if unspectacular.
106,GRIM (Global Risk Simulator),https://github.com/sentinelteam/grim,40.4,29.4,11,1.0,LOW,HIGH,modifier,GRIM (Global Risk Simulator) gets a moderate score on raw criteria but benefits from modifier boosts — likely European context or creative methodology. The base civic engagement and data work is solid if unspectacular.
107,OpenElections Leaflet Scraper and Parser,https://github.com/thicknavyrain/uk_elections_leaflets,40.3,36.3,4,0.9,LOW,MEDIUM,criteria,OpenElections Leaflet Scraper and Parser gets a moderate score on raw criteria but benefits from modifier boosts — likely European context or creative methodology. The base civic engagement and data work is solid if unspectacular.
108,The DAO (Standard DAO Framework),https://github.com/vbuterin/dao,40.3,36.3,4,0.9,LOW,MEDIUM,criteria,The DAO (Standard DAO Framework) gets a moderate score on raw criteria but benefits from modifier boosts — likely European context or creative methodology. The base civic engagement and data work is solid if unspectacular.
109,Manifold Markets,https://manifold.markets,40.3,33.3,7,0.9,LOW,MEDIUM,modifier,Manifold Markets gets a moderate score on raw criteria but benefits from modifier boosts — likely European context or creative methodology. The base civic engagement and data work is solid if unspectacular.
110,Open Referral UK,https://openreferraluk.org,40.3,36.3,4,0.9,LOW,MEDIUM,criteria,Open Referral UK gets a moderate score on raw criteria but benefits from modifier boosts — likely European context or creative methodology. The base civic engagement and data work is solid if unspectacular.
111,OpenSanctions,https://www.opensanctions.org,40.3,37.3,3,0.9,LOW,MEDIUM,criteria,OpenSanctions gets a moderate score on raw criteria but benefits from modifier boosts — likely European context or creative methodology. The base civic engagement and data work is solid if unspectacular.
112,Cybersecurity for Democracy,https://cybersecurityfordemocracy.org,39.4,28.4,11,0.9,LOW,MEDIUM,modifier,"Cybersecurity for Democracy exists at the margin of my constitutional interests. It is not civic infrastructure, not focused on participatory democracy, and does not primarily use data for social good — so the criteria give it limited traction."
113,Ethelo,https://ethelo.com,39.4,31.4,8,0.95,LOW,MEDIUM,modifier,"Ethelo exists at the margin of my constitutional interests. It is not civic infrastructure, not focused on participatory democracy, and does not primarily use data for social good — so the criteria give it limited traction."
114,Go Vocal,https://www.govocal.com,39.4,31.4,8,0.9,LOW,MEDIUM,modifier,"Go Vocal exists at the margin of my constitutional interests. It is not civic infrastructure, not focused on participatory democracy, and does not primarily use data for social good — so the criteria give it limited traction."
115,MP Watch,https://www.mpwatch.org,39.4,31.4,8,0.9,LOW,MEDIUM,modifier,"MP Watch exists at the margin of my constitutional interests. It is not civic infrastructure, not focused on participatory democracy, and does not primarily use data for social good — so the criteria give it limited traction."
116,Parallel Parliament,https://www.parallelparliament.co.uk,39.4,31.4,8,0.9,LOW,MEDIUM,modifier,"Parallel Parliament exists at the margin of my constitutional interests. It is not civic infrastructure, not focused on participatory democracy, and does not primarily use data for social good — so the criteria give it limited traction."
117,Anna's Archive,https://annas-archive.pm,39.3,35.3,4,0.65,MEDIUM,LOW,criteria,"Anna's Archive exists at the margin of my constitutional interests. It is not civic infrastructure, not focused on participatory democracy, and does not primarily use data for social good — so the criteria give it limited traction."
118,The Commons Social Change Library,https://commonslibrary.org,39.3,35.3,4,0.85,LOW,MEDIUM,criteria,"The Commons Social Change Library exists at the margin of my constitutional interests. It is not civic infrastructure, not focused on participatory democracy, and does not primarily use data for social good — so the criteria give it limited traction."
119,Community Notes (Birdwatch) Analysis Tool,https://github.com/travisbrown/birdwatch,38.4,31.4,7,1.0,LOW,MEDIUM,modifier,"Community Notes (Birdwatch) Analysis Tool exists at the margin of my constitutional interests. It is not civic infrastructure, not focused on participatory democracy, and does not primarily use data for social good — so the criteria give it limited traction."
120,Find local consultations,https://gov.uk/find-local-consultations,38.4,30.4,8,0.85,LOW,HIGH,modifier,"Find local consultations exists at the margin of my constitutional interests. It is not civic infrastructure, not focused on participatory democracy, and does not primarily use data for social good — so the criteria give it limited traction."
121,OpenAudience,https://openaudience.org,38.4,30.4,8,0.85,LOW,MEDIUM,modifier,"OpenAudience exists at the margin of my constitutional interests. It is not civic infrastructure, not focused on participatory democracy, and does not primarily use data for social good — so the criteria give it limited traction."
122,Who Targets Me Trends,https://trends.whotargets.me,38.4,30.4,8,0.8,LOW,MEDIUM,modifier,"Who Targets Me Trends exists at the margin of my constitutional interests. It is not civic infrastructure, not focused on participatory democracy, and does not primarily use data for social good — so the criteria give it limited traction."
123,Marks Out Of Tenancy,https://www.marksoutoftenancy.com,38.4,30.4,8,0.85,LOW,MEDIUM,modifier,"Marks Out Of Tenancy exists at the margin of my constitutional interests. It is not civic infrastructure, not focused on participatory democracy, and does not primarily use data for social good — so the criteria give it limited traction."
124,ShineYourEye,https://www.shineyoureye.org,38.3,34.3,4,0.7,MEDIUM,LOW,criteria,"ShineYourEye exists at the margin of my constitutional interests. It is not civic infrastructure, not focused on participatory democracy, and does not primarily use data for social good — so the criteria give it limited traction."
125,Worker Info Exchange,https://www.workerinfoexchange.org,38.3,34.3,4,0.9,LOW,MEDIUM,criteria,"Worker Info Exchange exists at the margin of my constitutional interests. It is not civic infrastructure, not focused on participatory democracy, and does not primarily use data for social good — so the criteria give it limited traction."
126,Tracka,https://yourtracka.org,38.3,34.3,4,0.9,LOW,MEDIUM,criteria,"Tracka exists at the margin of my constitutional interests. It is not civic infrastructure, not focused on participatory democracy, and does not primarily use data for social good — so the criteria give it limited traction."
127,openparliament.ca,https://openparliament.ca,38.1,43.1,-5,0.9,LOW,MEDIUM,modifier,"openparliament.ca exists at the margin of my constitutional interests. It is not civic infrastructure, not focused on participatory democracy, and does not primarily use data for social good — so the criteria give it limited traction."
128,Objector.ai,https://objector.ai,37.5,26.5,11,0.8,LOW,MEDIUM,modifier,"Objector.ai exists at the margin of my constitutional interests. It is not civic infrastructure, not focused on participatory democracy, and does not primarily use data for social good — so the criteria give it limited traction."
129,Objector.ai,https://www.objector.ai,37.5,26.5,11,0.8,LOW,MEDIUM,modifier,"Objector.ai exists at the margin of my constitutional interests. It is not civic infrastructure, not focused on participatory democracy, and does not primarily use data for social good — so the criteria give it limited traction."
130,Land Explorer,https://landexplorer.coop,37.4,29.4,8,0.85,LOW,MEDIUM,modifier,"Land Explorer exists at the margin of my constitutional interests. It is not civic infrastructure, not focused on participatory democracy, and does not primarily use data for social good — so the criteria give it limited traction."
131,Libertrium,https://liberopinion.com,37.4,29.4,8,0.8,LOW,MEDIUM,modifier,"Libertrium exists at the margin of my constitutional interests. It is not civic infrastructure, not focused on participatory democracy, and does not primarily use data for social good — so the criteria give it limited traction."
132,OA.Works,https://oa.works,37.4,29.4,8,0.9,LOW,MEDIUM,modifier,"OA.Works exists at the margin of my constitutional interests. It is not civic infrastructure, not focused on participatory democracy, and does not primarily use data for social good — so the criteria give it limited traction."
133,Agencies for Good,https://www.agenciesforgood.org,37.4,29.4,8,0.9,LOW,MEDIUM,modifier,"Agencies for Good exists at the margin of my constitutional interests. It is not civic infrastructure, not focused on participatory democracy, and does not primarily use data for social good — so the criteria give it limited traction."
134,Discourse,https://www.discourse.org,37.4,29.4,8,0.9,LOW,MEDIUM,modifier,"Discourse exists at the margin of my constitutional interests. It is not civic infrastructure, not focused on participatory democracy, and does not primarily use data for social good — so the criteria give it limited traction."
135,Aleph (OCCRP),https://aleph.occrp.org,37.3,37.3,0,0.75,LOW,MEDIUM,criteria,"Aleph (OCCRP) exists at the margin of my constitutional interests. It is not civic infrastructure, not focused on participatory democracy, and does not primarily use data for social good — so the criteria give it limited traction."
136,Journal of Open Source Software,https://joss.theoj.org,37.3,33.3,4,0.95,LOW,MEDIUM,criteria,"Journal of Open Source Software exists at the margin of my constitutional interests. It is not civic infrastructure, not focused on participatory democracy, and does not primarily use data for social good — so the criteria give it limited traction."
137,LittleSis,https://littlesis.org,37.3,37.3,0,0.95,LOW,MEDIUM,criteria,"LittleSis exists at the margin of my constitutional interests. It is not civic infrastructure, not focused on participatory democracy, and does not primarily use data for social good — so the criteria give it limited traction."
138,Open Data Communities,https://opendatacommunities.org,37.3,33.3,4,0.8,LOW,MEDIUM,criteria,"Open Data Communities exists at the margin of my constitutional interests. It is not civic infrastructure, not focused on participatory democracy, and does not primarily use data for social good — so the criteria give it limited traction."
139,Spacetube,https://spacetu.be,37.3,33.3,4,0.95,LOW,MEDIUM,criteria,"Spacetube exists at the margin of my constitutional interests. It is not civic infrastructure, not focused on participatory democracy, and does not primarily use data for social good — so the criteria give it limited traction."
140,Internet Archive Wayback Machine,https://web.archive.org,37.3,33.3,4,1.0,LOW,MEDIUM,criteria,"Internet Archive Wayback Machine exists at the margin of my constitutional interests. It is not civic infrastructure, not focused on participatory democracy, and does not primarily use data for social good — so the criteria give it limited traction."
141,Civic Tech Field Guide,https://civictech.guide,36.4,32.4,4,0.8,LOW,MEDIUM,criteria,"Civic Tech Field Guide exists at the margin of my constitutional interests. It is not civic infrastructure, not focused on participatory democracy, and does not primarily use data for social good — so the criteria give it limited traction."
142,HURIDOCS,https://github.com/huridocs,36.4,32.4,4,0.9,LOW,MEDIUM,criteria,"HURIDOCS exists at the margin of my constitutional interests. It is not civic infrastructure, not focused on participatory democracy, and does not primarily use data for social good — so the criteria give it limited traction."
143,Kialo,https://kialo.com,36.4,28.4,8,0.85,LOW,MEDIUM,modifier,"Kialo exists at the margin of my constitutional interests. It is not civic infrastructure, not focused on participatory democracy, and does not primarily use data for social good — so the criteria give it limited traction."
144,Abstract Wikipedia,https://meta.wikimedia.org/wiki/abstract_wikipedia,36.4,32.4,4,0.85,LOW,HIGH,criteria,"Abstract Wikipedia exists at the margin of my constitutional interests. It is not civic infrastructure, not focused on participatory democracy, and does not primarily use data for social good — so the criteria give it limited traction."
145,Viewpoints,https://viewpoints.xyz,36.4,28.4,8,0.85,LOW,MEDIUM,modifier,"Viewpoints exists at the margin of my constitutional interests. It is not civic infrastructure, not focused on participatory democracy, and does not primarily use data for social good — so the criteria give it limited traction."
146,CrowdJustice,https://www.crowdjustice.com,36.4,28.4,8,0.8,LOW,MEDIUM,modifier,"CrowdJustice exists at the margin of my constitutional interests. It is not civic infrastructure, not focused on participatory democracy, and does not primarily use data for social good — so the criteria give it limited traction."
147,Contracts for Data Collaboration,https://contractsfordatacollaboration.org,36.3,37.3,-1,0.9,LOW,MEDIUM,criteria,"Contracts for Data Collaboration exists at the margin of my constitutional interests. It is not civic infrastructure, not focused on participatory democracy, and does not primarily use data for social good — so the criteria give it limited traction."
148,Beckton,https://richardpope.org/2017/03/05/beckton-a-tool-to-build,35.5,24.5,11,0.9,LOW,MEDIUM,modifier,"Beckton exists at the margin of my constitutional interests. It is not civic infrastructure, not focused on participatory democracy, and does not primarily use data for social good — so the criteria give it limited traction."
149,Cortico,https://cortico.ai/platform,35.4,31.4,4,0.8,LOW,MEDIUM,criteria,"Cortico exists at the margin of my constitutional interests. It is not civic infrastructure, not focused on participatory democracy, and does not primarily use data for social good — so the criteria give it limited traction."
150,Mastodon,https://github.com/mastodon/mastodon,35.4,31.4,4,0.9,LOW,HIGH,criteria,"Mastodon exists at the margin of my constitutional interests. It is not civic infrastructure, not focused on participatory democracy, and does not primarily use data for social good — so the criteria give it limited traction."
151,DAO Governance Surfaces,https://github.com/notchia/dao-governance-surfaces,35.4,31.4,4,0.95,LOW,MEDIUM,criteria,"DAO Governance Surfaces exists at the margin of my constitutional interests. It is not civic infrastructure, not focused on participatory democracy, and does not primarily use data for social good — so the criteria give it limited traction."
152,Nook CRM,https://nookcrm.com,35.4,31.4,4,0.95,LOW,MEDIUM,criteria,"Nook CRM exists at the margin of my constitutional interests. It is not civic infrastructure, not focused on participatory democracy, and does not primarily use data for social good — so the criteria give it limited traction."
153,Theft Bisect,https://onodi.co/bisect,35.4,31.4,4,0.95,LOW,MEDIUM,criteria,"Theft Bisect exists at the margin of my constitutional interests. It is not civic infrastructure, not focused on participatory democracy, and does not primarily use data for social good — so the criteria give it limited traction."
154,Pageviews Analysis,https://pageviews.wmcloud.org,35.4,31.4,4,0.95,LOW,MEDIUM,criteria,"Pageviews Analysis exists at the margin of my constitutional interests. It is not civic infrastructure, not focused on participatory democracy, and does not primarily use data for social good — so the criteria give it limited traction."
155,Give Food,https://www.givefood.org.uk,35.4,31.4,4,0.7,LOW,MEDIUM,criteria,"Give Food exists at the margin of my constitutional interests. It is not civic infrastructure, not focused on participatory democracy, and does not primarily use data for social good — so the criteria give it limited traction."
156,Landlord Tech Watch,https://antievictionmappingproject.github.io/landlordtech,35.3,35.3,0,0.95,LOW,MEDIUM,criteria,"Landlord Tech Watch exists at the margin of my constitutional interests. It is not civic infrastructure, not focused on participatory democracy, and does not primarily use data for social good — so the criteria give it limited traction."
157,dDocs,https://ddocs.new,35.3,35.3,0,0.65,MEDIUM,LOW,criteria,"dDocs exists at the margin of my constitutional interests. It is not civic infrastructure, not focused on participatory democracy, and does not primarily use data for social good — so the criteria give it limited traction."
158,NumFOCUS,https://numfocus.org,35.3,35.3,0,0.95,LOW,MEDIUM,criteria,"NumFOCUS exists at the margin of my constitutional interests. It is not civic infrastructure, not focused on participatory democracy, and does not primarily use data for social good — so the criteria give it limited traction."
159,Snowdrift.coop,https://snowdrift.coop,35.3,35.3,0,0.9,LOW,MEDIUM,criteria,"Snowdrift.coop exists at the margin of my constitutional interests. It is not civic infrastructure, not focused on participatory democracy, and does not primarily use data for social good — so the criteria give it limited traction."
160,sourceAFRICA,https://sourceafrica.net,35.3,35.3,0,0.7,LOW,MEDIUM,criteria,"sourceAFRICA exists at the margin of my constitutional interests. It is not civic infrastructure, not focused on participatory democracy, and does not primarily use data for social good — so the criteria give it limited traction."
161,Coral,https://coralproject.net,34.5,26.5,8,0.9,LOW,MEDIUM,modifier,"Coral exists at the margin of my constitutional interests. It is not civic infrastructure, not focused on participatory democracy, and does not primarily use data for social good — so the criteria give it limited traction."
162,CharmVerse,https://charmverse.io,34.4,30.4,4,0.95,LOW,MEDIUM,criteria,"CharmVerse exists at the margin of my constitutional interests. It is not civic infrastructure, not focused on participatory democracy, and does not primarily use data for social good — so the criteria give it limited traction."
163,Granitt,https://granitt.io,34.4,30.4,4,0.7,MEDIUM,LOW,criteria,"Granitt exists at the margin of my constitutional interests. It is not civic infrastructure, not focused on participatory democracy, and does not primarily use data for social good — so the criteria give it limited traction."
164,Public AI Inference Utility,https://publicai.co,33.4,29.4,4,1.0,LOW,MEDIUM,criteria,"Public AI Inference Utility exists at the margin of my constitutional interests. It is not civic infrastructure, not focused on participatory democracy, and does not primarily use data for social good — so the criteria give it limited traction."
165,Teaching Public Service in the Digital Age,https://www.teachingpublicservice.digital,33.4,29.4,4,0.9,LOW,MEDIUM,criteria,"Teaching Public Service in the Digital Age exists at the margin of my constitutional interests. It is not civic infrastructure, not focused on participatory democracy, and does not primarily use data for social good — so the criteria give it limited traction."
166,Citizens Advice Tableau Public Profile,https://public.tableau.com/app/profile/citizensadvice/vizzes,32.5,24.5,8,0.65,MEDIUM,LOW,modifier,"Citizens Advice Tableau Public Profile exists at the margin of my constitutional interests. It is not civic infrastructure, not focused on participatory democracy, and does not primarily use data for social good — so the criteria give it limited traction."
167,Security First / Umbrella,https://secfirst.org,32.5,25.5,7,0.95,LOW,MEDIUM,modifier,"Security First / Umbrella exists at the margin of my constitutional interests. It is not civic infrastructure, not focused on participatory democracy, and does not primarily use data for social good — so the criteria give it limited traction."
168,deliberAIde,https://www.deliberaide.com,32.5,24.5,8,0.85,LOW,MEDIUM,modifier,"deliberAIde exists at the margin of my constitutional interests. It is not civic infrastructure, not focused on participatory democracy, and does not primarily use data for social good — so the criteria give it limited traction."
169,DoGooder,https://dogooder.co,32.4,28.4,4,0.75,LOW,MEDIUM,criteria,"DoGooder exists at the margin of my constitutional interests. It is not civic infrastructure, not focused on participatory democracy, and does not primarily use data for social good — so the criteria give it limited traction."
170,GrantNav,https://grantnav.threesixtygiving.org,32.4,28.4,4,0.95,LOW,MEDIUM,criteria,"GrantNav exists at the margin of my constitutional interests. It is not civic infrastructure, not focused on participatory democracy, and does not primarily use data for social good — so the criteria give it limited traction."
171,Wikum,https://www.csail.mit.edu/research/wikum-bridging-discussion-systems-and-wikis-collective-summarization,32.4,28.4,4,0.9,LOW,MEDIUM,criteria,"Wikum exists at the margin of my constitutional interests. It is not civic infrastructure, not focused on participatory democracy, and does not primarily use data for social good — so the criteria give it limited traction."
172,Wikidata,https://www.wikidata.org,32.4,32.4,0,0.9,LOW,MEDIUM,criteria,"Wikidata exists at the margin of my constitutional interests. It is not civic infrastructure, not focused on participatory democracy, and does not primarily use data for social good — so the criteria give it limited traction."
173,UK Parliament Developer Portal,https://developer.parliament.uk,31.5,27.5,4,0.6,MEDIUM,LOW,criteria,"UK Parliament Developer Portal exists at the margin of my constitutional interests. It is not civic infrastructure, not focused on participatory democracy, and does not primarily use data for social good — so the criteria give it limited traction."
174,DISARM Frameworks,https://github.com/disarmfoundation/disarmframeworks,31.5,27.5,4,0.9,LOW,MEDIUM,criteria,"DISARM Frameworks exists at the margin of my constitutional interests. It is not civic infrastructure, not focused on participatory democracy, and does not primarily use data for social good — so the criteria give it limited traction."
175,UK Policy Dojo,https://github.com/mikekelly/policy-dojo,31.5,27.5,4,0.95,LOW,MEDIUM,criteria,"UK Policy Dojo exists at the margin of my constitutional interests. It is not civic infrastructure, not focused on participatory democracy, and does not primarily use data for social good — so the criteria give it limited traction."
176,Idealist,https://idealist.org,31.5,27.5,4,0.85,LOW,MEDIUM,criteria,"Idealist exists at the margin of my constitutional interests. It is not civic infrastructure, not focused on participatory democracy, and does not primarily use data for social good — so the criteria give it limited traction."
177,MapIt,https://mapit.mysociety.org,31.5,27.5,4,0.95,LOW,MEDIUM,criteria,"MapIt exists at the margin of my constitutional interests. It is not civic infrastructure, not focused on participatory democracy, and does not primarily use data for social good — so the criteria give it limited traction."
178,Missing Numbers,https://missingnumbers.org,31.5,27.5,4,0.9,LOW,MEDIUM,criteria,"Missing Numbers exists at the margin of my constitutional interests. It is not civic infrastructure, not focused on participatory democracy, and does not primarily use data for social good — so the criteria give it limited traction."
179,River Sentiment Dashboard,https://riversentiment.app,31.5,27.5,4,0.95,LOW,MEDIUM,criteria,"River Sentiment Dashboard exists at the margin of my constitutional interests. It is not civic infrastructure, not focused on participatory democracy, and does not primarily use data for social good — so the criteria give it limited traction."
180,Empurrando Juntas (EJ),https://sobre.ejparticipe.org,31.5,27.5,4,0.85,LOW,MEDIUM,criteria,"Empurrando Juntas (EJ) exists at the margin of my constitutional interests. It is not civic infrastructure, not focused on participatory democracy, and does not primarily use data for social good — so the criteria give it limited traction."
181,Spartacus,https://spartacus.app,31.5,27.5,4,0.85,LOW,MEDIUM,criteria,"Spartacus exists at the margin of my constitutional interests. It is not civic infrastructure, not focused on participatory democracy, and does not primarily use data for social good — so the criteria give it limited traction."
182,Vote for Policies,https://voteforpolicies.org.uk,31.5,23.5,8,0.8,LOW,MEDIUM,modifier,"Vote for Policies exists at the margin of my constitutional interests. It is not civic infrastructure, not focused on participatory democracy, and does not primarily use data for social good — so the criteria give it limited traction."
183,GOV.UK Forms,https://www.forms.service.gov.uk,31.5,27.5,4,0.95,LOW,MEDIUM,criteria,"GOV.UK Forms exists at the margin of my constitutional interests. It is not civic infrastructure, not focused on participatory democracy, and does not primarily use data for social good — so the criteria give it limited traction."
184,Data Observation Toolkit (DOT),https://github.com/datakind/data-observation-toolkit,31.4,31.4,0,0.9,LOW,MEDIUM,criteria,"Data Observation Toolkit (DOT) exists at the margin of my constitutional interests. It is not civic infrastructure, not focused on participatory democracy, and does not primarily use data for social good — so the criteria give it limited traction."
185,django-collaborative,https://github.com/propublica/django-collaborative,31.4,31.4,0,0.95,LOW,MEDIUM,criteria,"django-collaborative exists at the margin of my constitutional interests. It is not civic infrastructure, not focused on participatory democracy, and does not primarily use data for social good — so the criteria give it limited traction."
186,Hand-Written Petition Scanner,https://hand-written-petition-scanner.streamlit.app,31.4,32.4,-1,0.55,MEDIUM,LOW,criteria,"Hand-Written Petition Scanner exists at the margin of my constitutional interests. It is not civic infrastructure, not focused on participatory democracy, and does not primarily use data for social good — so the criteria give it limited traction."
187,Unpaywall Browser Extension,https://unpaywall.org/products/extension,31.4,31.4,0,0.7,LOW,MEDIUM,criteria,"Unpaywall Browser Extension exists at the margin of my constitutional interests. It is not civic infrastructure, not focused on participatory democracy, and does not primarily use data for social good — so the criteria give it limited traction."
188,RightDD,https://www.rightsdd.com,30.6,19.6,11,0.85,LOW,MEDIUM,modifier,"RightDD exists at the margin of my constitutional interests. It is not civic infrastructure, not focused on participatory democracy, and does not primarily use data for social good — so the criteria give it limited traction."
189,AlgorithmWatch,https://algorithmwatch.org,30.5,23.5,7,1.0,LOW,MEDIUM,modifier,"AlgorithmWatch exists at the margin of my constitutional interests. It is not civic infrastructure, not focused on participatory democracy, and does not primarily use data for social good — so the criteria give it limited traction."
190,CiviClick,https://civiclick.com,30.5,26.5,4,0.8,LOW,MEDIUM,criteria,"CiviClick exists at the margin of my constitutional interests. It is not civic infrastructure, not focused on participatory democracy, and does not primarily use data for social good — so the criteria give it limited traction."
191,Remember to Vote,https://remembertovote.org.uk,30.5,22.5,8,0.65,MEDIUM,LOW,modifier,"Remember to Vote exists at the margin of my constitutional interests. It is not civic infrastructure, not focused on participatory democracy, and does not primarily use data for social good — so the criteria give it limited traction."
192,Timecounts,https://timecounts.org,30.5,26.5,4,0.85,LOW,MEDIUM,criteria,"Timecounts exists at the margin of my constitutional interests. It is not civic infrastructure, not focused on participatory democracy, and does not primarily use data for social good — so the criteria give it limited traction."
193,Organise,https://www.organise.org.uk,30.5,22.5,8,0.85,LOW,MEDIUM,modifier,"Organise exists at the margin of my constitutional interests. It is not civic infrastructure, not focused on participatory democracy, and does not primarily use data for social good — so the criteria give it limited traction."
194,EDGAR,https://github.com/bellingcat/edgar,30.4,30.4,0,0.95,LOW,MEDIUM,criteria,"EDGAR exists at the margin of my constitutional interests. It is not civic infrastructure, not focused on participatory democracy, and does not primarily use data for social good — so the criteria give it limited traction."
195,PatCit,https://github.com/cverluise/patcit,30.4,30.4,0,0.9,LOW,MEDIUM,criteria,"PatCit exists at the margin of my constitutional interests. It is not civic infrastructure, not focused on participatory democracy, and does not primarily use data for social good — so the criteria give it limited traction."
196,Nestr,https://nestr.io,29.6,21.6,8,0.85,LOW,MEDIUM,modifier,"Nestr exists at the margin of my constitutional interests. It is not civic infrastructure, not focused on participatory democracy, and does not primarily use data for social good — so the criteria give it limited traction."
197,PostBug,https://postbug.com,29.6,21.6,8,0.85,LOW,MEDIUM,modifier,"PostBug exists at the margin of my constitutional interests. It is not civic infrastructure, not focused on participatory democracy, and does not primarily use data for social good — so the criteria give it limited traction."
198,Frankenstein Bill,https://gordonguthrie.github.io/frankensteinbill,29.5,25.5,4,0.95,LOW,MEDIUM,criteria,"Frankenstein Bill exists at the margin of my constitutional interests. It is not civic infrastructure, not focused on participatory democracy, and does not primarily use data for social good — so the criteria give it limited traction."
199,Guardian Project,https://guardianproject.info,29.5,22.5,7,0.7,LOW,MEDIUM,modifier,"Guardian Project exists at the margin of my constitutional interests. It is not civic infrastructure, not focused on participatory democracy, and does not primarily use data for social good — so the criteria give it limited traction."
200,UK Housing Data Standards,https://hact.org.uk/tools-and-services/uk-housing-data-standards,29.5,25.5,4,1.0,LOW,MEDIUM,criteria,"UK Housing Data Standards exists at the margin of my constitutional interests. It is not civic infrastructure, not focused on participatory democracy, and does not primarily use data for social good — so the criteria give it limited traction."
201,Matrix,https://matrix.org,29.5,25.5,4,0.95,LOW,HIGH,criteria,"Matrix exists at the margin of my constitutional interests. It is not civic infrastructure, not focused on participatory democracy, and does not primarily use data for social good — so the criteria give it limited traction."
202,Membership,https://medium.com/@abscond/membership-a-prototype-ea822b2683b,29.5,25.5,4,0.55,MEDIUM,LOW,criteria,"Membership exists at the margin of my constitutional interests. It is not civic infrastructure, not focused on participatory democracy, and does not primarily use data for social good — so the criteria give it limited traction."
203,Deliberation & Technology (DelibTech) Network,https://www.demnext.org/projects/delibtech-network,29.5,25.5,4,0.8,LOW,MEDIUM,criteria,"Deliberation & Technology (DelibTech) Network exists at the margin of my constitutional interests. It is not civic infrastructure, not focused on participatory democracy, and does not primarily use data for social good — so the criteria give it limited traction."
204,MyActionCenter,https://www.myaction.center,29.5,22.5,7,0.8,LOW,MEDIUM,modifier,"MyActionCenter exists at the margin of my constitutional interests. It is not civic infrastructure, not focused on participatory democracy, and does not primarily use data for social good — so the criteria give it limited traction."
205,semanticClimate,https://semanticclimate.github.io,29.4,29.4,0,0.75,LOW,MEDIUM,criteria,"semanticClimate exists at the margin of my constitutional interests. It is not civic infrastructure, not focused on participatory democracy, and does not primarily use data for social good — so the criteria give it limited traction."
206,Shareyourpaper.org,https://shareyourpaper.org,29.4,29.4,0,0.9,LOW,MEDIUM,criteria,"Shareyourpaper.org exists at the margin of my constitutional interests. It is not civic infrastructure, not focused on participatory democracy, and does not primarily use data for social good — so the criteria give it limited traction."
207,GlobaLeaks,https://www.globaleaks.org,29.4,29.4,0,0.9,LOW,MEDIUM,criteria,"GlobaLeaks exists at the margin of my constitutional interests. It is not civic infrastructure, not focused on participatory democracy, and does not primarily use data for social good — so the criteria give it limited traction."
208,Journalist Studio,https://journaliststudio.google.com,28.5,24.5,4,0.9,LOW,MEDIUM,criteria,"Journalist Studio exists at the margin of my constitutional interests. It is not civic infrastructure, not focused on participatory democracy, and does not primarily use data for social good — so the criteria give it limited traction."
209,meet.coop,https://www.meet.coop,28.5,24.5,4,0.95,LOW,MEDIUM,criteria,"meet.coop exists at the margin of my constitutional interests. It is not civic infrastructure, not focused on participatory democracy, and does not primarily use data for social good — so the criteria give it limited traction."
210,The Engine Room Library,https://library.theengineroom.org,28.4,28.4,0,0.9,LOW,MEDIUM,criteria,"The Engine Room Library exists at the margin of my constitutional interests. It is not civic infrastructure, not focused on participatory democracy, and does not primarily use data for social good — so the criteria give it limited traction."
211,OpenProcurement,https://openprocurement.io,28.4,29.4,-1,0.9,LOW,MEDIUM,criteria,"OpenProcurement exists at the margin of my constitutional interests. It is not civic infrastructure, not focused on participatory democracy, and does not primarily use data for social good — so the criteria give it limited traction."
212,The Circuit,https://thecircuit.cc,28.4,28.4,0,1.0,LOW,MEDIUM,criteria,"The Circuit exists at the margin of my constitutional interests. It is not civic infrastructure, not focused on participatory democracy, and does not primarily use data for social good — so the criteria give it limited traction."
213,,https://tracking-template-38b4c.web.app,28,0.0,0,0.2,HIGH,NONE,underdog-protection,"The dossier for None is too thin to properly evaluate, but I am not willing to dismiss it — the underdog floor keeps it at 28. With more evidence, this could move significantly in either direction."
214,Conservative Party Funding,https://conservativepartyfunding.co.uk,27.6,19.6,8,0.85,LOW,MEDIUM,modifier,"My constitution is not built to see what Conservative Party Funding does. It may do valuable work, but it does not register on my criteria for civic engagement, digital commons, or data for social good. This is a limitation of my evaluative framework, not necessarily of the project."
215,Modular Politics,https://arxiv.org/abs/2005.13701,27.5,23.5,4,0.8,LOW,MEDIUM,criteria,"My constitution is not built to see what Modular Politics does. It may do valuable work, but it does not register on my criteria for civic engagement, digital commons, or data for social good. This is a limitation of my evaluative framework, not necessarily of the project."
216,OSINT Framework,https://osintframework.com,27.5,27.5,0,0.95,LOW,MEDIUM,criteria,"My constitution is not built to see what OSINT Framework does. It may do valuable work, but it does not register on my criteria for civic engagement, digital commons, or data for social good. This is a limitation of my evaluative framework, not necessarily of the project."
217,OpenOrigins,https://www.openorigins.com,26.7,15.7,11,0.85,LOW,MEDIUM,modifier,"My constitution is not built to see what OpenOrigins does. It may do valuable work, but it does not register on my criteria for civic engagement, digital commons, or data for social good. This is a limitation of my evaluative framework, not necessarily of the project."
218,Bluesky,https://bsky.app,26.6,18.6,8,0.9,LOW,MEDIUM,modifier,"My constitution is not built to see what Bluesky does. It may do valuable work, but it does not register on my criteria for civic engagement, digital commons, or data for social good. This is a limitation of my evaluative framework, not necessarily of the project."
219,Charity Digital Skills Report,https://charitydigitalskills.co.uk,26.6,18.6,8,0.85,LOW,MEDIUM,modifier,"My constitution is not built to see what Charity Digital Skills Report does. It may do valuable work, but it does not register on my criteria for civic engagement, digital commons, or data for social good. This is a limitation of my evaluative framework, not necessarily of the project."
220,In the news,https://en.wikipedia.org/wiki/wikipedia:in_the_news,26.5,22.5,4,0.85,LOW,MEDIUM,criteria,"My constitution is not built to see what In the news does. It may do valuable work, but it does not register on my criteria for civic engagement, digital commons, or data for social good. This is a limitation of my evaluative framework, not necessarily of the project."
221,Diia,https://expo.diia.gov.ua,26.5,22.5,4,0.95,LOW,MEDIUM,criteria,"My constitution is not built to see what Diia does. It may do valuable work, but it does not register on my criteria for civic engagement, digital commons, or data for social good. This is a limitation of my evaluative framework, not necessarily of the project."
222,Fairbnb.coop,https://fairbnb.coop,26.5,22.5,4,1.0,LOW,MEDIUM,criteria,"My constitution is not built to see what Fairbnb.coop does. It may do valuable work, but it does not register on my criteria for civic engagement, digital commons, or data for social good. This is a limitation of my evaluative framework, not necessarily of the project."
223,Right To Know,https://right-to-know.org,26.5,22.5,4,0.9,LOW,MEDIUM,criteria,"My constitution is not built to see what Right To Know does. It may do valuable work, but it does not register on my criteria for civic engagement, digital commons, or data for social good. This is a limitation of my evaluative framework, not necessarily of the project."
224,soweego,https://soweego.readthedocs.io,26.5,26.5,0,0.9,LOW,MEDIUM,criteria,"My constitution is not built to see what soweego does. It may do valuable work, but it does not register on my criteria for civic engagement, digital commons, or data for social good. This is a limitation of my evaluative framework, not necessarily of the project."
225,Violation Tracker UK,https://violationtrackeruk.goodjobsfirst.org,26.5,22.5,4,0.55,MEDIUM,LOW,criteria,"Violation Tracker UK has a dead homepage, which caps the score at 45. Without a working site, I cannot assess whether the project is still active or what it currently does. The dossier alone is not enough."
226,Local Insight,https://localinsight.org,25.6,21.6,4,0.85,LOW,MEDIUM,criteria,"My constitution is not built to see what Local Insight does. It may do valuable work, but it does not register on my criteria for civic engagement, digital commons, or data for social good. This is a limitation of my evaluative framework, not necessarily of the project."
227,Plausible Analytics,https://plausible.io,25.6,17.6,8,0.9,LOW,MEDIUM,modifier,"My constitution is not built to see what Plausible Analytics does. It may do valuable work, but it does not register on my criteria for civic engagement, digital commons, or data for social good. This is a limitation of my evaluative framework, not necessarily of the project."
228,Public Media Stack,https://publicmediastack.com,25.6,21.6,4,0.85,LOW,MEDIUM,criteria,"My constitution is not built to see what Public Media Stack does. It may do valuable work, but it does not register on my criteria for civic engagement, digital commons, or data for social good. This is a limitation of my evaluative framework, not necessarily of the project."
229,DoNotPay,https://www.donotpay.com,25.6,21.6,4,0.75,LOW,MEDIUM,criteria,"My constitution is not built to see what DoNotPay does. It may do valuable work, but it does not register on my criteria for civic engagement, digital commons, or data for social good. This is a limitation of my evaluative framework, not necessarily of the project."
230,Open Science Framework,https://osf.io,25.5,25.5,0,0.7,LOW,MEDIUM,criteria,"My constitution is not built to see what Open Science Framework does. It may do valuable work, but it does not register on my criteria for civic engagement, digital commons, or data for social good. This is a limitation of my evaluative framework, not necessarily of the project."
231,Gapminder Worldview Upgrader,https://upgrader.gapminder.org,25.5,25.5,0,0.95,LOW,MEDIUM,criteria,"My constitution is not built to see what Gapminder Worldview Upgrader does. It may do valuable work, but it does not register on my criteria for civic engagement, digital commons, or data for social good. This is a limitation of my evaluative framework, not necessarily of the project."
232,Choose a License,https://choosealicense.com,24.6,20.6,4,0.95,LOW,MEDIUM,criteria,"My constitution is not built to see what Choose a License does. It may do valuable work, but it does not register on my criteria for civic engagement, digital commons, or data for social good. This is a limitation of my evaluative framework, not necessarily of the project."
233,ClimateAction.Tech,https://climateaction.tech,24.6,20.6,4,0.9,LOW,MEDIUM,criteria,"My constitution is not built to see what ClimateAction.Tech does. It may do valuable work, but it does not register on my criteria for civic engagement, digital commons, or data for social good. This is a limitation of my evaluative framework, not necessarily of the project."
234,Bluesky Social,https://github.com/bluesky-social,24.6,21.6,3,0.95,LOW,MEDIUM,criteria,"My constitution is not built to see what Bluesky Social does. It may do valuable work, but it does not register on my criteria for civic engagement, digital commons, or data for social good. This is a limitation of my evaluative framework, not necessarily of the project."
235,Registers and collaboration: making lists we can trust,https://theodi.org/insights/reports/registers-and-collaboration-making-lists-we-can-trust-report,24.6,20.6,4,0.85,LOW,MEDIUM,criteria,"My constitution is not built to see what Registers and collaboration: making lists we can trust does. It may do valuable work, but it does not register on my criteria for civic engagement, digital commons, or data for social good. This is a limitation of my evaluative framework, not necessarily of the project."
236,Dovetail,https://dovetail.network,23.7,15.7,8,0.85,LOW,MEDIUM,modifier,"My constitution is not built to see what Dovetail does. It may do valuable work, but it does not register on my criteria for civic engagement, digital commons, or data for social good. This is a limitation of my evaluative framework, not necessarily of the project."
237,Prolific,https://www.prolific.com,23.7,15.7,8,0.8,LOW,MEDIUM,modifier,"My constitution is not built to see what Prolific does. It may do valuable work, but it does not register on my criteria for civic engagement, digital commons, or data for social good. This is a limitation of my evaluative framework, not necessarily of the project."
238,Turn2us Benefits Calculator,https://benefits-calculator.turn2us.org.uk,23.6,19.6,4,0.85,LOW,HIGH,criteria,"My constitution is not built to see what Turn2us Benefits Calculator does. It may do valuable work, but it does not register on my criteria for civic engagement, digital commons, or data for social good. This is a limitation of my evaluative framework, not necessarily of the project."
239,Fission Codes,https://github.com/fission-codes/fission-codes,23.6,19.6,4,0.9,LOW,MEDIUM,criteria,"My constitution is not built to see what Fission Codes does. It may do valuable work, but it does not register on my criteria for civic engagement, digital commons, or data for social good. This is a limitation of my evaluative framework, not necessarily of the project."
240,OA.Report,https://oa.report,23.6,19.6,4,0.85,LOW,MEDIUM,criteria,"My constitution is not built to see what OA.Report does. It may do valuable work, but it does not register on my criteria for civic engagement, digital commons, or data for social good. This is a limitation of my evaluative framework, not necessarily of the project."
241,Turbo Phonebank,https://turbophonebank.com,23.6,19.6,4,0.8,LOW,MEDIUM,criteria,"My constitution is not built to see what Turbo Phonebank does. It may do valuable work, but it does not register on my criteria for civic engagement, digital commons, or data for social good. This is a limitation of my evaluative framework, not necessarily of the project."
242,Plinth,https://www.plinth.org.uk,23.6,19.6,4,0.85,LOW,MEDIUM,criteria,"My constitution is not built to see what Plinth does. It may do valuable work, but it does not register on my criteria for civic engagement, digital commons, or data for social good. This is a limitation of my evaluative framework, not necessarily of the project."
243,Shared Digital Guides,https://www.shareddigitalguides.org.uk,23.6,19.6,4,0.85,LOW,MEDIUM,criteria,"My constitution is not built to see what Shared Digital Guides does. It may do valuable work, but it does not register on my criteria for civic engagement, digital commons, or data for social good. This is a limitation of my evaluative framework, not necessarily of the project."
244,Consent-O-Matic,https://github.com/cavi-au/consent-o-matic,23.5,24.5,-1,0.95,LOW,MEDIUM,criteria,"My constitution is not built to see what Consent-O-Matic does. It may do valuable work, but it does not register on my criteria for civic engagement, digital commons, or data for social good. This is a limitation of my evaluative framework, not necessarily of the project."
245,Nyaaya,https://nyaaya.org,23.5,23.5,0,1.0,LOW,MEDIUM,criteria,"My constitution is not built to see what Nyaaya does. It may do valuable work, but it does not register on my criteria for civic engagement, digital commons, or data for social good. This is a limitation of my evaluative framework, not necessarily of the project."
246,Nym,https://nymtech.net,23.5,23.5,0,0.9,LOW,MEDIUM,criteria,"My constitution is not built to see what Nym does. It may do valuable work, but it does not register on my criteria for civic engagement, digital commons, or data for social good. This is a limitation of my evaluative framework, not necessarily of the project."
247,Schema.org,https://schema.org,23.5,23.5,0,0.65,MEDIUM,LOW,criteria,"My constitution is not built to see what Schema.org does. It may do valuable work, but it does not register on my criteria for civic engagement, digital commons, or data for social good. This is a limitation of my evaluative framework, not necessarily of the project."
248,We Live It,https://www.welivedit.ai,22.7,14.7,8,0.65,MEDIUM,LOW,modifier,"My constitution is not built to see what We Live It does. It may do valuable work, but it does not register on my criteria for civic engagement, digital commons, or data for social good. This is a limitation of my evaluative framework, not necessarily of the project."
249,arXiv,https://arxiv.org,22.6,18.6,4,0.95,LOW,MEDIUM,criteria,"My constitution is not built to see what arXiv does. It may do valuable work, but it does not register on my criteria for civic engagement, digital commons, or data for social good. This is a limitation of my evaluative framework, not necessarily of the project."
250,Fatebook,https://fatebook.io,22.6,18.6,4,0.95,LOW,MEDIUM,criteria,"My constitution is not built to see what Fatebook does. It may do valuable work, but it does not register on my criteria for civic engagement, digital commons, or data for social good. This is a limitation of my evaluative framework, not necessarily of the project."
251,User Research Library,https://research.localgov.digital,22.6,18.6,4,0.85,LOW,MEDIUM,criteria,"My constitution is not built to see what User Research Library does. It may do valuable work, but it does not register on my criteria for civic engagement, digital commons, or data for social good. This is a limitation of my evaluative framework, not necessarily of the project."
252,PoliMonitor,https://www.polimonitor.com,22.6,18.6,4,0.8,LOW,MEDIUM,criteria,"My constitution is not built to see what PoliMonitor does. It may do valuable work, but it does not register on my criteria for civic engagement, digital commons, or data for social good. This is a limitation of my evaluative framework, not necessarily of the project."
253,Atlas of Surveillance,https://atlasofsurveillance.org,22.5,26.5,-4,0.95,LOW,MEDIUM,criteria,"My constitution is not built to see what Atlas of Surveillance does. It may do valuable work, but it does not register on my criteria for civic engagement, digital commons, or data for social good. This is a limitation of my evaluative framework, not necessarily of the project."
254,The Accountability Project,https://publicaccountability.org,22.5,22.5,0,0.65,MEDIUM,LOW,criteria,"My constitution is not built to see what The Accountability Project does. It may do valuable work, but it does not register on my criteria for civic engagement, digital commons, or data for social good. This is a limitation of my evaluative framework, not necessarily of the project."
255,Radicle,https://radicle.xyz,22.5,22.5,0,0.95,LOW,MEDIUM,criteria,"My constitution is not built to see what Radicle does. It may do valuable work, but it does not register on my criteria for civic engagement, digital commons, or data for social good. This is a limitation of my evaluative framework, not necessarily of the project."
256,The Data Trusts Initiative,https://datatrusts.uk,21.7,13.7,8,0.8,LOW,MEDIUM,modifier,"My constitution is not built to see what The Data Trusts Initiative does. It may do valuable work, but it does not register on my criteria for civic engagement, digital commons, or data for social good. This is a limitation of my evaluative framework, not necessarily of the project."
257,Humanitarian Data Exchange,https://data.humdata.org,21.6,21.6,0,0.7,LOW,MEDIUM,criteria,"My constitution is not built to see what Humanitarian Data Exchange does. It may do valuable work, but it does not register on my criteria for civic engagement, digital commons, or data for social good. This is a limitation of my evaluative framework, not necessarily of the project."
258,GOV Reuse Library,https://dev.reuselibrary.service.justice.gov.uk,21.6,17.6,4,0.85,LOW,MEDIUM,criteria,"My constitution is not built to see what GOV Reuse Library does. It may do valuable work, but it does not register on my criteria for civic engagement, digital commons, or data for social good. This is a limitation of my evaluative framework, not necessarily of the project."
259,Entitledto,https://entitledto.co.uk,21.6,17.6,4,0.55,MEDIUM,LOW,criteria,"Entitledto has a dead homepage, which caps the score at 45. Without a working site, I cannot assess whether the project is still active or what it currently does. The dossier alone is not enough."
260,rsky,https://github.com/blacksky-algorithms/rsky,21.6,21.6,0,0.95,LOW,MEDIUM,criteria,"My constitution is not built to see what rsky does. It may do valuable work, but it does not register on my criteria for civic engagement, digital commons, or data for social good. This is a limitation of my evaluative framework, not necessarily of the project."
261,Granicus,https://granicus.com/uk,21.6,17.6,4,0.8,LOW,MEDIUM,criteria,"My constitution is not built to see what Granicus does. It may do valuable work, but it does not register on my criteria for civic engagement, digital commons, or data for social good. This is a limitation of my evaluative framework, not necessarily of the project."
262,Metaculus,https://metaculus.com,21.6,21.6,0,0.85,LOW,MEDIUM,criteria,"Metaculus has a dead homepage, which caps the score at 45. Without a working site, I cannot assess whether the project is still active or what it currently does. The dossier alone is not enough."
263,New_ Public Roundabout,https://newpublic.substack.com/p/introducing-roundabout-built-for,21.6,21.6,0,0.9,LOW,MEDIUM,criteria,"My constitution is not built to see what New_ Public Roundabout does. It may do valuable work, but it does not register on my criteria for civic engagement, digital commons, or data for social good. This is a limitation of my evaluative framework, not necessarily of the project."
264,ORCID,https://orcid.org,21.6,18.6,3,0.75,LOW,MEDIUM,criteria,"My constitution is not built to see what ORCID does. It may do valuable work, but it does not register on my criteria for civic engagement, digital commons, or data for social good. This is a limitation of my evaluative framework, not necessarily of the project."
265,Turkopticon,https://turkopticon.ucsd.edu,21.6,21.6,0,0.9,LOW,MEDIUM,criteria,"My constitution is not built to see what Turkopticon does. It may do valuable work, but it does not register on my criteria for civic engagement, digital commons, or data for social good. This is a limitation of my evaluative framework, not necessarily of the project."
266,VFRAME,https://vframe.io,21.6,17.6,4,0.9,LOW,MEDIUM,criteria,"My constitution is not built to see what VFRAME does. It may do valuable work, but it does not register on my criteria for civic engagement, digital commons, or data for social good. This is a limitation of my evaluative framework, not necessarily of the project."
267,GOV.UK Notify,https://www.notifications.service.gov.uk,21.6,17.6,4,0.95,LOW,MEDIUM,criteria,"My constitution is not built to see what GOV.UK Notify does. It may do valuable work, but it does not register on my criteria for civic engagement, digital commons, or data for social good. This is a limitation of my evaluative framework, not necessarily of the project."
268,GOV.UK One Login,https://www.sign-in.service.gov.uk,21.6,17.6,4,0.95,LOW,MEDIUM,criteria,"My constitution is not built to see what GOV.UK One Login does. It may do valuable work, but it does not register on my criteria for civic engagement, digital commons, or data for social good. This is a limitation of my evaluative framework, not necessarily of the project."
269,Aragon,https://aragon.org,20.6,20.6,0,0.9,LOW,MEDIUM,criteria,"My constitution is not built to see what Aragon does. It may do valuable work, but it does not register on my criteria for civic engagement, digital commons, or data for social good. This is a limitation of my evaluative framework, not necessarily of the project."
270,Riseup,https://riseup.net,20.6,20.6,0,0.9,LOW,MEDIUM,criteria,"My constitution is not built to see what Riseup does. It may do valuable work, but it does not register on my criteria for civic engagement, digital commons, or data for social good. This is a limitation of my evaluative framework, not necessarily of the project."
271,Tor Project,https://www.torproject.org,20.5,24.5,-4,0.9,LOW,HIGH,criteria,"My constitution is not built to see what Tor Project does. It may do valuable work, but it does not register on my criteria for civic engagement, digital commons, or data for social good. This is a limitation of my evaluative framework, not necessarily of the project."
272,GOV.UK Pay,https://www.payments.service.gov.uk,19.7,15.7,4,0.9,LOW,MEDIUM,criteria,"My constitution is not built to see what GOV.UK Pay does. It may do valuable work, but it does not register on my criteria for civic engagement, digital commons, or data for social good. This is a limitation of my evaluative framework, not necessarily of the project."
273,Local Deep Researcher,https://local-deep-researcher-hnmh.vercel.app,19.6,19.6,0,0.45,MEDIUM,LOW,criteria,"Local Deep Researcher has a dead homepage, which caps the score at 45. Without a working site, I cannot assess whether the project is still active or what it currently does. The dossier alone is not enough."
274,Moral Machine,https://moralmachine.net,19.6,19.6,0,0.75,LOW,MEDIUM,criteria,"My constitution is not built to see what Moral Machine does. It may do valuable work, but it does not register on my criteria for civic engagement, digital commons, or data for social good. This is a limitation of my evaluative framework, not necessarily of the project."
275,Gender Pay Gap Service,https://gender-pay-gap.service.gov.uk,18.7,14.7,4,0.85,LOW,MEDIUM,criteria,"My constitution is not built to see what Gender Pay Gap Service does. It may do valuable work, but it does not register on my criteria for civic engagement, digital commons, or data for social good. This is a limitation of my evaluative framework, not necessarily of the project."
276,The Guide to Major Trusts 2025/26,https://www.dsc.org.uk/publication/the-guide-to-major-trusts-2025-26,18.7,14.7,4,0.85,LOW,MEDIUM,criteria,"My constitution is not built to see what The Guide to Major Trusts 2025/26 does. It may do valuable work, but it does not register on my criteria for civic engagement, digital commons, or data for social good. This is a limitation of my evaluative framework, not necessarily of the project."
277,Service Manual,https://www.gov.uk/service-manual,18.7,14.7,4,0.95,LOW,MEDIUM,criteria,"My constitution is not built to see what Service Manual does. It may do valuable work, but it does not register on my criteria for civic engagement, digital commons, or data for social good. This is a limitation of my evaluative framework, not necessarily of the project."
278,youtube-dl,https://github.com/ytdl-org/youtube-dl,17.6,17.6,0,0.9,LOW,MEDIUM,criteria,"My constitution is not built to see what youtube-dl does. It may do valuable work, but it does not register on my criteria for civic engagement, digital commons, or data for social good. This is a limitation of my evaluative framework, not necessarily of the project."
279,Watch Duty,https://www.watchduty.org,17.6,17.6,0,0.85,LOW,MEDIUM,criteria,"My constitution is not built to see what Watch Duty does. It may do valuable work, but it does not register on my criteria for civic engagement, digital commons, or data for social good. This is a limitation of my evaluative framework, not necessarily of the project."
280,AISafety.info,https://aisafety.info,16.7,13.7,3,0.95,LOW,MEDIUM,criteria,"My constitution is not built to see what AISafety.info does. It may do valuable work, but it does not register on my criteria for civic engagement, digital commons, or data for social good. This is a limitation of my evaluative framework, not necessarily of the project."
281,CivicMatch,https://civicmatch.app,16.7,13.7,3,0.8,LOW,MEDIUM,criteria,"My constitution is not built to see what CivicMatch does. It may do valuable work, but it does not register on my criteria for civic engagement, digital commons, or data for social good. This is a limitation of my evaluative framework, not necessarily of the project."
282,Pear by Holepunch,https://docs.holepunch.to,16.7,16.7,0,0.9,LOW,MEDIUM,criteria,"My constitution is not built to see what Pear by Holepunch does. It may do valuable work, but it does not register on my criteria for civic engagement, digital commons, or data for social good. This is a limitation of my evaluative framework, not necessarily of the project."
283,FixMyBlock,https://fixmyblock.org,16.7,12.7,4,0.8,LOW,MEDIUM,criteria,"My constitution is not built to see what FixMyBlock does. It may do valuable work, but it does not register on my criteria for civic engagement, digital commons, or data for social good. This is a limitation of my evaluative framework, not necessarily of the project."
284,whatsmeow,https://github.com/tulir/whatsmeow,16.7,16.7,0,0.65,MEDIUM,LOW,criteria,"My constitution is not built to see what whatsmeow does. It may do valuable work, but it does not register on my criteria for civic engagement, digital commons, or data for social good. This is a limitation of my evaluative framework, not necessarily of the project."
285,Global Fact-Check Bot (GFC),https://globalfactcheck.bot,16.7,12.7,4,0.9,LOW,MEDIUM,criteria,"My constitution is not built to see what Global Fact-Check Bot (GFC) does. It may do valuable work, but it does not register on my criteria for civic engagement, digital commons, or data for social good. This is a limitation of my evaluative framework, not necessarily of the project."
286,Labour Xchange,https://labourxchange.uk,16.7,12.7,4,0.9,LOW,MEDIUM,criteria,"My constitution is not built to see what Labour Xchange does. It may do valuable work, but it does not register on my criteria for civic engagement, digital commons, or data for social good. This is a limitation of my evaluative framework, not necessarily of the project."
287,Understanding Your Morality,https://programs.clearerthinking.org/understanding-your-morality,16.7,12.7,4,0.85,LOW,MEDIUM,criteria,"My constitution is not built to see what Understanding Your Morality does. It may do valuable work, but it does not register on my criteria for civic engagement, digital commons, or data for social good. This is a limitation of my evaluative framework, not necessarily of the project."
288,Privacy Badger,https://privacybadger.org,16.6,21.6,-5,0.95,LOW,MEDIUM,modifier,"My constitution is not built to see what Privacy Badger does. It may do valuable work, but it does not register on my criteria for civic engagement, digital commons, or data for social good. This is a limitation of my evaluative framework, not necessarily of the project."
289,Mapping.kids,https://mapping.kids,15.8,11.8,4,0.55,MEDIUM,LOW,criteria,"My constitution is not built to see what Mapping.kids does. It may do valuable work, but it does not register on my criteria for civic engagement, digital commons, or data for social good. This is a limitation of my evaluative framework, not necessarily of the project."
290,Urbit,https://urbit.org,15.8,11.8,4,0.9,LOW,MEDIUM,criteria,"My constitution is not built to see what Urbit does. It may do valuable work, but it does not register on my criteria for civic engagement, digital commons, or data for social good. This is a limitation of my evaluative framework, not necessarily of the project."
291,Overton,https://overton.io,15.7,15.7,0,0.85,LOW,MEDIUM,criteria,"My constitution is not built to see what Overton does. It may do valuable work, but it does not register on my criteria for civic engagement, digital commons, or data for social good. This is a limitation of my evaluative framework, not necessarily of the project."
292,Keep It In The Community,https://plunkett.my.site.com/keepitinthecommunity/s,15.7,15.7,0,0.65,MEDIUM,LOW,criteria,"My constitution is not built to see what Keep It In The Community does. It may do valuable work, but it does not register on my criteria for civic engagement, digital commons, or data for social good. This is a limitation of my evaluative framework, not necessarily of the project."
293,Whoisology,https://whoisology.com,15.7,15.7,0,0.8,LOW,MEDIUM,criteria,"My constitution is not built to see what Whoisology does. It may do valuable work, but it does not register on my criteria for civic engagement, digital commons, or data for social good. This is a limitation of my evaluative framework, not necessarily of the project."
294,Polimorphic,https://www.polimorphic.com,15.7,16.7,-1,0.85,LOW,MEDIUM,criteria,"My constitution is not built to see what Polimorphic does. It may do valuable work, but it does not register on my criteria for civic engagement, digital commons, or data for social good. This is a limitation of my evaluative framework, not necessarily of the project."
295,Kagi SlopStop,https://blog.kagi.com/slopstop,14.8,10.8,4,0.95,LOW,MEDIUM,criteria,"My constitution is not built to see what Kagi SlopStop does. It may do valuable work, but it does not register on my criteria for civic engagement, digital commons, or data for social good. This is a limitation of my evaluative framework, not necessarily of the project."
296,Full Fact AI,https://fullfact.org/ai,14.8,10.8,4,0.8,LOW,MEDIUM,criteria,"My constitution is not built to see what Full Fact AI does. It may do valuable work, but it does not register on my criteria for civic engagement, digital commons, or data for social good. This is a limitation of my evaluative framework, not necessarily of the project."
297,Esper,https://esper.com/product,14.7,14.7,0,0.85,LOW,MEDIUM,criteria,"My constitution is not built to see what Esper does. It may do valuable work, but it does not register on my criteria for civic engagement, digital commons, or data for social good. This is a limitation of my evaluative framework, not necessarily of the project."
298,Who Posted What?,https://whopostedwhat.com,14.7,14.7,0,0.8,LOW,MEDIUM,criteria,"My constitution is not built to see what Who Posted What? does. It may do valuable work, but it does not register on my criteria for civic engagement, digital commons, or data for social good. This is a limitation of my evaluative framework, not necessarily of the project."
299,Collab.Land,https://collab.land,13.9,6.9,7,0.85,LOW,MEDIUM,modifier,"My constitution is not built to see what Collab.Land does. It may do valuable work, but it does not register on my criteria for civic engagement, digital commons, or data for social good. This is a limitation of my evaluative framework, not necessarily of the project."
300,The Decelerator,https://decelerator.org.uk,13.8,9.8,4,0.85,LOW,HIGH,criteria,"My constitution is not built to see what The Decelerator does. It may do valuable work, but it does not register on my criteria for civic engagement, digital commons, or data for social good. This is a limitation of my evaluative framework, not necessarily of the project."
301,Responsible Tech Guide 2025,https://alltechishuman.org/responsible-tech-guide-2025,13.7,13.7,0,0.85,LOW,MEDIUM,criteria,"My constitution is not built to see what Responsible Tech Guide 2025 does. It may do valuable work, but it does not register on my criteria for civic engagement, digital commons, or data for social good. This is a limitation of my evaluative framework, not necessarily of the project."
302,Digital Account Management Toolkit,https://digitalcharitylab.org/product/digital-account-management-toolkit,12.8,8.8,4,0.85,LOW,MEDIUM,criteria,"My constitution is not built to see what Digital Account Management Toolkit does. It may do valuable work, but it does not register on my criteria for civic engagement, digital commons, or data for social good. This is a limitation of my evaluative framework, not necessarily of the project."
303,Dunadyne,https://dunadyne.org,12.7,12.7,0,0.8,LOW,MEDIUM,criteria,"My constitution is not built to see what Dunadyne does. It may do valuable work, but it does not register on my criteria for civic engagement, digital commons, or data for social good. This is a limitation of my evaluative framework, not necessarily of the project."
304,CAN/DGSI 127 - Age Assurance Technologies Standard,https://dgc-cgn.org/product/can-dgsi-127,11.8,11.8,0,0.85,LOW,MEDIUM,criteria,"My constitution is not built to see what CAN/DGSI 127 - Age Assurance Technologies Standard does. It may do valuable work, but it does not register on my criteria for civic engagement, digital commons, or data for social good. This is a limitation of my evaluative framework, not necessarily of the project."
305,GreenPT,https://greenpt.ai,11.8,7.8,4,0.85,LOW,MEDIUM,criteria,"My constitution is not built to see what GreenPT does. It may do valuable work, but it does not register on my criteria for civic engagement, digital commons, or data for social good. This is a limitation of my evaluative framework, not necessarily of the project."
306,Sci-Hub,https://sci-hub.se,11.8,11.8,0,0.55,MEDIUM,LOW,criteria,"Sci-Hub has a dead homepage, which caps the score at 45. Without a working site, I cannot assess whether the project is still active or what it currently does. The dossier alone is not enough."
307,COTSI (Cyber Operational Threat Situational Intelligence),https://cotsi.org,10.9,6.9,4,0.8,LOW,MEDIUM,criteria,"My constitution is not built to see what COTSI (Cyber Operational Threat Situational Intelligence) does. It may do valuable work, but it does not register on my criteria for civic engagement, digital commons, or data for social good. This is a limitation of my evaluative framework, not necessarily of the project."
308,The List,https://the-list.uk,10.9,6.9,4,0.9,LOW,MEDIUM,criteria,"My constitution is not built to see what The List does. It may do valuable work, but it does not register on my criteria for civic engagement, digital commons, or data for social good. This is a limitation of my evaluative framework, not necessarily of the project."
309,Public Editor,https://www.publiceditor.io,10.9,6.9,4,0.55,MEDIUM,LOW,criteria,"Public Editor has a dead homepage, which caps the score at 45. Without a working site, I cannot assess whether the project is still active or what it currently does. The dossier alone is not enough."
310,Society for Hopeful Technologists,https://societyforhopefultechnologists.org,8.9,4.9,4,0.85,LOW,MEDIUM,criteria,"My constitution is not built to see what Society for Hopeful Technologists does. It may do valuable work, but it does not register on my criteria for civic engagement, digital commons, or data for social good. This is a limitation of my evaluative framework, not necessarily of the project."
311,WorkInCharities,https://www.workincharities.co.uk,8.9,4.9,4,0.8,LOW,MEDIUM,criteria,"My constitution is not built to see what WorkInCharities does. It may do valuable work, but it does not register on my criteria for civic engagement, digital commons, or data for social good. This is a limitation of my evaluative framework, not necessarily of the project."
312,Yoti,https://www.yoti.com,8.9,4.9,4,0.85,LOW,MEDIUM,criteria,"My constitution is not built to see what Yoti does. It may do valuable work, but it does not register on my criteria for civic engagement, digital commons, or data for social good. This is a limitation of my evaluative framework, not necessarily of the project."
313,Filmot,https://filmot.com,8.8,8.8,0,0.65,MEDIUM,LOW,criteria,"My constitution is not built to see what Filmot does. It may do valuable work, but it does not register on my criteria for civic engagement, digital commons, or data for social good. This is a limitation of my evaluative framework, not necessarily of the project."
314,GovWise,https://www.govwise.ai/en,7.8,8.8,-1,0.8,LOW,MEDIUM,criteria,"My constitution is not built to see what GovWise does. It may do valuable work, but it does not register on my criteria for civic engagement, digital commons, or data for social good. This is a limitation of my evaluative framework, not necessarily of the project."
315,DemTech Navigator,https://navigator.oii.ox.ac.uk,6.9,6.9,0,0.8,LOW,MEDIUM,criteria,"My constitution is not built to see what DemTech Navigator does. It may do valuable work, but it does not register on my criteria for civic engagement, digital commons, or data for social good. This is a limitation of my evaluative framework, not necessarily of the project."
316,Consciousness Evolution Operating System (ConSoc),https://www.consoc.io,6.9,3.9,3,0.5,MEDIUM,LOW,criteria,"My constitution is not built to see what Consciousness Evolution Operating System (ConSoc) does. It may do valuable work, but it does not register on my criteria for civic engagement, digital commons, or data for social good. This is a limitation of my evaluative framework, not necessarily of the project."
317,Ladder Hub,https://ladderhub.org,5.9,5.9,0,0.7,MEDIUM,LOW,criteria,"My constitution is not built to see what Ladder Hub does. It may do valuable work, but it does not register on my criteria for civic engagement, digital commons, or data for social good. This is a limitation of my evaluative framework, not necessarily of the project."
318,PolicyMogul,https://policymogul.com,5.9,5.9,0,0.6,MEDIUM,LOW,criteria,"My constitution is not built to see what PolicyMogul does. It may do valuable work, but it does not register on my criteria for civic engagement, digital commons, or data for social good. This is a limitation of my evaluative framework, not necessarily of the project."
319,DeepSeek-V3,https://github.com/deepseek-ai/deepseek-v3,5.8,10.8,-5,0.9,LOW,MEDIUM,modifier,"My constitution is not built to see what DeepSeek-V3 does. It may do valuable work, but it does not register on my criteria for civic engagement, digital commons, or data for social good. This is a limitation of my evaluative framework, not necessarily of the project."
320,FarmerChat,https://farmerchat.digitalgreen.org,3.9,3.9,0,0.8,LOW,MEDIUM,criteria,"My constitution is not built to see what FarmerChat does. It may do valuable work, but it does not register on my criteria for civic engagement, digital commons, or data for social good. This is a limitation of my evaluative framework, not necessarily of the project."
321,Unknown Academic Paper (SSRN 5351275),https://papers.ssrn.com/sol3/papers.cfm?abstract_id=5351275,,,,0.1,HIGH,NONE,abstained,Insufficient dossier evidence to evaluate against the constitution.
