rank,name,url,score,criteria_score,modifier_adj,completeness,uncertainty,pop_risk,primary_driver,rationale
1,Open Digital Planning,https://opendigitalplanning.org/,78.1,65.1,13,1.0,LOW,MEDIUM,criteria,"Open Digital Planning describes itself as ""Planning services designed by councils for councils — a community of Local Planning"" — the documented government partnership with Ministry of Housing, Communities and Local Government (MHCLG) is what pushes this high — Criterion 1 (practical deployment in government or public services) is my top-weighted criterion at 20 points, and this project earns a strong score on it. The M1 government–civil society bridging boost and M6 plain-language communication bonus combine for a +13-point modifier lift above the criteria score."
2,ODK (Open Data Kit),https://getodk.org,77.8,61.8,16,0.93,LOW,HIGH,criteria,"ODK (Open Data Kit) describes itself as ""Open-source tools for collecting, managing, and using data in resource-constrained"" — documented deployment within government or public services drives the score — Criterion 1 carries 20 points and this project has the operational evidence to earn them. The M1 government–civil society bridging boost and M6 plain-language communication bonus combine for a +16-point modifier lift above the criteria score. This is a HIGH popularity-risk flag: it's a well-known project, so I want to be explicit that the score reflects my criteria, not recognition — visibility neither inflated nor deflated it."
3,mySociety Datasets and APIs,https://data.mysociety.org,77.7,66.7,11,0.93,LOW,HIGH,criteria,"mySociety Datasets and APIs describes itself as ""Open datasets and APIs for democracy, transparency, and community engagement"" — documented deployment within government or public services drives the score — Criterion 1 carries 20 points and this project has the operational evidence to earn them. A +11-point modifier lift comes primarily from M1 — bridging government and civil society is something I value distinctly from pure-government or pure-civil-society work. This is a HIGH popularity-risk flag: it's a well-known project, so I want to be explicit that the score reflects my criteria, not recognition — visibility neither inflated nor deflated it."
4,Open Data Editor (ODE),https://okfn.org/en/projects/open-data-editor/,76.8,60.8,16,1.0,LOW,HIGH,criteria,"Open Data Editor (ODE) describes itself as ""A no-code desktop app for error-free spreadsheets with guaranteed privacy and FAIR data"" — the documented government partnership with Zagreb city government is what pushes this high — Criterion 1 (practical deployment in government or public services) is my top-weighted criterion at 20 points, and this project earns a strong score on it. The M1 government–civil society bridging boost and M6 plain-language communication bonus combine for a +16-point modifier lift above the criteria score. This is a HIGH popularity-risk flag: it's a well-known project, so I want to be explicit that the score reflects my criteria, not recognition — visibility neither inflated nor deflated it."
5,OpenCRVS,https://www.opencrvs.org,75.8,59.8,16,0.93,LOW,HIGH,criteria,"OpenCRVS describes itself as ""Open source digital civil registration and vital statistics system for every person on"" — the documented government partnership with Multiple national governments is what pushes this high — Criterion 1 (practical deployment in government or public services) is my top-weighted criterion at 20 points, and this project earns a strong score on it. The M1 government–civil society bridging boost and M6 plain-language communication bonus combine for a +16-point modifier lift above the criteria score. This is a HIGH popularity-risk flag: it's a well-known project, so I want to be explicit that the score reflects my criteria, not recognition — visibility neither inflated nor deflated it."
6,AlgorithmWatch,https://algorithmwatch.org,73.9,65.9,8,1.0,LOW,LOW,criteria,"AlgorithmWatch describes itself as ""A non-governmental, non-profit organization based in Berlin and Zurich that fights for a"" — the documented government partnership with Federal Ministry of Education and Research (BMBF) is what pushes this high — Criterion 1 (practical deployment in government or public services) is my top-weighted criterion at 20 points, and this project earns a strong score on it. A +8-point modifier lift comes primarily from M1 — bridging government and civil society is something I value distinctly from pure-government or pure-civil-society work."
7,OSINT Framework,https://osintframework.com,73.3,57.3,16,0.93,LOW,HIGH,criteria,"OSINT Framework describes itself as ""A curated collection of free OSINT tools and resources for information gathering"" — its open-source architecture and cross-institutional interoperability are what earns the modifier lift here — Criterion 4 (open infrastructure) rewards exactly this kind of boundary-crossing design. The +16-point modifier adjustment reflects strong alignment across multiple value modifiers — primarily open infrastructure and cross-sector bridging. This is a HIGH popularity-risk flag: it's a well-known project, so I want to be explicit that the score reflects my criteria, not recognition — visibility neither inflated nor deflated it."
8,Nym,https://nymtech.net,72.9,56.9,16,0.93,LOW,MEDIUM,criteria,"Nym describes itself as ""The World's Most Private Decentralized VPN"" — its open-source architecture and cross-institutional interoperability are what earns the modifier lift here — Criterion 4 (open infrastructure) rewards exactly this kind of boundary-crossing design. The +16-point modifier adjustment reflects strong alignment across multiple value modifiers — primarily open infrastructure and cross-sector bridging."
9,Bellingcat Online Investigation Toolkit,https://bellingcat.gitbook.io/toolkit,72.8,61.8,11,0.93,LOW,LOW,criteria,"Bellingcat Online Investigation Toolkit describes itself as ""A toolkit for open source researchers - your place to discover tools for online"" — its open-source architecture and cross-institutional interoperability are what earns the modifier lift here — Criterion 4 (open infrastructure) rewards exactly this kind of boundary-crossing design. A +11-point modifier reflects open-infrastructure and cross-sector bridging alignment, even without a dominant single modifier."
10,SecureDrop,https://securedrop.org,71.4,60.4,11,0.93,LOW,HIGH,criteria,"SecureDrop describes itself as ""Open source whistleblower submission system for secure anonymous document sharing"" — its open-source architecture and cross-institutional interoperability are what earns the modifier lift here — Criterion 4 (open infrastructure) rewards exactly this kind of boundary-crossing design. A +11-point modifier reflects open-infrastructure and cross-sector bridging alignment, even without a dominant single modifier. This is a HIGH popularity-risk flag: it's a well-known project, so I want to be explicit that the score reflects my criteria, not recognition — visibility neither inflated nor deflated it."
11,LiquidFeedback,https://liquidfeedback.com,70.9,54.9,16,0.93,LOW,LOW,criteria,"LiquidFeedback describes itself as ""Liquid democracy software for transparent proposal development and collective"" — documented deployment within government or public services drives the score — Criterion 1 carries 20 points and this project has the operational evidence to earn them. The M1 government–civil society bridging boost and M6 plain-language communication bonus combine for a +16-point modifier lift above the criteria score."
12,oTree,https://www.otree.org,70.5,54.5,16,0.93,LOW,MEDIUM,criteria,"oTree describes itself as ""Open-source platform for web-based behavioral research and interactive experiments"" — the documented government partnership with World Bank is what pushes this high — Criterion 1 (practical deployment in government or public services) is my top-weighted criterion at 20 points, and this project earns a strong score on it. The M1 government–civil society bridging boost and M6 plain-language communication bonus combine for a +16-point modifier lift above the criteria score."
13,Frankenstein Bill,https://gordonguthrie.github.io/frankensteinbill,69.9,56.9,13,0.93,LOW,LOW,criteria,"Frankenstein Bill describes itself as ""A dummy parliamentary bill collecting and explaining potential speedbumps for government"" — documented deployment within government or public services drives the score — Criterion 1 carries 20 points and this project has the operational evidence to earn them. The M1 government–civil society bridging boost and M6 plain-language communication bonus combine for a +13-point modifier lift above the criteria score."
14,OpenSanctions,https://www.opensanctions.org,69.9,56.9,13,0.93,LOW,MEDIUM,criteria,"OpenSanctions describes itself as ""Supreme Data on Supreme Leaders - open source sanctions and politically exposed persons"" — the documented government partnership with UN Security Council is what pushes this high — Criterion 1 (practical deployment in government or public services) is my top-weighted criterion at 20 points, and this project earns a strong score on it. The M1 modifier for bridging government and civil society accounts for most of the +13-point adjustment above criteria."
15,Unpaywall Browser Extension,https://unpaywall.org/products/extension,69.8,58.8,11,0.93,LOW,MEDIUM,criteria,"Unpaywall Browser Extension describes itself as ""Browser extension to find legal, open access versions of academic papers"" — its open-source architecture and cross-institutional interoperability are what earns the modifier lift here — Criterion 4 (open infrastructure) rewards exactly this kind of boundary-crossing design. A +11-point modifier reflects open-infrastructure and cross-sector bridging alignment, even without a dominant single modifier."
16,Aleph (OCCRP),https://aleph.occrp.org,69.4,61.4,8,1.0,LOW,MEDIUM,criteria,"Aleph (OCCRP) describes itself as ""The global archive of research material for investigative reporting. Follow the money"" — documented deployment within government or public services drives the score — Criterion 1 carries 20 points and this project has the operational evidence to earn them. A +8-point modifier lift comes primarily from M1 — bridging government and civil society is something I value distinctly from pure-government or pure-civil-society work."
17,Creative Commons,https://creativecommons.org,68.9,52.9,16,1.0,LOW,HIGH,criteria,"Creative Commons describes itself as ""CC empowers individuals and communities around the world through technical, legal, and"" — its copyright dimension is the primary driver here — Criterion 3 (creative industries and cultural value) carries 20 points and this project addresses the technology–creativity relationship I'm most focused on at DCMS. The M2 boost for creative workers and cultural practitioners adds 16 points above the criteria baseline. This is a HIGH popularity-risk flag: it's a well-known project, so I want to be explicit that the score reflects my criteria, not recognition — visibility neither inflated nor deflated it."
18,WhatDoTheyKnow,https://www.whatdotheyknow.com,68.8,57.8,11,0.93,LOW,MEDIUM,criteria,"WhatDoTheyKnow describes itself as ""Make freedom of information requests and see responses from UK public authorities"" — the documented government partnership with UK Public Authorities is what pushes this high — Criterion 1 (practical deployment in government or public services) is my top-weighted criterion at 20 points, and this project earns a strong score on it. A +11-point modifier lift comes primarily from M1 — bridging government and civil society is something I value distinctly from pure-government or pure-civil-society work."
19,Humanitarian OpenStreetMap Team (HOT),https://www.hotosm.org,68.5,52.5,16,0.93,LOW,HIGH,criteria,"Humanitarian OpenStreetMap Team (HOT) describes itself as ""Mapping for impact in humanitarian crises and development challenges"" — documented deployment within government or public services drives the score — Criterion 1 carries 20 points and this project has the operational evidence to earn them. The M1 modifier for bridging government and civil society accounts for most of the +16-point adjustment above criteria. This is a HIGH popularity-risk flag: it's a well-known project, so I want to be explicit that the score reflects my criteria, not recognition — visibility neither inflated nor deflated it."
20,Loomio,https://www.loomio.org,68.3,57.3,11,0.93,LOW,HIGH,criteria,"Loomio describes itself as ""Make decisions together, without the endless meetings"" — documented deployment within government or public services drives the score — Criterion 1 carries 20 points and this project has the operational evidence to earn them. A +11-point modifier lift comes primarily from M1 — bridging government and civil society is something I value distinctly from pure-government or pure-civil-society work. This is a HIGH popularity-risk flag: it's a well-known project, so I want to be explicit that the score reflects my criteria, not recognition — visibility neither inflated nor deflated it."
21,Channel.org,https://channel.org,68.0,52.0,16,0.93,LOW,LOW,criteria,"Channel.org describes itself as ""Own your Channels, content, and community"" — its open-source architecture and cross-institutional interoperability are what earns the modifier lift here — Criterion 4 (open infrastructure) rewards exactly this kind of boundary-crossing design. The +16-point modifier adjustment reflects strong alignment across multiple value modifiers — primarily open infrastructure and cross-sector bridging."
22,youtube-dl,https://github.com/ytdl-org/youtube-dl,68.0,52.0,16,0.93,LOW,HIGH,criteria,"youtube-dl describes itself as ""Command-line program to download videos from YouTube.com and other video sites"" — its open-source architecture and cross-institutional interoperability are what earns the modifier lift here — Criterion 4 (open infrastructure) rewards exactly this kind of boundary-crossing design. The +16-point modifier adjustment reflects strong alignment across multiple value modifiers — primarily open infrastructure and cross-sector bridging. This is a HIGH popularity-risk flag: it's a well-known project, so I want to be explicit that the score reflects my criteria, not recognition — visibility neither inflated nor deflated it."
23,The Circuit,https://thecircuit.cc,67.8,59.8,8,1.0,LOW,LOW,criteria,"The Circuit describes itself as ""A data-driven collaborative journalism investigation into Cook County's court system"" — documented deployment within government or public services drives the score — Criterion 1 carries 20 points and this project has the operational evidence to earn them. A +8-point modifier lift comes primarily from M1 — bridging government and civil society is something I value distinctly from pure-government or pure-civil-society work."
24,OA.Works,https://oa.works/,67.6,51.6,16,0.93,LOW,LOW,criteria,"OA.Works describes itself as ""Powerfully simple open access tools for a just and kind information age"" — the documented government partnership with IFLA is what pushes this high — Criterion 1 (practical deployment in government or public services) is my top-weighted criterion at 20 points, and this project earns a strong score on it. The M1 government–civil society bridging boost and M6 plain-language communication bonus combine for a +16-point modifier lift above the criteria score."
25,Tor Project,https://www.torproject.org,67.4,59.4,8,0.93,LOW,HIGH,criteria,"Tor Project describes itself as ""Anonymity Online - Advance human rights and defend privacy through free and open source"" — the documented government partnership with US Government agencies is what pushes this high — Criterion 1 (practical deployment in government or public services) is my top-weighted criterion at 20 points, and this project earns a strong score on it. A +8-point modifier lift comes primarily from M1 — bridging government and civil society is something I value distinctly from pure-government or pure-civil-society work. This is a HIGH popularity-risk flag: it's a well-known project, so I want to be explicit that the score reflects my criteria, not recognition — visibility neither inflated nor deflated it."
26,Open Science Framework,https://osf.io,67.2,51.2,16,0.93,LOW,MEDIUM,criteria,"Open Science Framework describes itself as ""A free, open platform for researchers to collaborate and share their work"" — documented deployment within government or public services drives the score — Criterion 1 carries 20 points and this project has the operational evidence to earn them. The M1 government–civil society bridging boost and M6 plain-language communication bonus combine for a +16-point modifier lift above the criteria score."
27,Open Referral UK,https://openreferraluk.org,67.0,51.0,16,0.93,LOW,LOW,criteria,"Open Referral UK describes itself as ""The open data standard that makes it easy to publish, find, and use community services"" — the documented government partnership with Ministry of Housing, Communities & Local Government is what pushes this high — Criterion 1 (practical deployment in government or public services) is my top-weighted criterion at 20 points, and this project earns a strong score on it. The M1 government–civil society bridging boost and M6 plain-language communication bonus combine for a +16-point modifier lift above the criteria score."
28,Bluesky,https://bsky.app,66.6,50.6,16,0.93,LOW,HIGH,criteria,"Bluesky describes itself as ""Open social media platform built on the AT Protocol"" — its International reach earns the cross-jurisdictional bonus under Criterion 7, though at 6 points that's only the tiebreaker — the main weight comes from how well it serves its primary users in practice. The +16-point modifier adjustment reflects strong alignment across multiple value modifiers — primarily open infrastructure and cross-sector bridging. This is a HIGH popularity-risk flag: it's a well-known project, so I want to be explicit that the score reflects my criteria, not recognition — visibility neither inflated nor deflated it."
29,Coral,https://coralproject.net,66.5,55.5,11,0.93,LOW,MEDIUM,criteria,"Coral describes itself as ""A better commenting experience — open source tools for safer, more engaged online"" — its open-source architecture and cross-institutional interoperability are what earns the modifier lift here — Criterion 4 (open infrastructure) rewards exactly this kind of boundary-crossing design. A +11-point modifier reflects open-infrastructure and cross-sector bridging alignment, even without a dominant single modifier."
30,Framework for Meaningful Engagement 2.0,https://ecnl.org/publications/framework-meaningful-engagement-20?mc_cid=b1c5158063&mc_eid=a09c64ec38,66.2,58.2,8,0.87,LOW,LOW,criteria,"Framework for Meaningful Engagement 2.0 describes itself as ""Practical suggestions on how to engage civil society and affected communities in AI"" — documented deployment within government or public services drives the score — Criterion 1 carries 20 points and this project has the operational evidence to earn them. A +8-point modifier lift comes primarily from M1 — bridging government and civil society is something I value distinctly from pure-government or pure-civil-society work."
31,NumFOCUS,https://numfocus.org,66.0,50.0,16,1.0,LOW,MEDIUM,criteria,"NumFOCUS describes itself as ""A Nonprofit Supporting Open Code for Better Science"" — documented deployment within government or public services drives the score — Criterion 1 carries 20 points and this project has the operational evidence to earn them. The M1 government–civil society bridging boost and M6 plain-language communication bonus combine for a +16-point modifier lift above the criteria score."
32,OpenProcurement,https://openprocurement.io,66.0,50.0,16,0.93,LOW,LOW,criteria,"OpenProcurement describes itself as ""Open source e-procurement toolkit powering transparent public procurement systems."" — documented deployment within government or public services drives the score — Criterion 1 carries 20 points and this project has the operational evidence to earn them. The M1 government–civil society bridging boost and M6 plain-language communication bonus combine for a +16-point modifier lift above the criteria score."
33,Pageviews Analysis,https://pageviews.wmcloud.org,66.0,50.0,16,0.93,LOW,LOW,criteria,"Pageviews Analysis describes itself as ""Tool for analyzing and comparing pageview statistics across Wikipedia articles"" — its open-source architecture and cross-institutional interoperability are what earns the modifier lift here — Criterion 4 (open infrastructure) rewards exactly this kind of boundary-crossing design. The +16-point modifier adjustment reflects strong alignment across multiple value modifiers — primarily open infrastructure and cross-sector bridging."
34,Participedia,https://participedia.net,65.9,52.9,13,1.0,LOW,LOW,criteria,"Participedia describes itself as ""A global crowdsourcing platform for researchers, activists, practitioners, and anyone"" — its open-source architecture and cross-institutional interoperability are what earns the modifier lift here — Criterion 4 (open infrastructure) rewards exactly this kind of boundary-crossing design. The +13-point modifier adjustment reflects strong alignment across multiple value modifiers — primarily open infrastructure and cross-sector bridging."
35,Alaveteli,https://alaveteli.org,65.5,57.5,8,0.93,LOW,MEDIUM,criteria,"Alaveteli describes itself as ""Run your own Freedom of Information website - An open-source platform for making public"" — documented deployment within government or public services drives the score — Criterion 1 carries 20 points and this project has the operational evidence to earn them. A +8-point modifier lift comes primarily from M1 — bridging government and civil society is something I value distinctly from pure-government or pure-civil-society work."
36,The Government Says,https://thegovernmentsays.com,65.5,54.5,11,0.93,LOW,LOW,criteria,"The Government Says describes itself as ""Real-time aggregation and monitoring of UK government press releases and statements"" — documented deployment within government or public services drives the score — Criterion 1 carries 20 points and this project has the operational evidence to earn them. A +11-point modifier lift comes primarily from M1 — bridging government and civil society is something I value distinctly from pure-government or pure-civil-society work."
37,Guardian Project,https://guardianproject.info,65.3,57.3,8,0.93,LOW,HIGH,criteria,"Guardian Project describes itself as ""Secure, privacy-enhancing mobile applications and tools for journalists, activists, and"" — documented deployment within government or public services drives the score — Criterion 1 carries 20 points and this project has the operational evidence to earn them. A +8-point modifier lift comes primarily from M1 — bridging government and civil society is something I value distinctly from pure-government or pure-civil-society work. This is a HIGH popularity-risk flag: it's a well-known project, so I want to be explicit that the score reflects my criteria, not recognition — visibility neither inflated nor deflated it."
38,GlobaLeaks,https://www.globaleaks.org,65.0,49.0,16,0.93,LOW,MEDIUM,criteria,"GlobaLeaks describes itself as ""Free and open-source whistleblowing software enabling secure anonymous reporting platforms"" — documented deployment within government or public services drives the score — Criterion 1 carries 20 points and this project has the operational evidence to earn them. The M1 government–civil society bridging boost and M6 plain-language communication bonus combine for a +16-point modifier lift above the criteria score."
39,Open Contracting Partnership,https://www.open-contracting.org,65.0,52.0,13,1.0,LOW,LOW,criteria,"Open Contracting Partnership describes itself as ""Open, fair & efficient public contracting to improve US$2 trillion in annual public"" — the documented government partnership with Government of Brazil is what pushes this high — Criterion 1 (practical deployment in government or public services) is my top-weighted criterion at 20 points, and this project earns a strong score on it. The M1 modifier for bridging government and civil society accounts for most of the +13-point adjustment above criteria."
40,PolicyEngine,https://policyengine.org/uk,64.9,53.9,11,0.93,LOW,MEDIUM,criteria,"PolicyEngine describes itself as ""Open-source policy analysis and simulation platform for tax and benefit systems"" — documented deployment within government or public services drives the score — Criterion 1 carries 20 points and this project has the operational evidence to earn them. A +11-point modifier lift comes primarily from M1 — bridging government and civil society is something I value distinctly from pure-government or pure-civil-society work."
41,Open Heart Mind (OHM),https://openheartmind.org,64.6,51.6,13,0.93,LOW,LOW,criteria,"Open Heart Mind (OHM) describes itself as ""Participatory gatherings and regenerative systems for collective flourishing — developing"" — its open-source architecture and cross-institutional interoperability are what earns the modifier lift here — Criterion 4 (open infrastructure) rewards exactly this kind of boundary-crossing design. The +13-point modifier adjustment reflects strong alignment across multiple value modifiers — primarily open infrastructure and cross-sector bridging."
42,Open Ownership,https://www.openownership.org,64.4,48.4,16,0.93,LOW,LOW,criteria,"Open Ownership describes itself as ""Driving global shift towards transparency and accountability in corporate ownership and"" — the documented government partnership with Patents and Company Registration Agency (PACRA) is what pushes this high — Criterion 1 (practical deployment in government or public services) is my top-weighted criterion at 20 points, and this project earns a strong score on it. The M1 modifier for bridging government and civil society accounts for most of the +16-point adjustment above criteria."
43,Open Council Network,https://opencouncil.network,64.3,56.3,8,0.93,LOW,LOW,criteria,"Open Council Network describes itself as ""Makes local government decision-making accessible to everyone through council meeting"" — documented deployment within government or public services drives the score — Criterion 1 carries 20 points and this project has the operational evidence to earn them. A +8-point modifier lift comes primarily from M1 — bridging government and civil society is something I value distinctly from pure-government or pure-civil-society work."
44,Open Standards for Data Guidebook,https://standards.theodi.org,64.2,48.2,16,0.93,LOW,LOW,criteria,"Open Standards for Data Guidebook describes itself as ""Helping people and organisations create, develop and adopt open standards for data"" — documented deployment within government or public services drives the score — Criterion 1 carries 20 points and this project has the operational evidence to earn them. The M1 government–civil society bridging boost and M6 plain-language communication bonus combine for a +16-point modifier lift above the criteria score."
45,Cybersecurity for Democracy,https://cybersecurityfordemocracy.org,64.1,53.1,11,0.93,LOW,LOW,criteria,"Cybersecurity for Democracy describes itself as ""A multi-university center for problem-driven research and research-driven policy"" — documented deployment within government or public services drives the score — Criterion 1 carries 20 points and this project has the operational evidence to earn them. A +11-point modifier lift comes primarily from M1 — bridging government and civil society is something I value distinctly from pure-government or pure-civil-society work."
46,UK Housing Data Standards,https://hact.org.uk/tools-and-services/uk-housing-data-standards,64.1,56.1,8,1.0,LOW,LOW,criteria,"UK Housing Data Standards describes itself as ""Sector-developed data standards for UK social housing to improve data governance"" — the documented government partnership with Regulator of Social Housing (implicit via Awaab's Law compliance framework) is what pushes this high — Criterion 1 (practical deployment in government or public services) is my top-weighted criterion at 20 points, and this project earns a strong score on it. A +8-point modifier lift comes primarily from M1 — bridging government and civil society is something I value distinctly from pure-government or pure-civil-society work."
47,OpenBudgets.eu,https://openbudgets.eu,64.0,48.0,16,0.93,LOW,LOW,criteria,"OpenBudgets.eu describes itself as ""Upload, visualize, and analyse public budget and spending data to discover stories behind"" — documented deployment within government or public services drives the score — Criterion 1 carries 20 points and this project has the operational evidence to earn them. The M1 modifier for bridging government and civil society accounts for most of the +16-point adjustment above criteria."
48,All Our Ideas,https://all-our-ideas.citizens.is,63.9,52.9,11,1.0,LOW,LOW,criteria,"All Our Ideas describes itself as ""A platform for crowdsourcing ideas and priorities through pairwise comparison voting"" — documented deployment within government or public services drives the score — Criterion 1 carries 20 points and this project has the operational evidence to earn them. A +11-point modifier lift comes primarily from M1 — bridging government and civil society is something I value distinctly from pure-government or pure-civil-society work."
49,Political Advertising Transparency Data Standard,https://github.com/whotargetsme/ad-transparency-standards/blob/main/implement.md,63.9,55.9,8,0.93,LOW,LOW,criteria,"Political Advertising Transparency Data Standard describes itself as ""A schema standard for how political advertising data is presented across platforms to"" — documented deployment within government or public services drives the score — Criterion 1 carries 20 points and this project has the operational evidence to earn them. A +8-point modifier lift comes primarily from M1 — bridging government and civil society is something I value distinctly from pure-government or pure-civil-society work."
50,Granicus,https://granicus.com/uk,63.7,43.7,20,0.87,LOW,LOW,criteria,"Granicus describes itself as ""The Citizen Experience Platform for Government"" — documented deployment within government or public services drives the score — Criterion 1 carries 20 points and this project has the operational evidence to earn them. The M1 modifier for bridging government and civil society accounts for most of the +20-point adjustment above criteria."
51,CommunityRule,https://communityrule.info,63.5,52.5,11,1.0,LOW,LOW,criteria,"CommunityRule describes itself as ""A governance toolkit for great communities"" — documented deployment within government or public services drives the score — Criterion 1 carries 20 points and this project has the operational evidence to earn them. A +11-point modifier lift comes primarily from M1 — bridging government and civil society is something I value distinctly from pure-government or pure-civil-society work."
52,Your Priorities,https://yrpri.org,63.5,52.5,11,0.93,LOW,LOW,criteria,"Your Priorities describes itself as ""Idea generation, deliberation & decision-making platform for governments since 2008"" — the documented government partnership with Multiple government and local authorities is what pushes this high — Criterion 1 (practical deployment in government or public services) is my top-weighted criterion at 20 points, and this project earns a strong score on it. A +11-point modifier lift comes primarily from M1 — bridging government and civil society is something I value distinctly from pure-government or pure-civil-society work."
53,Matrix,https://matrix.org,63.4,52.4,11,1.0,LOW,HIGH,criteria,"Matrix describes itself as ""An open standard and network for secure, decentralised, interoperable communication"" — documented deployment within government or public services drives the score — Criterion 1 carries 20 points and this project has the operational evidence to earn them. A +11-point modifier lift comes primarily from M1 — bridging government and civil society is something I value distinctly from pure-government or pure-civil-society work. This is a HIGH popularity-risk flag: it's a well-known project, so I want to be explicit that the score reflects my criteria, not recognition — visibility neither inflated nor deflated it."
54,Privacy Badger,https://privacybadger.org,63.4,52.4,11,1.0,LOW,MEDIUM,criteria,"Privacy Badger describes itself as ""A free browser extension made by EFF to stop companies from spying on you online."" — its open-source architecture and cross-institutional interoperability are what earns the modifier lift here — Criterion 4 (open infrastructure) rewards exactly this kind of boundary-crossing design. A +11-point modifier reflects open-infrastructure and cross-sector bridging alignment, even without a dominant single modifier."
55,HURIDOCS,https://github.com/huridocs,63.3,55.3,8,0.93,LOW,LOW,criteria,"HURIDOCS describes itself as ""HURIDOCS equips human rights defenders with tools to mobilise information for justice and"" — the documented government partnership with European Commission is what pushes this high — Criterion 1 (practical deployment in government or public services) is my top-weighted criterion at 20 points, and this project earns a strong score on it. A +8-point modifier lift comes primarily from M1 — bridging government and civil society is something I value distinctly from pure-government or pure-civil-society work."
56,sourceAFRICA,https://sourceafrica.net,62.4,51.4,11,0.93,LOW,LOW,criteria,"sourceAFRICA describes itself as ""Africa's premier repository for actionable documents"" — its open-source architecture and cross-institutional interoperability are what earns the modifier lift here — Criterion 4 (open infrastructure) rewards exactly this kind of boundary-crossing design. A +11-point modifier reflects open-infrastructure and cross-sector bridging alignment, even without a dominant single modifier."
57,Choose a License,https://choosealicense.com,62.1,44.1,18,0.93,LOW,MEDIUM,criteria,"Choose a License describes itself as ""An open source license guide helping developers and projects select appropriate licenses"" — its international reach earns the cross-jurisdictional bonus under Criterion 7, though at 6 points that's only the tiebreaker — the main weight comes from how well it serves its primary users in practice. The +18-point modifier adjustment reflects strong alignment across multiple value modifiers — primarily open infrastructure and cross-sector bridging."
58,Pastecal,https://github.com/kazad/pastecal,62.1,46.1,16,0.93,LOW,LOW,criteria,"Pastecal describes itself as ""Zero-login shared calendar for collaborative scheduling without authentication"" — its open-source architecture and cross-institutional interoperability are what earns the modifier lift here — Criterion 4 (open infrastructure) rewards exactly this kind of boundary-crossing design. The +16-point modifier adjustment reflects strong alignment across multiple value modifiers — primarily open infrastructure and cross-sector bridging."
59,CONSUL Democracy,https://consulproject.org,62.0,51.0,11,1.0,LOW,HIGH,criteria,"CONSUL Democracy describes itself as ""The most complete citizen participation tool for an open, transparent and democratic"" — documented deployment within government or public services drives the score — Criterion 1 carries 20 points and this project has the operational evidence to earn them. A +11-point modifier lift comes primarily from M1 — bridging government and civil society is something I value distinctly from pure-government or pure-civil-society work. This is a HIGH popularity-risk flag: it's a well-known project, so I want to be explicit that the score reflects my criteria, not recognition — visibility neither inflated nor deflated it."
60,One Project,https://oneproject.org/,61.6,48.6,13,0.93,LOW,LOW,criteria,"One Project describes itself as ""Building infrastructure for economic democracy — connecting people, organisations, and"" — its open-source architecture and cross-institutional interoperability are what earns the modifier lift here — Criterion 4 (open infrastructure) rewards exactly this kind of boundary-crossing design. The +13-point modifier adjustment reflects strong alignment across multiple value modifiers — primarily open infrastructure and cross-sector bridging."
61,The DAO (Standard DAO Framework),https://github.com/vbuterin/dao,61.4,50.4,11,0.93,LOW,LOW,criteria,"The DAO (Standard DAO Framework) describes itself as ""A Standard DAO (Decentralized Autonomous Organization) framework written in Solidity"" — its open-source architecture and cross-institutional interoperability are what earns the modifier lift here — Criterion 4 (open infrastructure) rewards exactly this kind of boundary-crossing design. A +11-point modifier reflects open-infrastructure and cross-sector bridging alignment, even without a dominant single modifier."
62,Logos,https://logos.co/,61.1,45.1,16,0.93,LOW,LOW,criteria,"Logos describes itself as ""A social movement and decentralised technology stack built to revitalise civil society"" — its open-source architecture and cross-institutional interoperability are what earns the modifier lift here — Criterion 4 (open infrastructure) rewards exactly this kind of boundary-crossing design. The +16-point modifier adjustment reflects strong alignment across multiple value modifiers — primarily open infrastructure and cross-sector bridging."
63,Polis,https://github.com/compdemocracy/polis,61.0,50.0,11,0.93,LOW,HIGH,criteria,"Polis describes itself as ""Open-source AI-powered platform for large-scale open-ended public feedback and"" — documented deployment within government or public services drives the score — Criterion 1 carries 20 points and this project has the operational evidence to earn them. A +11-point modifier lift comes primarily from M1 — bridging government and civil society is something I value distinctly from pure-government or pure-civil-society work. This is a HIGH popularity-risk flag: it's a well-known project, so I want to be explicit that the score reflects my criteria, not recognition — visibility neither inflated nor deflated it."
64,DAO Governance Surfaces,https://github.com/notchia/dao-governance-surfaces,61.0,50.0,11,0.93,LOW,LOW,criteria,"DAO Governance Surfaces describes itself as ""Extract and label the governance surface of a set of DAO smart contracts"" — its open-source architecture and cross-institutional interoperability are what earns the modifier lift here — Criterion 4 (open infrastructure) rewards exactly this kind of boundary-crossing design. A +11-point modifier reflects open-infrastructure and cross-sector bridging alignment, even without a dominant single modifier."
65,Open Collective,https://opencollective.com,60.7,44.7,16,0.93,LOW,HIGH,criteria,"Open Collective describes itself as ""Raise, manage and disburse money with full transparency."" — its open-source architecture and cross-institutional interoperability are what earns the modifier lift here — Criterion 4 (open infrastructure) rewards exactly this kind of boundary-crossing design. The +16-point modifier adjustment reflects strong alignment across multiple value modifiers — primarily open infrastructure and cross-sector bridging. This is a HIGH popularity-risk flag: it's a well-known project, so I want to be explicit that the score reflects my criteria, not recognition — visibility neither inflated nor deflated it."
66,Groupthink (OpenPolitics Votebot),https://github.com/openpolitics/groupthink,60.5,52.5,8,1.0,LOW,LOW,criteria,"Groupthink (OpenPolitics Votebot) describes itself as ""A collaborative democratic platform built atop GitHub, designed for open policymaking and"" — its open-source architecture and cross-institutional interoperability are what earns the modifier lift here — Criterion 4 (open infrastructure) rewards exactly this kind of boundary-crossing design. A +8-point modifier reflects open-infrastructure and cross-sector bridging alignment, even without a dominant single modifier."
67,Participa (Podemos),https://github.com/podemos-info/participa,60.4,52.4,8,0.93,LOW,LOW,criteria,"Participa (Podemos) describes itself as ""Unified census and participation platform for Podemos: voting, donations, microcredits"" — its open-source architecture and cross-institutional interoperability are what earns the modifier lift here — Criterion 4 (open infrastructure) rewards exactly this kind of boundary-crossing design. A +8-point modifier reflects open-infrastructure and cross-sector bridging alignment, even without a dominant single modifier."
68,LittleSis,https://littlesis.org,60.4,52.4,8,1.0,LOW,LOW,criteria,"LittleSis describes itself as ""Free database of who-knows-who at the heights of business and government — power research"" — its open-source architecture and cross-institutional interoperability are what earns the modifier lift here — Criterion 4 (open infrastructure) rewards exactly this kind of boundary-crossing design. A +8-point modifier reflects open-infrastructure and cross-sector bridging alignment, even without a dominant single modifier."
69,openparliament.ca,https://openparliament.ca/,60.4,52.4,8,0.93,LOW,LOW,criteria,"openparliament.ca describes itself as ""Making it easy to find out what your representatives in Ottawa are up to — see what"" — its open-source architecture and cross-institutional interoperability are what earns the modifier lift here — Criterion 4 (open infrastructure) rewards exactly this kind of boundary-crossing design. A +8-point modifier reflects open-infrastructure and cross-sector bridging alignment, even without a dominant single modifier."
70,Journal of Open Source Software,https://joss.theoj.org,60.1,44.1,16,1.0,LOW,MEDIUM,criteria,"Journal of Open Source Software describes itself as ""A developer friendly, open access journal for research software packages"" — its open-source architecture and cross-institutional interoperability are what earns the modifier lift here — Criterion 4 (open infrastructure) rewards exactly this kind of boundary-crossing design. The +16-point modifier adjustment reflects strong alignment across multiple value modifiers — primarily open infrastructure and cross-sector bridging."
71,Pursuance Project,https://pursuanceproject.org,60.1,47.1,13,0.93,LOW,LOW,criteria,"Pursuance Project describes itself as ""Open source software enabling individuals and organizations to collaborate on shared"" — its open-source architecture and cross-institutional interoperability are what earns the modifier lift here — Criterion 4 (open infrastructure) rewards exactly this kind of boundary-crossing design. The +13-point modifier adjustment reflects strong alignment across multiple value modifiers — primarily open infrastructure and cross-sector bridging."
72,Decidim,https://decidim.org,60.0,52.0,8,0.93,LOW,HIGH,criteria,"Decidim describes itself as ""A free/libre, open and safe digital platform for citizen participation. Reprogramming"" — documented deployment within government or public services drives the score — Criterion 1 carries 20 points and this project has the operational evidence to earn them. A +8-point modifier lift comes primarily from M1 — bridging government and civil society is something I value distinctly from pure-government or pure-civil-society work. This is a HIGH popularity-risk flag: it's a well-known project, so I want to be explicit that the score reflects my criteria, not recognition — visibility neither inflated nor deflated it."
73,Populate Tools,https://github.com/populatetools,60.0,49.0,11,0.93,LOW,LOW,criteria,"Populate Tools describes itself as ""Tools for civic engagement"" — documented deployment within government or public services drives the score — Criterion 1 carries 20 points and this project has the operational evidence to earn them. A +11-point modifier lift comes primarily from M1 — bridging government and civil society is something I value distinctly from pure-government or pure-civil-society work."
74,Principles for Public Participation in Procurement of AI,https://p4ai.net,60.0,49.0,11,0.87,LOW,LOW,criteria,"Principles for Public Participation in Procurement of AI describes itself as ""Framework for public participation in AI procurement decisions"" — documented deployment within government or public services drives the score — Criterion 1 carries 20 points and this project has the operational evidence to earn them. A +11-point modifier lift comes primarily from M1 — bridging government and civil society is something I value distinctly from pure-government or pure-civil-society work."
75,Security First / Umbrella,https://secfirst.org,60.0,52.0,8,1.0,LOW,LOW,criteria,"Security First / Umbrella describes itself as ""Free, open source digital and physical security handbook app for journalists, activists"" — its open-source architecture and cross-institutional interoperability are what earns the modifier lift here — Criterion 4 (open infrastructure) rewards exactly this kind of boundary-crossing design. A +8-point modifier reflects open-infrastructure and cross-sector bridging alignment, even without a dominant single modifier."
76,PlaceCal,https://github.com/geeksforsocialchange/placecal,59.7,43.7,16,0.93,LOW,LOW,criteria,"PlaceCal describes itself as ""Bring your community together"" — its open-source architecture and cross-institutional interoperability are what earns the modifier lift here — Criterion 4 (open infrastructure) rewards exactly this kind of boundary-crossing design. The +16-point modifier adjustment reflects strong alignment across multiple value modifiers — primarily open infrastructure and cross-sector bridging."
77,Wikidata,https://www.wikidata.org,59.6,48.6,11,0.93,LOW,HIGH,criteria,"Wikidata describes itself as ""A free and open knowledge base that can be read and edited by both machines and humans"" — documented deployment within government or public services drives the score — Criterion 1 carries 20 points and this project has the operational evidence to earn them. A +11-point modifier lift comes primarily from M1 — bridging government and civil society is something I value distinctly from pure-government or pure-civil-society work. This is a HIGH popularity-risk flag: it's a well-known project, so I want to be explicit that the score reflects my criteria, not recognition — visibility neither inflated nor deflated it."
78,OpenOrigins,https://www.openorigins.com,59.1,43.1,16,0.87,LOW,LOW,criteria,"OpenOrigins describes itself as ""The Trust Layer for a Verified Internet"" — its international reach earns the cross-jurisdictional bonus under Criterion 7, though at 6 points that's only the tiebreaker — the main weight comes from how well it serves its primary users in practice. The +16-point modifier adjustment reflects strong alignment across multiple value modifiers — primarily open infrastructure and cross-sector bridging."
79,CiviCRM,https://civicrm.org,59.0,48.0,11,0.93,LOW,LOW,criteria,"CiviCRM describes itself as ""Open source constituent relationship management for non-profits, NGOs and advocacy"" — documented deployment within government or public services drives the score — Criterion 1 carries 20 points and this project has the operational evidence to earn them. A +11-point modifier lift comes primarily from M1 — bridging government and civil society is something I value distinctly from pure-government or pure-civil-society work."
80,Cobudget,https://cobudget.com,59.0,48.0,11,0.93,LOW,LOW,criteria,"Cobudget describes itself as ""Bring people, ideas and money together, encouraging participation at every stage"" — documented deployment within government or public services drives the score — Criterion 1 carries 20 points and this project has the operational evidence to earn them. A +11-point modifier lift comes primarily from M1 — bridging government and civil society is something I value distinctly from pure-government or pure-civil-society work."
81,vTaiwan,https://github.com/g0v/vue.vtaiwan.tw,59.0,51.0,8,0.93,LOW,LOW,criteria,"vTaiwan describes itself as ""Taiwan's open digital democracy platform for collaborative online public consultation on"" — documented deployment within government or public services drives the score — Criterion 1 carries 20 points and this project has the operational evidence to earn them. A +8-point modifier lift comes primarily from M1 — bridging government and civil society is something I value distinctly from pure-government or pure-civil-society work."
82,Community Notes (Birdwatch) Analysis Tool,https://github.com/travisbrown/birdwatch,59.0,51.0,8,1.0,LOW,LOW,criteria,"Community Notes (Birdwatch) Analysis Tool describes itself as ""Metadata repository and analysis tools for X's Community Notes system, adding user"" — documented deployment within government or public services drives the score — Criterion 1 carries 20 points and this project has the operational evidence to earn them. A +8-point modifier lift comes primarily from M1 — bridging government and civil society is something I value distinctly from pure-government or pure-civil-society work."
83,Full Fact AI,https://fullfact.org/ai,58.8,38.8,20,0.87,LOW,LOW,criteria,"Full Fact AI describes itself as ""Scalable, robust software designed for fact checkers to identify the most important bad"" — its Global reach earns the cross-jurisdictional bonus under Criterion 7, though at 6 points that's only the tiebreaker — the main weight comes from how well it serves its primary users in practice. The +20-point modifier adjustment reflects strong alignment across multiple value modifiers — primarily open infrastructure and cross-sector bridging."
84,FarmerChat,https://farmerchat.digitalgreen.org,58.7,42.7,16,0.87,LOW,LOW,criteria,"FarmerChat describes itself as ""AI-powered conversational platform providing agricultural advisory to smallholder farmers"" — its culture dimension is the primary driver here — Criterion 3 (creative industries and cultural value) carries 20 points and this project addresses the technology–creativity relationship I'm most focused on at DCMS. The M2 boost for creative workers and cultural practitioners adds 16 points above the criteria baseline."
85,Global Fact-Check Bot (GFC),https://globalfactcheck.bot/,58.7,45.7,13,0.93,LOW,LOW,criteria,"Global Fact-Check Bot (GFC) describes itself as ""A pioneering AI platform that empowers fact-checkers and citizens worldwide to verify"" — Criterion 2 — protecting and empowering affected populations — is the decisive factor: the communities it serves (fact-checkers, journalists) are exactly the populations that make me care whether a tool works in practice. The +13-point modifier adjustment reflects strong alignment across multiple value modifiers — primarily open infrastructure and cross-sector bridging."
86,Granitt,https://granitt.io,58.7,42.7,16,0.93,LOW,LOW,criteria,"Granitt describes itself as ""Government transparency and civic engagement platform"" — documented deployment within government or public services drives the score — Criterion 1 carries 20 points and this project has the operational evidence to earn them. The M1 modifier for bridging government and civil society accounts for most of the +16-point adjustment above criteria."
87,Open Letter,https://openletter.earth,58.7,42.7,16,0.8,LOW,LOW,criteria,"Open Letter describes itself as ""Platform for creating and signing open letters to effect civic and political change"" — its international reach earns the cross-jurisdictional bonus under Criterion 7, though at 6 points that's only the tiebreaker — the main weight comes from how well it serves its primary users in practice. The +16-point modifier adjustment reflects strong alignment across multiple value modifiers — primarily open infrastructure and cross-sector bridging."
88,Martus,https://www.martus.org,58.6,47.6,11,0.93,LOW,LOW,criteria,"Martus describes itself as ""Free, open source secure information collection and management tool for human rights"" — its open-source architecture and cross-institutional interoperability are what earns the modifier lift here — Criterion 4 (open infrastructure) rewards exactly this kind of boundary-crossing design. A +11-point modifier reflects open-infrastructure and cross-sector bridging alignment, even without a dominant single modifier."
89,Contracts for Data Collaboration,https://contractsfordatacollaboration.org,58.2,50.2,8,0.93,LOW,LOW,criteria,"Contracts for Data Collaboration describes itself as ""Strengthening trust, transparency, and accountability in cross-sector data collaboratives"" — documented deployment within government or public services drives the score — Criterion 1 carries 20 points and this project has the operational evidence to earn them. A +8-point modifier lift comes primarily from M1 — bridging government and civil society is something I value distinctly from pure-government or pure-civil-society work."
90,EDGAR,https://github.com/bellingcat/edgar,58.1,47.1,11,0.93,LOW,LOW,criteria,"EDGAR describes itself as ""Tool for the retrieval of corporate and financial data from the SEC"" — its open-source architecture and cross-institutional interoperability are what earns the modifier lift here — Criterion 4 (open infrastructure) rewards exactly this kind of boundary-crossing design. A +11-point modifier reflects open-infrastructure and cross-sector bridging alignment, even without a dominant single modifier."
91,Mastodon C,https://www.mastodonc.com,58.1,47.1,11,0.93,LOW,HIGH,criteria,"Mastodon C describes itself as ""Data science and technology consultancy focused on open data, analytics, and civic"" — documented deployment within government or public services drives the score — Criterion 1 carries 20 points and this project has the operational evidence to earn them. A +11-point modifier lift comes primarily from M1 — bridging government and civil society is something I value distinctly from pure-government or pure-civil-society work. This is a HIGH popularity-risk flag: it's a well-known project, so I want to be explicit that the score reflects my criteria, not recognition — visibility neither inflated nor deflated it."
92,Ushahidi,https://www.ushahidi.com,58.1,47.1,11,0.93,LOW,HIGH,criteria,"Ushahidi describes itself as ""Crowdsourcing Solutions to Empower Communities"" — documented deployment within government or public services drives the score — Criterion 1 carries 20 points and this project has the operational evidence to earn them. A +11-point modifier lift comes primarily from M1 — bridging government and civil society is something I value distinctly from pure-government or pure-civil-society work. This is a HIGH popularity-risk flag: it's a well-known project, so I want to be explicit that the score reflects my criteria, not recognition — visibility neither inflated nor deflated it."
93,Filmot,https://filmot.com,57.8,41.8,16,0.87,LOW,LOW,criteria,"Filmot describes itself as ""Search in Youtube captions and subtitles"" — its film dimension is the primary driver here — Criterion 3 (creative industries and cultural value) carries 20 points and this project addresses the technology–creativity relationship I'm most focused on at DCMS. The M2 boost for creative workers and cultural practitioners adds 16 points above the criteria baseline."
94,semanticClimate,https://semanticclimate.github.io,57.7,46.7,11,0.93,LOW,LOW,criteria,"semanticClimate describes itself as ""Semantic search and analysis of climate science literature"" — its open-source architecture and cross-institutional interoperability are what earns the modifier lift here — Criterion 4 (open infrastructure) rewards exactly this kind of boundary-crossing design. A +11-point modifier reflects open-infrastructure and cross-sector bridging alignment, even without a dominant single modifier."
95,PatCit,https://github.com/cverluise/patcit,57.6,41.6,16,0.93,LOW,LOW,criteria,"PatCit describes itself as ""Making Patent Citations Uncool Again — a comprehensive dataset of structured patent"" — its open-source architecture and cross-institutional interoperability are what earns the modifier lift here — Criterion 4 (open infrastructure) rewards exactly this kind of boundary-crossing design. The +16-point modifier adjustment reflects strong alignment across multiple value modifiers — primarily open infrastructure and cross-sector bridging."
96,Open Council Data UK,https://opencouncildata.co.uk,57.5,46.5,11,0.87,LOW,LOW,criteria,"Open Council Data UK describes itself as ""Councillor data resources for psephologists, campaigners and charities"" — it covers the bases across several criteria without excelling in any one — a mid-range placement that reflects genuine breadth but limited depth on the dimensions I weight most heavily. A +11-point modifier reflects open-infrastructure and cross-sector bridging alignment, even without a dominant single modifier."
97,deliberAIde,https://www.deliberaide.com,57.2,41.2,16,0.93,LOW,LOW,criteria,"deliberAIde describes itself as ""Human-Centred AI That Supports Dialogue at Every Step"" — documented deployment within government or public services drives the score — Criterion 1 carries 20 points and this project has the operational evidence to earn them. The M1 modifier for bridging government and civil society accounts for most of the +16-point adjustment above criteria."
98,Parallel Parliament,https://www.parallelparliament.co.uk,57.2,49.2,8,0.93,LOW,LOW,criteria,"Parallel Parliament describes itself as ""A comprehensive platform for tracking UK parliamentary legislation, debates, and"" — it covers the bases across several criteria without excelling in any one — a mid-range placement that reflects genuine breadth but limited depth on the dimensions I weight most heavily. A +8-point modifier reflects open-infrastructure and cross-sector bridging alignment, even without a dominant single modifier."
99,adhocracy+,https://adhocracy.plus,57.1,46.1,11,0.93,LOW,LOW,criteria,"adhocracy+ describes itself as ""Makes digital democracy easy — for everyone, no matter where."" — documented deployment within government or public services drives the score — Criterion 1 carries 20 points and this project has the operational evidence to earn them. A +11-point modifier lift comes primarily from M1 — bridging government and civil society is something I value distinctly from pure-government or pure-civil-society work."
100,The Engine Room Library,https://library.theengineroom.org,57.1,46.1,11,0.93,LOW,LOW,criteria,"The Engine Room Library describes itself as ""Open, multilingual research guides on using data and technology for social change"" — its open-source architecture and cross-institutional interoperability are what earns the modifier lift here — Criterion 4 (open infrastructure) rewards exactly this kind of boundary-crossing design. A +11-point modifier reflects open-infrastructure and cross-sector bridging alignment, even without a dominant single modifier."
101,VFRAME,https://vframe.io,56.7,43.7,13,0.93,LOW,MEDIUM,criteria,"VFRAME describes itself as ""Computer vision for OSINT: detecting illegal munitions and documenting war crimes through"" — documented deployment within government or public services drives the score — Criterion 1 carries 20 points and this project has the operational evidence to earn them. The M1 modifier for bridging government and civil society accounts for most of the +13-point adjustment above criteria."
102,RxC Voice,https://github.com/radicalxchange/rxc-voice,56.6,48.6,8,0.93,LOW,LOW,criteria,"RxC Voice describes itself as ""An app for decentralized democratic governance leveraging Quadratic Funding, pol.is, and"" — its open-source architecture and cross-institutional interoperability are what earns the modifier lift here — Criterion 4 (open infrastructure) rewards exactly this kind of boundary-crossing design. A +8-point modifier reflects open-infrastructure and cross-sector bridging alignment, even without a dominant single modifier."
103,Journalist Studio,https://journaliststudio.google.com,56.6,48.6,8,0.93,LOW,MEDIUM,criteria,"Journalist Studio describes itself as ""A collection of tools to empower journalists to do their work more efficiently"" — its international reach earns the cross-jurisdictional bonus under Criterion 7, though at 6 points that's only the tiebreaker — the main weight comes from how well it serves its primary users in practice. A +8-point modifier reflects open-infrastructure and cross-sector bridging alignment, even without a dominant single modifier."
104,The Accountability Project,https://publicaccountability.org,56.5,45.5,11,0.87,LOW,LOW,criteria,"The Accountability Project describes itself as ""A searchable database of 1.9+ billion public records for researchers and journalists"" — it covers the bases across several criteria without excelling in any one — a mid-range placement that reflects genuine breadth but limited depth on the dimensions I weight most heavily. A +11-point modifier reflects open-infrastructure and cross-sector bridging alignment, even without a dominant single modifier."
105,Esper,https://esper.com/product,56.2,40.2,16,0.87,LOW,LOW,criteria,"Esper describes itself as ""End-to-end policy management platform for government agencies"" — documented deployment within government or public services drives the score — Criterion 1 carries 20 points and this project has the operational evidence to earn them. The M1 modifier for bridging government and civil society accounts for most of the +16-point adjustment above criteria."
106,Open Data Communities,https://opendatacommunities.org,56.2,48.2,8,0.87,LOW,LOW,criteria,"Open Data Communities describes itself as ""Official open data platform from the UK Ministry of Housing, Communities & Local"" — documented deployment within government or public services drives the score — Criterion 1 carries 20 points and this project has the operational evidence to earn them. A +8-point modifier lift comes primarily from M1 — bridging government and civil society is something I value distinctly from pure-government or pure-civil-society work."
107,Open Supply Hub,https://opensupplyhub.org,56.2,40.2,16,1.0,LOW,LOW,criteria,"Open Supply Hub describes itself as ""A global, open-source platform for supply chain transparency and worker rights"" — documented deployment within government or public services drives the score — Criterion 1 carries 20 points and this project has the operational evidence to earn them. The M1 government–civil society bridging boost and M6 plain-language communication bonus combine for a +16-point modifier lift above the criteria score."
108,Interoperable Deliberative Tools,https://metagov.org/projects/interop,56.1,45.1,11,0.93,LOW,LOW,criteria,"Interoperable Deliberative Tools describes itself as ""Homebase for interoperable deliberative tools enabling governance beyond voting and"" — its International; primarily used in research and experimental governance contexts reach earns the cross-jurisdictional bonus under Criterion 7, though at 6 points that's only the tiebreaker — the main weight comes from how well it serves its primary users in practice. A +11-point modifier reflects open-infrastructure and cross-sector bridging alignment, even without a dominant single modifier."
109,WhatGov,https://www.whatgov.co.uk,56.1,45.1,11,1.0,LOW,LOW,criteria,"WhatGov, working in participatory_democracy, govtech, — documented deployment within government or public services drives the score — Criterion 1 carries 20 points and this project has the operational evidence to earn them. A +11-point modifier lift comes primarily from M1 — bridging government and civil society is something I value distinctly from pure-government or pure-civil-society work."
110,Constitute Project,https://constituteproject.org,56.0,48.0,8,1.0,LOW,LOW,criteria,"Constitute Project describes itself as ""A comprehensive analysis of the world's constitutions to support constitutional design"" — documented deployment within government or public services drives the score — Criterion 1 carries 20 points and this project has the operational evidence to earn them. A +8-point modifier lift comes primarily from M1 — bridging government and civil society is something I value distinctly from pure-government or pure-civil-society work."
111,Diia,https://expo.diia.gov.ua,55.7,44.7,11,1.0,LOW,MEDIUM,criteria,"Diia describes itself as ""Ukraine's digital government ecosystem: mobile app, portal, and digital transformation"" — documented deployment within government or public services drives the score — Criterion 1 carries 20 points and this project has the operational evidence to earn them. A +11-point modifier lift comes primarily from M1 — bridging government and civil society is something I value distinctly from pure-government or pure-civil-society work."
112,Consent-O-Matic,https://github.com/cavi-au/consent-o-matic,55.7,44.7,11,0.87,LOW,MEDIUM,criteria,"Consent-O-Matic describes itself as ""Browser extension that automatically fills out cookie popups based on user preferences"" — its open-source architecture and cross-institutional interoperability are what earns the modifier lift here — Criterion 4 (open infrastructure) rewards exactly this kind of boundary-crossing design. A +11-point modifier reflects open-infrastructure and cross-sector bridging alignment, even without a dominant single modifier."
113,Rahvaalgatus,https://github.com/rahvaalgatus/rahvaalgatus,55.7,44.7,11,0.93,LOW,LOW,criteria,"Rahvaalgatus describes itself as ""Estonian citizen initiative and e-petition platform"" — its open-source architecture and cross-institutional interoperability are what earns the modifier lift here — Criterion 4 (open infrastructure) rewards exactly this kind of boundary-crossing design. A +11-point modifier reflects open-infrastructure and cross-sector bridging alignment, even without a dominant single modifier."
114,Teaching Public Service in the Digital Age,https://www.teachingpublicservice.digital,55.7,44.7,11,0.93,LOW,LOW,criteria,"Teaching Public Service in the Digital Age describes itself as ""Open-access syllabus and training to equip public servants with digital-era skills"" — documented deployment within government or public services drives the score — Criterion 1 carries 20 points and this project has the operational evidence to earn them. A +11-point modifier lift comes primarily from M1 — bridging government and civil society is something I value distinctly from pure-government or pure-civil-society work."
115,Mastodon,https://github.com/mastodon/mastodon,55.5,52.5,3,0.93,LOW,HIGH,criteria,"Mastodon describes itself as ""Your self-hosted, globally interconnected microblogging community"" — documented deployment within government or public services drives the score — Criterion 1 carries 20 points and this project has the operational evidence to earn them. This is a HIGH popularity-risk flag: it's a well-known project, so I want to be explicit that the score reflects my criteria, not recognition — visibility neither inflated nor deflated it."
116,OpenElections Leaflet Scraper and Parser,https://github.com/thicknavyrain/uk_elections_leaflets,55.5,47.5,8,0.93,LOW,LOW,criteria,"OpenElections Leaflet Scraper and Parser describes itself as ""A CampaignLab 2024 Hackathon project to scrape and process UK election campaign leaflets"" — its open-source architecture and cross-institutional interoperability are what earns the modifier lift here — Criterion 4 (open infrastructure) rewards exactly this kind of boundary-crossing design. A +8-point modifier reflects open-infrastructure and cross-sector bridging alignment, even without a dominant single modifier."
117,Nyaaya,https://nyaaya.org,55.4,39.4,16,1.0,LOW,MEDIUM,criteria,"Nyaaya describes itself as ""India's Laws Explained — open access legal information for every Indian citizen"" — it covers the bases across several criteria without excelling in any one — a mid-range placement that reflects genuine breadth but limited depth on the dimensions I weight most heavily. The +16-point modifier adjustment reflects strong alignment across multiple value modifiers — primarily open infrastructure and cross-sector bridging."
118,Overton,https://overton.io,55.2,39.2,16,0.87,LOW,LOW,criteria,"Overton describes itself as ""A platform for understanding and analyzing political positions and policy proposals"" — it engages directly with policy and regulation in Political analysis, policy research, civic engagement — Criterion 6 (policy clarity and regulatory engagement) is a 12-point medium-weight criterion and this project addresses it substantively. The +16-point modifier adjustment reflects strong alignment across multiple value modifiers — primarily open infrastructure and cross-sector bridging."
119,Civic Tech Field Guide,https://civictech.guide,55.1,44.1,11,0.87,LOW,HIGH,criteria,"Civic Tech Field Guide describes itself as ""The world's largest collection of projects using tech for the common good"" — documented deployment within government or public services drives the score — Criterion 1 carries 20 points and this project has the operational evidence to earn them. A +11-point modifier lift comes primarily from M1 — bridging government and civil society is something I value distinctly from pure-government or pure-civil-society work. This is a HIGH popularity-risk flag: it's a well-known project, so I want to be explicit that the score reflects my criteria, not recognition — visibility neither inflated nor deflated it."
120,CKAN,https://ckan.org,55.1,44.1,11,0.93,LOW,HIGH,criteria,"CKAN describes itself as ""The world's leading open source data management system for powering data hubs and data"" — documented deployment within government or public services drives the score — Criterion 1 carries 20 points and this project has the operational evidence to earn them. A +11-point modifier lift comes primarily from M1 — bridging government and civil society is something I value distinctly from pure-government or pure-civil-society work. This is a HIGH popularity-risk flag: it's a well-known project, so I want to be explicit that the score reflects my criteria, not recognition — visibility neither inflated nor deflated it."
121,postcodes.io,https://github.com/ideal-postcodes/postcodes.io,55.1,44.1,11,0.93,LOW,MEDIUM,criteria,"postcodes.io describes itself as ""UK postcode & geolocation API, serving up open data"" — its open-source architecture and cross-institutional interoperability are what earns the modifier lift here — Criterion 4 (open infrastructure) rewards exactly this kind of boundary-crossing design. A +11-point modifier reflects open-infrastructure and cross-sector bridging alignment, even without a dominant single modifier."
122,Stanford Participatory Budgeting Platform,https://github.com/stanfordcdt/pb,55.1,47.1,8,0.93,LOW,HIGH,criteria,"Stanford Participatory Budgeting Platform describes itself as ""Open-source platform for hosting participatory budgeting elections in cities across the"" — documented deployment within government or public services drives the score — Criterion 1 carries 20 points and this project has the operational evidence to earn them. A +8-point modifier lift comes primarily from M1 — bridging government and civil society is something I value distinctly from pure-government or pure-civil-society work. This is a HIGH popularity-risk flag: it's a well-known project, so I want to be explicit that the score reflects my criteria, not recognition — visibility neither inflated nor deflated it."
123,Modular Politics,https://arxiv.org/abs/2005.13701,54.5,43.5,11,0.87,LOW,LOW,criteria,"Modular Politics describes itself as ""A governance layer framework for building composable, modular online community governance"" — its International reach earns the cross-jurisdictional bonus under Criterion 7, though at 6 points that's only the tiebreaker — the main weight comes from how well it serves its primary users in practice. A +11-point modifier reflects open-infrastructure and cross-sector bridging alignment, even without a dominant single modifier."
124,Parti,https://parti.xyz,54.3,46.3,8,1.0,LOW,LOW,criteria,"Parti describes itself as ""함께 만드는 워킹그룹, 빠띠 카누 (Together Making Working Groups, Parti Canu) - A platform for"" — it covers the bases across several criteria without excelling in any one — a mid-range placement that reflects genuine breadth but limited depth on the dimensions I weight most heavily. A +8-point modifier lift comes primarily from M1 — bridging government and civil society is something I value distinctly from pure-government or pure-civil-society work."
125,DoNotPay,https://www.donotpay.com,54.2,38.2,16,0.93,LOW,LOW,criteria,"DoNotPay describes itself as ""AI-powered legal assistance and consumer advocacy platform"" — it covers the bases across several criteria without excelling in any one — a mid-range placement that reflects genuine breadth but limited depth on the dimensions I weight most heavily. The +16-point modifier adjustment reflects strong alignment across multiple value modifiers — primarily open infrastructure and cross-sector bridging."
126,django-collaborative,https://github.com/propublica/django-collaborative,54.1,46.1,8,0.93,LOW,LOW,criteria,"django-collaborative describes itself as ""ProPublica's collaborative tip-gathering framework for importing and managing CSV, Google"" — it covers the bases across several criteria without excelling in any one — a mid-range placement that reflects genuine breadth but limited depth on the dimensions I weight most heavily. A +8-point modifier reflects open-infrastructure and cross-sector bridging alignment, even without a dominant single modifier."
127,TheyWorkForYou,https://www.theyworkforyou.com,54.1,46.1,8,0.93,LOW,LOW,criteria,"TheyWorkForYou describes itself as ""Hansard and Official Reports for the UK Parliament, Scottish Parliament, and Northern"" — it covers the bases across several criteria without excelling in any one — a mid-range placement that reflects genuine breadth but limited depth on the dimensions I weight most heavily. A +8-point modifier lift comes primarily from M1 — bridging government and civil society is something I value distinctly from pure-government or pure-civil-society work."
128,OA.Report,https://oa.report,53.5,37.5,16,0.87,LOW,LOW,criteria,"OA.Report describes itself as ""Track Open Access policy compliance and research openness across funded publications"" — its International, primarily serving major research funders in US and UK reach earns the cross-jurisdictional bonus under Criterion 7, though at 6 points that's only the tiebreaker — the main weight comes from how well it serves its primary users in practice. The +16-point modifier adjustment reflects strong alignment across multiple value modifiers — primarily open infrastructure and cross-sector bridging."
129,ClimateAction.Tech,https://climateaction.tech,53.3,37.3,16,0.93,LOW,MEDIUM,criteria,"ClimateAction.Tech describes itself as ""Tech workers seeding climate action in companies, organisations and industries"" — its global reach earns the cross-jurisdictional bonus under Criterion 7, though at 6 points that's only the tiebreaker — the main weight comes from how well it serves its primary users in practice. The +16-point modifier adjustment reflects strong alignment across multiple value modifiers — primarily open infrastructure and cross-sector bridging."
130,Turn2us Benefits Calculator,https://benefits-calculator.turn2us.org.uk,53.2,42.2,11,0.87,LOW,HIGH,criteria,"Turn2us Benefits Calculator describes itself as ""Online tool to help people identify welfare benefits they may be entitled to"" — Criterion 2 — protecting and empowering affected populations — is the decisive factor: the communities it serves (citizens, low-income households) are exactly the populations that make me care whether a tool works in practice. A +11-point modifier lift comes primarily from M1 — bridging government and civil society is something I value distinctly from pure-government or pure-civil-society work. This is a HIGH popularity-risk flag: it's a well-known project, so I want to be explicit that the score reflects my criteria, not recognition — visibility neither inflated nor deflated it."
131,Bluesky Social,https://github.com/bluesky-social,53.2,42.2,11,1.0,LOW,HIGH,criteria,"Bluesky Social describes itself as ""Social networking technology created by Bluesky"" — its global reach earns the cross-jurisdictional bonus under Criterion 7, though at 6 points that's only the tiebreaker — the main weight comes from how well it serves its primary users in practice. A +11-point modifier reflects open-infrastructure and cross-sector bridging alignment, even without a dominant single modifier. This is a HIGH popularity-risk flag: it's a well-known project, so I want to be explicit that the score reflects my criteria, not recognition — visibility neither inflated nor deflated it."
132,Bonfire,https://bonfirenetworks.org/,53.1,45.1,8,0.93,LOW,LOW,criteria,"Bonfire describes itself as ""A federated social network for individuals and communities to design, operate and control"" — its global reach earns the cross-jurisdictional bonus under Criterion 7, though at 6 points that's only the tiebreaker — the main weight comes from how well it serves its primary users in practice. A +8-point modifier reflects open-infrastructure and cross-sector bridging alignment, even without a dominant single modifier."
133,Sugartrail,https://github.com/ribenamaplesyrup/sugartrail,53.1,45.1,8,0.93,LOW,LOW,criteria,"Sugartrail describes itself as ""Network analysis and visualisation tool for exploring connections between companies"" — it covers the bases across several criteria without excelling in any one — a mid-range placement that reflects genuine breadth but limited depth on the dimensions I weight most heavily. A +8-point modifier reflects open-infrastructure and cross-sector bridging alignment, even without a dominant single modifier."
134,Nestr,https://nestr.io,52.9,36.9,16,0.87,LOW,LOW,criteria,"Nestr describes itself as ""Purpose-driven collaboration platform using self-organization and AI"" — its International reach earns the cross-jurisdictional bonus under Criterion 7, though at 6 points that's only the tiebreaker — the main weight comes from how well it serves its primary users in practice. The +16-point modifier adjustment reflects strong alignment across multiple value modifiers — primarily open infrastructure and cross-sector bridging."
135,DISARM Frameworks,https://github.com/disarmfoundation/disarmframeworks,52.7,44.7,8,0.93,LOW,LOW,criteria,"DISARM Frameworks describes itself as ""Master copies of the DISARM disinformation TTP frameworks for describing and countering"" — its international reach earns the cross-jurisdictional bonus under Criterion 7, though at 6 points that's only the tiebreaker — the main weight comes from how well it serves its primary users in practice. A +8-point modifier lift comes primarily from M1 — bridging government and civil society is something I value distinctly from pure-government or pure-civil-society work."
136,Parliament Watch Uganda,https://parliamentwatch.ug/,52.3,44.3,8,0.87,LOW,LOW,criteria,"Parliament Watch Uganda describes itself as ""Monitor and track the Ugandan Parliament with data and expert insights on transparency"" — it covers the bases across several criteria without excelling in any one — a mid-range placement that reflects genuine breadth but limited depth on the dimensions I weight most heavily. A +8-point modifier reflects open-infrastructure and cross-sector bridging alignment, even without a dominant single modifier."
137,rsky,https://github.com/blacksky-algorithms/rsky,52.2,41.2,11,0.93,LOW,LOW,criteria,"rsky describes itself as ""An AT Protocol implementation prioritizing community safety and self-governance, written"" — its International reach earns the cross-jurisdictional bonus under Criterion 7, though at 6 points that's only the tiebreaker — the main weight comes from how well it serves its primary users in practice. A +11-point modifier reflects open-infrastructure and cross-sector bridging alignment, even without a dominant single modifier."
138,Ethelo,https://ethelo.com,52.1,44.1,8,0.93,LOW,LOW,criteria,"Ethelo describes itself as ""The world's leading group solutions technology — a multi-party scenario analysis engine"" — it covers the bases across several criteria without excelling in any one — a mid-range placement that reflects genuine breadth but limited depth on the dimensions I weight most heavily. A +8-point modifier lift comes primarily from M1 — bridging government and civil society is something I value distinctly from pure-government or pure-civil-society work."
139,Service Manual,https://www.gov.uk/service-manual,52.1,44.1,8,1.0,LOW,LOW,criteria,"Service Manual describes itself as ""Guidance for UK government teams to create and run great public services meeting the"" — it covers the bases across several criteria without excelling in any one — a mid-range placement that reflects genuine breadth but limited depth on the dimensions I weight most heavily. A +8-point modifier lift comes primarily from M1 — bridging government and civil society is something I value distinctly from pure-government or pure-civil-society work."
140,UK Policy Dojo,https://github.com/mikekelly/policy-dojo,51.8,40.8,11,0.93,LOW,LOW,criteria,"UK Policy Dojo describes itself as ""A dojo for AI agents to battle out UK policy ideas through adversarial review"" — it engages directly with policy and regulation in AI in government, policy analysis — Criterion 6 (policy clarity and regulatory engagement) is a 12-point medium-weight criterion and this project addresses it substantively. A +11-point modifier reflects open-infrastructure and cross-sector bridging alignment, even without a dominant single modifier."
141,Public Media Stack,https://publicmediastack.com,51.8,38.8,13,0.87,LOW,LOW,criteria,"Public Media Stack describes itself as ""A curated research resource mapping software tools and technologies used across the"" — its Global reach earns the cross-jurisdictional bonus under Criterion 7, though at 6 points that's only the tiebreaker — the main weight comes from how well it serves its primary users in practice. The +13-point modifier adjustment reflects strong alignment across multiple value modifiers — primarily open infrastructure and cross-sector bridging."
142,Gender Pay Gap Service,https://gender-pay-gap.service.gov.uk,51.3,35.3,16,0.87,LOW,LOW,criteria,"Gender Pay Gap Service describes itself as ""Search and compare gender pay gap data"" — it covers the bases across several criteria without excelling in any one — a mid-range placement that reflects genuine breadth but limited depth on the dimensions I weight most heavily. The M1 modifier for bridging government and civil society accounts for most of the +16-point adjustment above criteria."
143,Internet Archive Wayback Machine,https://web.archive.org,51.2,48.2,3,1.0,LOW,LOW,criteria,"Internet Archive Wayback Machine describes itself as ""Digital archive of the World Wide Web — preserving over 1 trillion web pages since 1996"" — its global reach earns the cross-jurisdictional bonus under Criterion 7, though at 6 points that's only the tiebreaker — the main weight comes from how well it serves its primary users in practice. In practice: internet Archive Wayback Machine addresses preserving digital information for public accountability and ensuring freedom of information and public."
144,Fundación Ciudadanía Inteligente,https://ciudadaniai.org,51.1,43.1,8,0.93,LOW,LOW,criteria,"Fundación Ciudadanía Inteligente describes itself as ""Latin American organization fighting for the transformation of democracies through civic"" — it covers the bases across several criteria without excelling in any one — a mid-range placement that reflects genuine breadth but limited depth on the dimensions I weight most heavily. A +8-point modifier lift comes primarily from M1 — bridging government and civil society is something I value distinctly from pure-government or pure-civil-society work."
145,Tech Coops List,https://tech-coops.xyz,51.1,43.1,8,0.93,LOW,LOW,criteria,"Tech Coops List describes itself as ""A curated directory and resource hub for worker-owned technology cooperatives and related"" — its International with emphasis on North America and Europe reach earns the cross-jurisdictional bonus under Criterion 7, though at 6 points that's only the tiebreaker — the main weight comes from how well it serves its primary users in practice. A +8-point modifier reflects open-infrastructure and cross-sector bridging alignment, even without a dominant single modifier."
146,Who Targets Me Trends,https://trends.whotargets.me,51.1,43.1,8,0.87,LOW,LOW,criteria,"Who Targets Me Trends describes itself as ""Platform for tracking and analyzing digital political advertising across Meta and Google"" — it covers the bases across several criteria without excelling in any one — a mid-range placement that reflects genuine breadth but limited depth on the dimensions I weight most heavily. A +8-point modifier reflects open-infrastructure and cross-sector bridging alignment, even without a dominant single modifier."
147,Awesome UK Government Datasets,https://github.com/i-dot-ai/awesome-gov-datasets,50.8,39.8,11,0.93,LOW,LOW,criteria,"Awesome UK Government Datasets describes itself as ""A curated list of references to useful UK Government datasets"" — it covers the bases across several criteria without excelling in any one — a mid-range placement that reflects genuine breadth but limited depth on the dimensions I weight most heavily. A +11-point modifier lift comes primarily from M1 — bridging government and civil society is something I value distinctly from pure-government or pure-civil-society work."
148,Strike Map,https://strikemap.org,50.8,39.8,11,0.93,LOW,LOW,criteria,"Strike Map describes itself as ""Interactive mapping platform documenting labor strikes and worker organizing actions"" — it covers the bases across several criteria without excelling in any one — a mid-range placement that reflects genuine breadth but limited depth on the dimensions I weight most heavily. A +11-point modifier reflects open-infrastructure and cross-sector bridging alignment, even without a dominant single modifier."
149,Moral Machine,https://moralmachine.net,50.7,42.7,8,1.0,LOW,MEDIUM,criteria,"Moral Machine describes itself as ""A platform for exploring ethical dilemmas in autonomous vehicle decision-making through"" — its Global with varying participation rates by region reach earns the cross-jurisdictional bonus under Criterion 7, though at 6 points that's only the tiebreaker — the main weight comes from how well it serves its primary users in practice. A +8-point modifier reflects open-infrastructure and cross-sector bridging alignment, even without a dominant single modifier."
150,UrbanistAI,https://site.urbanistai.com,50.7,42.7,8,0.8,LOW,LOW,criteria,"UrbanistAI describes itself as ""The platform to reimagine the future of cities through collective intelligence and"" — its Multi-jurisdictional (cities and regions globally) reach earns the cross-jurisdictional bonus under Criterion 7, though at 6 points that's only the tiebreaker — the main weight comes from how well it serves its primary users in practice. A +8-point modifier lift comes primarily from M1 — bridging government and civil society is something I value distinctly from pure-government or pure-civil-society work."
151,Talk to the City,https://talktothecity.org,50.7,42.7,8,1.0,LOW,LOW,criteria,"Talk to the City describes itself as ""Open-source LLM survey tool to improve collective discourse and decision-making by"" — its international reach earns the cross-jurisdictional bonus under Criterion 7, though at 6 points that's only the tiebreaker — the main weight comes from how well it serves its primary users in practice. A +8-point modifier lift comes primarily from M1 — bridging government and civil society is something I value distinctly from pure-government or pure-civil-society work."
152,Atlas of Surveillance,https://atlasofsurveillance.org,50.6,39.6,11,1.0,LOW,LOW,criteria,"Atlas of Surveillance describes itself as ""Documenting Police Tech in Our Communities with Open Source Research"" — it covers the bases across several criteria without excelling in any one — a mid-range placement that reflects genuine breadth but limited depth on the dimensions I weight most heavily. A +11-point modifier reflects open-infrastructure and cross-sector bridging alignment, even without a dominant single modifier."
153,ShineYourEye,https://www.shineyoureye.org,50.6,39.6,11,0.93,LOW,LOW,criteria,"ShineYourEye describes itself as ""Making Nigerian politicians accountable through citizen engagement and legislative"" — it covers the bases across several criteria without excelling in any one — a mid-range placement that reflects genuine breadth but limited depth on the dimensions I weight most heavily. A +11-point modifier reflects open-infrastructure and cross-sector bridging alignment, even without a dominant single modifier."
154,WardWatch,https://wardwatch.uk,50.3,34.3,16,0.87,LOW,LOW,criteria,"WardWatch describes itself as ""AI-powered deep research on councillor performance"" — it covers the bases across several criteria without excelling in any one — a mid-range placement that reflects genuine breadth but limited depth on the dimensions I weight most heavily. The +16-point modifier adjustment reflects strong alignment across multiple value modifiers — primarily open infrastructure and cross-sector bridging."
155,CharmVerse,https://charmverse.io/,50.2,39.2,11,0.93,LOW,LOW,criteria,"CharmVerse describes itself as ""The Network for Onchain Communities"" — its International, primarily web3/blockchain communities reach earns the cross-jurisdictional bonus under Criterion 7, though at 6 points that's only the tiebreaker — the main weight comes from how well it serves its primary users in practice. A +11-point modifier reflects open-infrastructure and cross-sector bridging alignment, even without a dominant single modifier."
156,Citizen OS,https://citizenos.com/platform/,50.2,42.2,8,0.93,LOW,LOW,criteria,"Citizen OS describes itself as ""Secure, free and open-source participation platform for meaningful discussions and"" — it covers the bases across several criteria without excelling in any one — a mid-range placement that reflects genuine breadth but limited depth on the dimensions I weight most heavily. A +8-point modifier lift comes primarily from M1 — bridging government and civil society is something I value distinctly from pure-government or pure-civil-society work."
157,dDocs,https://ddocs.new/,50.2,39.2,11,0.8,LOW,LOW,criteria,"dDocs describes itself as ""Decentralized documentation platform for civic and open governance"" — it engages directly with policy and regulation in Government Transparency, Open Data — Criterion 6 (policy clarity and regulatory engagement) is a 12-point medium-weight criterion and this project addresses it substantively. A +11-point modifier reflects open-infrastructure and cross-sector bridging alignment, even without a dominant single modifier."
158,GovTrack.us,https://www.govtrack.us,50.0,49.0,1,1.0,LOW,MEDIUM,criteria,"GovTrack.us describes itself as ""Tracking the U.S. Congress and the White House to make a more open and accountable"" — it covers the bases across several criteria without excelling in any one — a mid-range placement that reflects genuine breadth but limited depth on the dimensions I weight most heavily. In practice: govTrack.us addresses democratic participation and citizen engagement. Tracking the U.S. Congress and the White House to make a more open and."
159,ОПОРА (Opora),https://www.oporaua.org,50.0,49.0,1,0.93,LOW,LOW,criteria,"ОПОРА (Opora) describes itself as ""Ukrainian civic network for election monitoring, democratic integrity, and civic"" — it covers the bases across several criteria without excelling in any one — a mid-range placement that reflects genuine breadth but limited depth on the dimensions I weight most heavily. In practice: оПОРА (Opora) addresses gaps in democratic participation by providing tools or platforms that enable citizens and communities to engage more."
160,Radicle,https://radicle.xyz,49.8,38.8,11,0.93,LOW,MEDIUM,criteria,"Radicle describes itself as ""A sovereign, peer-to-peer code forge built on Git"" — its international reach earns the cross-jurisdictional bonus under Criterion 7, though at 6 points that's only the tiebreaker — the main weight comes from how well it serves its primary users in practice. A +11-point modifier reflects open-infrastructure and cross-sector bridging alignment, even without a dominant single modifier."
161,Who Posted What?,https://whopostedwhat.com,49.8,38.8,11,0.87,LOW,LOW,criteria,"Who Posted What? describes itself as ""Non-public Facebook keyword search tool for researchers and public interest workers"" — its International, dependent on Facebook's global platform reach earns the cross-jurisdictional bonus under Criterion 7, though at 6 points that's only the tiebreaker — the main weight comes from how well it serves its primary users in practice. A +11-point modifier reflects open-infrastructure and cross-sector bridging alignment, even without a dominant single modifier."
162,GOV.UK Pay,https://www.payments.service.gov.uk,49.8,38.8,11,0.93,LOW,LOW,criteria,"GOV.UK Pay describes itself as ""A payment processing platform for UK public services"" — the score reflects modest evidence across criteria — some policy relevance but limited government deployment, no strong affected-population focus, and little creative industries dimension — the three highest-weight criteria for me. A +11-point modifier lift comes primarily from M1 — bridging government and civil society is something I value distinctly from pure-government or pure-civil-society work."
163,Parse The Bill,https://parsethebill.com,49.6,38.6,11,0.87,LOW,LOW,criteria,"Parse The Bill describes itself as ""AI-generated overviews of UK parliamentary bills for engaged citizens and advocacy groups"" — the score reflects modest evidence across criteria — some policy relevance but limited government deployment, no strong affected-population focus, and little creative industries dimension — the three highest-weight criteria for me. A +11-point modifier reflects open-infrastructure and cross-sector bridging alignment, even without a dominant single modifier."
164,User Research Library,https://research.localgov.digital,49.6,38.6,11,0.87,LOW,LOW,criteria,"User Research Library describes itself as ""A searchable repository of user research conducted by local government services"" — the score reflects modest evidence across criteria — some policy relevance but limited government deployment, no strong affected-population focus, and little creative industries dimension — the three highest-weight criteria for me. A +11-point modifier lift comes primarily from M1 — bridging government and civil society is something I value distinctly from pure-government or pure-civil-society work."
165,Shareyourpaper.org,https://shareyourpaper.org,49.6,41.6,8,0.93,LOW,LOW,criteria,"Shareyourpaper.org describes itself as ""Simplest way to legally make academic papers freely available on Google Scholar, Web of"" — its International reach earns the cross-jurisdictional bonus under Criterion 7, though at 6 points that's only the tiebreaker — the main weight comes from how well it serves its primary users in practice. A +8-point modifier reflects open-infrastructure and cross-sector bridging alignment, even without a dominant single modifier."
166,Aragon,https://aragon.org,49.5,45.5,4,0.93,LOW,MEDIUM,criteria,"Aragon describes itself as ""The Home of Onchain Organizations – governance and ownership infrastructure for DAOs and"" — its Global blockchain networks reach earns the cross-jurisdictional bonus under Criterion 7, though at 6 points that's only the tiebreaker — the main weight comes from how well it serves its primary users in practice. A modest +4-point modifier adjustment reflects partial alignment with my value modifiers — not a decisive factor, but a consistent one."
167,Data Observation Toolkit (DOT),https://github.com/datakind/data-observation-toolkit,49.3,36.3,13,0.93,LOW,LOW,criteria,"Data Observation Toolkit (DOT) describes itself as ""Open-source toolkit to monitor data integrity and flag problems in public health and"" — its global reach earns the cross-jurisdictional bonus under Criterion 7, though at 6 points that's only the tiebreaker — the main weight comes from how well it serves its primary users in practice. The M1 government–civil society bridging boost and M6 plain-language communication bonus combine for a +13-point modifier lift above the criteria score."
168,Deliberation & Technology (DelibTech) Network,https://www.demnext.org/projects/delibtech-network,49.3,36.3,13,0.87,LOW,LOW,criteria,"Deliberation & Technology (DelibTech) Network describes itself as ""International network of technologists and practitioners building and studying technology"" — its International reach earns the cross-jurisdictional bonus under Criterion 7, though at 6 points that's only the tiebreaker — the main weight comes from how well it serves its primary users in practice. The +13-point modifier adjustment reflects strong alignment across multiple value modifiers — primarily open infrastructure and cross-sector bridging."
169,soweego,https://soweego.readthedocs.io,49.2,38.2,11,0.93,LOW,LOW,criteria,"soweego describes itself as ""Link Wikidata to large catalogs"" — its global reach earns the cross-jurisdictional bonus under Criterion 7, though at 6 points that's only the tiebreaker — the main weight comes from how well it serves its primary users in practice. A +11-point modifier reflects open-infrastructure and cross-sector bridging alignment, even without a dominant single modifier."
170,Discourse,https://www.discourse.org,49.2,38.2,11,0.93,LOW,HIGH,criteria,"Discourse describes itself as ""Customizable, scalable community platform for building knowledge through conversation"" — its International; primarily English-language communities reach earns the cross-jurisdictional bonus under Criterion 7, though at 6 points that's only the tiebreaker — the main weight comes from how well it serves its primary users in practice. A +11-point modifier reflects open-infrastructure and cross-sector bridging alignment, even without a dominant single modifier. This is a HIGH popularity-risk flag: it's a well-known project, so I want to be explicit that the score reflects my criteria, not recognition — visibility neither inflated nor deflated it."
171,MP Twitter Bios,https://www.mptwitterbios.co.uk,49.2,41.2,8,0.93,LOW,LOW,criteria,"MP Twitter Bios describes itself as ""Analysis of whether UK Members of Parliament mention their political party in their"" — the score reflects modest evidence across criteria — some policy relevance but limited government deployment, no strong affected-population focus, and little creative industries dimension — the three highest-weight criteria for me. A +8-point modifier reflects open-infrastructure and cross-sector bridging alignment, even without a dominant single modifier."
172,Activist Handbook,https://activisthandbook.org/,48.8,37.8,11,0.93,LOW,LOW,criteria,"Activist Handbook describes itself as ""Campaigning guides for activists"" — its International reach earns the cross-jurisdictional bonus under Criterion 7, though at 6 points that's only the tiebreaker — the main weight comes from how well it serves its primary users in practice. A +11-point modifier reflects open-infrastructure and cross-sector bridging alignment, even without a dominant single modifier."
173,Kialo,https://kialo.com,48.8,37.8,11,0.93,LOW,LOW,criteria,"Kialo describes itself as ""A platform for structured debate and critical thinking through collaborative argument"" — its International with focus on English-speaking markets reach earns the cross-jurisdictional bonus under Criterion 7, though at 6 points that's only the tiebreaker — the main weight comes from how well it serves its primary users in practice. A +11-point modifier reflects open-infrastructure and cross-sector bridging alignment, even without a dominant single modifier."
174,GOV.UK Notify,https://www.notifications.service.gov.uk,48.8,40.8,8,0.93,LOW,MEDIUM,criteria,"GOV.UK Notify describes itself as ""A free notification service for UK government, local authorities, and NHS to send emails"" — the score reflects modest evidence across criteria — some policy relevance but limited government deployment, no strong affected-population focus, and little creative industries dimension — the three highest-weight criteria for me. A +8-point modifier lift comes primarily from M1 — bridging government and civil society is something I value distinctly from pure-government or pure-civil-society work."
175,Monitor Mamdani,https://monitormamdani.com/,48.6,37.6,11,0.93,LOW,HIGH,criteria,"Monitor Mamdani describes itself as ""Live NYC Mayor Tracking Dashboard monitoring Zohran Mamdani's campaign promises and"" — the score reflects modest evidence across criteria — some policy relevance but limited government deployment, no strong affected-population focus, and little creative industries dimension — the three highest-weight criteria for me. A +11-point modifier lift comes primarily from M1 — bridging government and civil society is something I value distinctly from pure-government or pure-civil-society work. This is a HIGH popularity-risk flag: it's a well-known project, so I want to be explicit that the score reflects my criteria, not recognition — visibility neither inflated nor deflated it."
176,Objector.ai,https://objector.ai,48.6,40.6,8,0.87,LOW,HIGH,criteria,"Objector.ai describes itself as ""AI-powered planning objection letter and toolkit to help citizens challenge unsuitable"" — the score reflects modest evidence across criteria — some policy relevance but limited government deployment, no strong affected-population focus, and little creative industries dimension — the three highest-weight criteria for me. A +8-point modifier reflects open-infrastructure and cross-sector bridging alignment, even without a dominant single modifier. This is a HIGH popularity-risk flag: it's a well-known project, so I want to be explicit that the score reflects my criteria, not recognition — visibility neither inflated nor deflated it."
177,Objector.ai,https://www.objector.ai,48.6,40.6,8,0.87,LOW,HIGH,criteria,"Objector.ai describes itself as ""AI-powered planning objection letter and toolkit to help citizens challenge unsuitable"" — the score reflects modest evidence across criteria — some policy relevance but limited government deployment, no strong affected-population focus, and little creative industries dimension — the three highest-weight criteria for me. A +8-point modifier reflects open-infrastructure and cross-sector bridging alignment, even without a dominant single modifier. This is a HIGH popularity-risk flag: it's a well-known project, so I want to be explicit that the score reflects my criteria, not recognition — visibility neither inflated nor deflated it."
178,Harmonica,https://harmonica.chat/,48.3,37.3,11,0.8,LOW,LOW,criteria,"Harmonica describes itself as ""AI-powered facilitation platform for conversational surveys and stakeholder engagement"" — its International reach earns the cross-jurisdictional bonus under Criterion 7, though at 6 points that's only the tiebreaker — the main weight comes from how well it serves its primary users in practice. A +11-point modifier lift comes primarily from M1 — bridging government and civil society is something I value distinctly from pure-government or pure-civil-society work."
179,Humble Data Workshop,https://humbledata.org,48.3,37.3,11,0.93,LOW,LOW,criteria,"Humble Data Workshop describes itself as ""Free data science and Python workshops for underrepresented groups in tech"" — its global reach earns the cross-jurisdictional bonus under Criterion 7, though at 6 points that's only the tiebreaker — the main weight comes from how well it serves its primary users in practice. A +11-point modifier reflects open-infrastructure and cross-sector bridging alignment, even without a dominant single modifier."
180,Missing Numbers,https://missingnumbers.org,48.3,37.3,11,0.93,LOW,LOW,criteria,"Missing Numbers describes itself as ""Investigates and campaigns to close important gaps in UK public data"" — the score reflects modest evidence across criteria — some policy relevance but limited government deployment, no strong affected-population focus, and little creative industries dimension — the three highest-weight criteria for me. A +11-point modifier reflects open-infrastructure and cross-sector bridging alignment, even without a dominant single modifier."
181,Theft Bisect,https://onodi.co/bisect/,48.3,37.3,11,0.93,LOW,LOW,criteria,"Theft Bisect describes itself as ""A binary search tool to help identify bike theft moments in CCTV footage"" — the score reflects modest evidence across criteria — some policy relevance but limited government deployment, no strong affected-population focus, and little creative industries dimension — the three highest-weight criteria for me. A +11-point modifier reflects open-infrastructure and cross-sector bridging alignment, even without a dominant single modifier."
182,ORCID,https://orcid.org,48.3,35.3,13,1.0,LOW,MEDIUM,criteria,"ORCID describes itself as ""A persistent digital identifier for researchers to distinguish themselves and connect"" — its International reach earns the cross-jurisdictional bonus under Criterion 7, though at 6 points that's only the tiebreaker — the main weight comes from how well it serves its primary users in practice. The M1 modifier for bridging government and civil society accounts for most of the +13-point adjustment above criteria."
183,FixMyStreet,https://www.fixmystreet.com,48.3,37.3,11,0.93,LOW,HIGH,criteria,"FixMyStreet describes itself as ""Report, view, and discuss local street problems with UK councils"" — the score reflects modest evidence across criteria — some policy relevance but limited government deployment, no strong affected-population focus, and little creative industries dimension — the three highest-weight criteria for me. A +11-point modifier lift comes primarily from M1 — bridging government and civil society is something I value distinctly from pure-government or pure-civil-society work. This is a HIGH popularity-risk flag: it's a well-known project, so I want to be explicit that the score reflects my criteria, not recognition — visibility neither inflated nor deflated it."
184,Plinth,https://www.plinth.org.uk,48.3,37.3,11,0.93,LOW,LOW,criteria,"Plinth describes itself as ""AI-powered platform helping organisations deliver, measure and fund community impact"" — the score reflects modest evidence across criteria — some policy relevance but limited government deployment, no strong affected-population focus, and little creative industries dimension — the three highest-weight criteria for me. A +11-point modifier lift comes primarily from M1 — bridging government and civil society is something I value distinctly from pure-government or pure-civil-society work."
185,RightDD,https://www.rightsdd.com,48.3,37.3,11,0.87,LOW,LOW,criteria,"RightDD describes itself as ""Human rights risk management technology for ESG due diligence and supply chain compliance"" — its Global supply chains; UK Modern Slavery Act compliance; TSX/V issuer requirements reach earns the cross-jurisdictional bonus under Criterion 7, though at 6 points that's only the tiebreaker — the main weight comes from how well it serves its primary users in practice. A +11-point modifier reflects open-infrastructure and cross-sector bridging alignment, even without a dominant single modifier."
186,Manifold Markets,https://manifold.markets,48.2,40.2,8,0.93,LOW,MEDIUM,criteria,"Manifold Markets describes itself as ""A platform for creating and trading prediction markets on political, cultural, and"" — its Primarily United States with international access restrictions reach earns the cross-jurisdictional bonus under Criterion 7, though at 6 points that's only the tiebreaker — the main weight comes from how well it serves its primary users in practice. A +8-point modifier reflects open-infrastructure and cross-sector bridging alignment, even without a dominant single modifier."
187,GreenPT,https://greenpt.ai/,48.0,32.0,16,0.8,LOW,LOW,criteria,"GreenPT describes itself as ""Sustainable and privacy-friendly AI chat platform powered by renewable energy and hosted"" — its European Union reach earns the cross-jurisdictional bonus under Criterion 7, though at 6 points that's only the tiebreaker — the main weight comes from how well it serves its primary users in practice. The M1 modifier for bridging government and civil society accounts for most of the +16-point adjustment above criteria."
188,Tactical Data Engagement,https://communities.sunlightfoundation.com/methodology,47.8,39.8,8,0.87,LOW,LOW,criteria,"Tactical Data Engagement describes itself as ""A framework for local governments to catalyze resident-centered use of open data for"" — the score reflects modest evidence across criteria — some policy relevance but limited government deployment, no strong affected-population focus, and little creative industries dimension — the three highest-weight criteria for me. A +8-point modifier lift comes primarily from M1 — bridging government and civil society is something I value distinctly from pure-government or pure-civil-society work."
189,Gapminder Worldview Upgrader,https://upgrader.gapminder.org,47.8,39.8,8,1.0,LOW,MEDIUM,criteria,"Gapminder Worldview Upgrader describes itself as ""Important stuff most people get wrong — a free educational tool to help people rid"" — its Global reach earns the cross-jurisdictional bonus under Criterion 7, though at 6 points that's only the tiebreaker — the main weight comes from how well it serves its primary users in practice. A +8-point modifier lift comes primarily from M1 — bridging government and civil society is something I value distinctly from pure-government or pure-civil-society work."
190,Pear by Holepunch,https://docs.holepunch.to,47.4,31.4,16,0.93,LOW,LOW,criteria,"Pear by Holepunch describes itself as ""A peer-to-peer runtime, development and deployment platform for building unstoppable"" — its Global reach earns the cross-jurisdictional bonus under Criterion 7, though at 6 points that's only the tiebreaker — the main weight comes from how well it serves its primary users in practice. The +16-point modifier adjustment reflects strong alignment across multiple value modifiers — primarily open infrastructure and cross-sector bridging."
191,docs.plus,https://docs.plus,47.3,36.3,11,0.87,LOW,LOW,criteria,"docs.plus describes itself as ""Free, open-source collaborative documents for organizations"" — its International reach earns the cross-jurisdictional bonus under Criterion 7, though at 6 points that's only the tiebreaker — the main weight comes from how well it serves its primary users in practice. A +11-point modifier reflects open-infrastructure and cross-sector bridging alignment, even without a dominant single modifier."
192,Find local consultations,https://gov.uk/find-local-consultations,47.3,34.3,13,0.87,LOW,HIGH,criteria,"Find local consultations describes itself as ""A UK government service enabling citizens to discover and participate in local council"" — the score reflects modest evidence across criteria — some policy relevance but limited government deployment, no strong affected-population focus, and little creative industries dimension — the three highest-weight criteria for me. The M1 modifier for bridging government and civil society accounts for most of the +13-point adjustment above criteria. This is a HIGH popularity-risk flag: it's a well-known project, so I want to be explicit that the score reflects my criteria, not recognition — visibility neither inflated nor deflated it."
193,MapIt,https://mapit.mysociety.org,47.3,36.3,11,1.0,LOW,LOW,criteria,"MapIt describes itself as ""Match postcodes and geographical points to administrative areas"" — the score reflects modest evidence across criteria — some policy relevance but limited government deployment, no strong affected-population focus, and little creative industries dimension — the three highest-weight criteria for me. A +11-point modifier lift comes primarily from M1 — bridging government and civil society is something I value distinctly from pure-government or pure-civil-society work."
194,RxC Quadratic Voting,https://quadraticvote.radicalxchange.org,47.2,39.2,8,0.93,LOW,LOW,criteria,"RxC Quadratic Voting describes itself as ""An easy tool to host a quadratic vote. Quadratic Voting is the mathematically optimal way"" — its international reach earns the cross-jurisdictional bonus under Criterion 7, though at 6 points that's only the tiebreaker — the main weight comes from how well it serves its primary users in practice. A +8-point modifier reflects open-infrastructure and cross-sector bridging alignment, even without a dominant single modifier."
195,Wikum,https://www.csail.mit.edu/research/wikum-bridging-discussion-systems-and-wikis-collective-summarization,47.2,39.2,8,0.93,LOW,LOW,criteria,"Wikum describes itself as ""Tools for communities to collectively summarize large online discussions and manage"" — its Global reach earns the cross-jurisdictional bonus under Criterion 7, though at 6 points that's only the tiebreaker — the main weight comes from how well it serves its primary users in practice. A +8-point modifier reflects open-infrastructure and cross-sector bridging alignment, even without a dominant single modifier."
196,Campaign Tracker,https://www.campaigntracker.nl/en,47.1,46.1,1,1.0,LOW,LOW,criteria,"Campaign Tracker describes itself as ""Platform for tracking and analyzing political campaign spending and advertising in the"" — the score reflects modest evidence across criteria — some policy relevance but limited government deployment, no strong affected-population focus, and little creative industries dimension — the three highest-weight criteria for me. In practice: addresses information asymmetry by improving access to structured knowledge and civic data for informed public participation."
197,Registers and collaboration: making lists we can trust,https://theodi.org/insights/reports/registers-and-collaboration-making-lists-we-can-trust-report,46.9,33.9,13,0.87,LOW,LOW,criteria,"Registers and collaboration: making lists we can trust describes itself as ""A report examining models of stewarding registers and the importance of transparency and"" — its International with UK focus reach earns the cross-jurisdictional bonus under Criterion 7, though at 6 points that's only the tiebreaker — the main weight comes from how well it serves its primary users in practice. The +13-point modifier adjustment reflects strong alignment across multiple value modifiers — primarily open infrastructure and cross-sector bridging."
198,arXiv,https://arxiv.org,46.8,38.8,8,1.0,LOW,MEDIUM,criteria,"arXiv describes itself as ""Free distribution service and open-access archive for scholarly articles in physics"" — its International reach earns the cross-jurisdictional bonus under Criterion 7, though at 6 points that's only the tiebreaker — the main weight comes from how well it serves its primary users in practice. A +8-point modifier lift comes primarily from M1 — bridging government and civil society is something I value distinctly from pure-government or pure-civil-society work."
199,Nook CRM,https://nookcrm.com,46.4,30.4,16,0.93,LOW,LOW,criteria,"Nook CRM describes itself as ""The case management tool for community energy, codesigned by energy advisors"" — the score reflects modest evidence across criteria — some policy relevance but limited government deployment, no strong affected-population focus, and little creative industries dimension — the three highest-weight criteria for me. The +16-point modifier adjustment reflects strong alignment across multiple value modifiers — primarily open infrastructure and cross-sector bridging."
200,Papertree,https://www.papertree.earth,46.4,30.4,16,0.6,MEDIUM,NONE,criteria,"Papertree describes itself as ""Interactive tree planting data platform for transparent climate action accountability"" — its global reach earns the cross-jurisdictional bonus under Criterion 7, though at 6 points that's only the tiebreaker — the main weight comes from how well it serves its primary users in practice. The +16-point modifier adjustment reflects strong alignment across multiple value modifiers — primarily open infrastructure and cross-sector bridging."
201,CoTech,https://coops.tech,46.3,35.3,11,0.93,LOW,LOW,criteria,"CoTech describes itself as ""A UK-wide network of cooperative technology companies building values-aligned digital"" — the score reflects modest evidence across criteria — some policy relevance but limited government deployment, no strong affected-population focus, and little creative industries dimension — the three highest-weight criteria for me. A +11-point modifier reflects open-infrastructure and cross-sector bridging alignment, even without a dominant single modifier."
202,GrantNav,https://grantnav.threesixtygiving.org,46.3,35.3,11,1.0,LOW,LOW,criteria,"GrantNav describes itself as ""Search, explore and download grants data published by UK funders in the 360Giving Data"" — the score reflects modest evidence across criteria — some policy relevance but limited government deployment, no strong affected-population focus, and little creative industries dimension — the three highest-weight criteria for me. A +11-point modifier lift comes primarily from M1 — bridging government and civil society is something I value distinctly from pure-government or pure-civil-society work."
203,Go Vocal,https://www.govocal.com,46.3,35.3,11,0.93,LOW,LOW,criteria,"Go Vocal describes itself as ""Online community engagement platform for governments"" — its Multi-national (12+ countries across Europe and North America) reach earns the cross-jurisdictional bonus under Criterion 7, though at 6 points that's only the tiebreaker — the main weight comes from how well it serves its primary users in practice. A +11-point modifier lift comes primarily from M1 — bridging government and civil society is something I value distinctly from pure-government or pure-civil-society work."
204,CivicPress,https://civicpress.io/,45.9,34.9,11,0.93,LOW,LOW,criteria,"CivicPress describes itself as ""Open infrastructure for transparent local government"" — the score reflects modest evidence across criteria — some policy relevance but limited government deployment, no strong affected-population focus, and little creative industries dimension — the three highest-weight criteria for me. A +11-point modifier reflects open-infrastructure and cross-sector bridging alignment, even without a dominant single modifier."
205,Mozilla Data Collective,https://datacollective.mozillafoundation.org/,45.8,37.8,8,0.93,LOW,HIGH,criteria,"Mozilla Data Collective describes itself as ""Rebuilding the AI data ecosystem with communities at the centre — 470+ high-quality"" — its global reach earns the cross-jurisdictional bonus under Criterion 7, though at 6 points that's only the tiebreaker — the main weight comes from how well it serves its primary users in practice. A +8-point modifier reflects open-infrastructure and cross-sector bridging alignment, even without a dominant single modifier. This is a HIGH popularity-risk flag: it's a well-known project, so I want to be explicit that the score reflects my criteria, not recognition — visibility neither inflated nor deflated it."
206,FixMyBlock,https://fixmyblock.org,45.4,29.4,16,0.87,MEDIUM,LOW,criteria,"FixMyBlock describes itself as ""Tried and tested action guides for getting stuff fixed in your block"" — the score reflects modest evidence across criteria — some policy relevance but limited government deployment, no strong affected-population focus, and little creative industries dimension — the three highest-weight criteria for me. The +16-point modifier adjustment reflects strong alignment across multiple value modifiers — primarily open infrastructure and cross-sector bridging."
207,Empurrando Juntas (EJ),https://sobre.ejparticipe.org,45.4,29.4,16,0.8,MEDIUM,LOW,criteria,"Empurrando Juntas (EJ) describes itself as ""AI-powered opinion collection platform that segments audiences into personas based on"" — the score reflects modest evidence across criteria — some policy relevance but limited government deployment, no strong affected-population focus, and little creative industries dimension — the three highest-weight criteria for me. The +16-point modifier adjustment reflects strong alignment across multiple value modifiers — primarily open infrastructure and cross-sector bridging."
208,Conservative Party Funding,https://conservativepartyfunding.co.uk,45.3,34.3,11,0.87,LOW,LOW,criteria,"Conservative Party Funding describes itself as ""Industry overview of donations to the UK Conservative Party since 2019"" — the score reflects modest evidence across criteria — some policy relevance but limited government deployment, no strong affected-population focus, and little creative industries dimension — the three highest-weight criteria for me. A +11-point modifier reflects open-infrastructure and cross-sector bridging alignment, even without a dominant single modifier."
209,whatsmeow,https://github.com/tulir/whatsmeow,45.3,34.3,11,0.73,LOW,MEDIUM,criteria,"whatsmeow describes itself as ""Go library for the WhatsApp web multidevice API"" — its global reach earns the cross-jurisdictional bonus under Criterion 7, though at 6 points that's only the tiebreaker — the main weight comes from how well it serves its primary users in practice. A +11-point modifier reflects open-infrastructure and cross-sector bridging alignment, even without a dominant single modifier."
210,Public AI Inference Utility,https://publicai.co/,45.3,34.3,11,1.0,LOW,LOW,criteria,"Public AI Inference Utility describes itself as ""A public access point for public and sovereign AI models"" — its International reach earns the cross-jurisdictional bonus under Criterion 7, though at 6 points that's only the tiebreaker — the main weight comes from how well it serves its primary users in practice. A +11-point modifier lift comes primarily from M1 — bridging government and civil society is something I value distinctly from pure-government or pure-civil-society work."
211,Snowdrift.coop,https://snowdrift.coop,45.3,34.3,11,0.93,LOW,LOW,criteria,"Snowdrift.coop describes itself as ""Crowdmatching for public goods"" — its global reach earns the cross-jurisdictional bonus under Criterion 7, though at 6 points that's only the tiebreaker — the main weight comes from how well it serves its primary users in practice. A +11-point modifier reflects open-infrastructure and cross-sector bridging alignment, even without a dominant single modifier."
212,WriteToThem,https://www.writetothem.com,45.3,34.3,11,0.93,LOW,LOW,criteria,"WriteToThem describes itself as ""Email your Councillor, MP, MSP, MS, MLA or London Assembly Member for free"" — the score reflects modest evidence across criteria — some policy relevance but limited government deployment, no strong affected-population focus, and little creative industries dimension — the three highest-weight criteria for me. A +11-point modifier lift comes primarily from M1 — bridging government and civil society is something I value distinctly from pure-government or pure-civil-society work."
213,Anna's Archive,https://annas-archive.pm,45,46.7,8,0.93,LOW,HIGH,criteria,"Anna's Archive describes itself as ""A non-profit, open-source digital library preserving access to knowledge through shadow"" — its International but vulnerable to jurisdiction-specific enforcement reach earns the cross-jurisdictional bonus under Criterion 7, though at 6 points that's only the tiebreaker — the main weight comes from how well it serves its primary users in practice. A +8-point modifier reflects open-infrastructure and cross-sector bridging alignment, even without a dominant single modifier. This is a HIGH popularity-risk flag: it's a well-known project, so I want to be explicit that the score reflects my criteria, not recognition — visibility neither inflated nor deflated it."
214,Humanitarian Data Exchange,https://data.humdata.org,45,44.7,16,1.0,LOW,LOW,criteria,"Humanitarian Data Exchange describes itself as ""Find, share and use humanitarian data all in one place"" — its International humanitarian response reach earns the cross-jurisdictional bonus under Criterion 7, though at 6 points that's only the tiebreaker — the main weight comes from how well it serves its primary users in practice. The M1 modifier for bridging government and civil society accounts for most of the +16-point adjustment above criteria."
215,Dovetail,https://dovetail.network,45.0,29.0,16,0.87,MEDIUM,LOW,criteria,"Dovetail describes itself as ""Helps non-profits find a digital partner that fits"" — the score reflects modest evidence across criteria — some policy relevance but limited government deployment, no strong affected-population focus, and little creative industries dimension — the three highest-weight criteria for me. The +16-point modifier adjustment reflects strong alignment across multiple value modifiers — primarily open infrastructure and cross-sector bridging."
216,Entitledto,https://entitledto.co.uk,45,40.8,16,0.93,LOW,LOW,criteria,"Entitledto describes itself as ""Free online benefits calculator helping UK citizens understand welfare entitlements"" — the score reflects modest evidence across criteria — some policy relevance but limited government deployment, no strong affected-population focus, and little creative industries dimension — the three highest-weight criteria for me. The M1 modifier for bridging government and civil society accounts for most of the +16-point adjustment above criteria."
217,Agreement Engine,https://medium.com/metagov/introducing-the-agreement-engine-bf03b6d5c16c,45,51.6,11,0.93,LOW,LOW,criteria,"Agreement Engine describes itself as ""A tool for designing and implementing digital governance agreements"" — its international reach earns the cross-jurisdictional bonus under Criterion 7, though at 6 points that's only the tiebreaker — the main weight comes from how well it serves its primary users in practice. A +11-point modifier reflects open-infrastructure and cross-sector bridging alignment, even without a dominant single modifier."
218,Members' Interests,https://membersinterests.org.uk,45,38.8,11,0.93,LOW,LOW,criteria,"Members' Interests describes itself as ""Database of UK Members of Parliament financial interests and declarations"" — the score reflects modest evidence across criteria — some policy relevance but limited government deployment, no strong affected-population focus, and little creative industries dimension — the three highest-weight criteria for me. A +11-point modifier lift comes primarily from M1 — bridging government and civil society is something I value distinctly from pure-government or pure-civil-society work."
219,Abstract Wikipedia,https://meta.wikimedia.org/wiki/abstract_wikipedia,45,56.9,8,1.0,LOW,HIGH,criteria,"Abstract Wikipedia describes itself as ""A Wikimedia project to create a language-independent layer of structured knowledge that"" — its International reach earns the cross-jurisdictional bonus under Criterion 7, though at 6 points that's only the tiebreaker — the main weight comes from how well it serves its primary users in practice. A +8-point modifier reflects open-infrastructure and cross-sector bridging alignment, even without a dominant single modifier. This is a HIGH popularity-risk flag: it's a well-known project, so I want to be explicit that the score reflects my criteria, not recognition — visibility neither inflated nor deflated it."
220,Metaculus,https://metaculus.com,45,34.9,11,1.0,LOW,LOW,criteria,"Metaculus describes itself as ""A community prediction platform for forecasting future events and outcomes"" — its International reach earns the cross-jurisdictional bonus under Criterion 7, though at 6 points that's only the tiebreaker — the main weight comes from how well it serves its primary users in practice. A +11-point modifier reflects open-infrastructure and cross-sector bridging alignment, even without a dominant single modifier."
221,New_ Public Roundabout,https://newpublic.substack.com/p/introducing-roundabout-built-for,45.0,32.0,13,0.93,LOW,LOW,criteria,"New_ Public Roundabout describes itself as ""A community space for neighbors — local digital forum app built from the ground up with"" — the score reflects modest evidence across criteria — some policy relevance but limited government deployment, no strong affected-population focus, and little creative industries dimension — the three highest-weight criteria for me. The +13-point modifier adjustment reflects strong alignment across multiple value modifiers — primarily open infrastructure and cross-sector bridging."
222,Open Access – Transparency International UK,https://openaccess.transparency.org.uk,45,45.3,11,0.93,LOW,LOW,criteria,"Open Access – Transparency International UK describes itself as ""Platform providing access to corporate transparency data and beneficial ownership"" — the score reflects modest evidence across criteria — some policy relevance but limited government deployment, no strong affected-population focus, and little creative industries dimension — the three highest-weight criteria for me. A +11-point modifier lift comes primarily from M1 — bridging government and civil society is something I value distinctly from pure-government or pure-civil-society work."
223,PlanIT,https://planit.org.uk,45,45.1,11,0.93,LOW,LOW,criteria,"PlanIT describes itself as ""Digital platform enabling community participation in local planning decisions"" — the score reflects modest evidence across criteria — some policy relevance but limited government deployment, no strong affected-population focus, and little creative industries dimension — the three highest-weight criteria for me. A +11-point modifier lift comes primarily from M1 — bridging government and civil society is something I value distinctly from pure-government or pure-civil-society work."
224,PolicyKit,https://policykit.org,45,56.9,11,1.0,LOW,MEDIUM,criteria,"PolicyKit describes itself as ""An open-source tool for evolving governance in online communities"" — its international, primarily United States reach earns the cross-jurisdictional bonus under Criterion 7, though at 6 points that's only the tiebreaker — the main weight comes from how well it serves its primary users in practice. A +11-point modifier reflects open-infrastructure and cross-sector bridging alignment, even without a dominant single modifier."
225,GovWise,https://www.govwise.ai/en,45.0,29.0,16,0.8,MEDIUM,LOW,criteria,"GovWise describes itself as ""AI-powered platform for automating public procurement tender screening and bid management"" — the score reflects modest evidence across criteria — some policy relevance but limited government deployment, no strong affected-population focus, and little creative industries dimension — the three highest-weight criteria for me. The M1 modifier for bridging government and civil society accounts for most of the +16-point adjustment above criteria."
226,Public Editor,https://www.publiceditor.io,45,46.7,11,0.87,LOW,HIGH,criteria,"Public Editor describes itself as ""Platform for collaborative fact-checking and editorial transparency in journalism"" — its international reach earns the cross-jurisdictional bonus under Criterion 7, though at 6 points that's only the tiebreaker — the main weight comes from how well it serves its primary users in practice. A +11-point modifier reflects open-infrastructure and cross-sector bridging alignment, even without a dominant single modifier. This is a HIGH popularity-risk flag: it's a well-known project, so I want to be explicit that the score reflects my criteria, not recognition — visibility neither inflated nor deflated it."
227,Agencies for Good,https://www.agenciesforgood.org,44.9,36.9,8,0.93,LOW,LOW,criteria,"Agencies for Good describes itself as ""A community of tech for good agencies, consultancies and freelancers supporting socially"" — the score reflects modest evidence across criteria — some policy relevance but limited government deployment, no strong affected-population focus, and little creative industries dimension — the three highest-weight criteria for me. A +8-point modifier reflects open-infrastructure and cross-sector bridging alignment, even without a dominant single modifier."
228,CrowdJustice,https://www.crowdjustice.com,44.9,33.9,11,0.93,LOW,LOW,criteria,"CrowdJustice describes itself as ""Crowdfunding platform for legal cases and justice campaigns"" — its Multi-jurisdictional (UK, US, Canada, Australia) reach earns the cross-jurisdictional bonus under Criterion 7, though at 6 points that's only the tiebreaker — the main weight comes from how well it serves its primary users in practice. A +11-point modifier reflects open-infrastructure and cross-sector bridging alignment, even without a dominant single modifier."
229,Give Food,https://www.givefood.org.uk,44.9,33.9,11,1.0,LOW,LOW,criteria,"Give Food describes itself as ""UK charity using data to highlight and alleviate local food insecurity"" — the score reflects modest evidence across criteria — some policy relevance but limited government deployment, no strong affected-population focus, and little creative industries dimension — the three highest-weight criteria for me. A +11-point modifier lift comes primarily from M1 — bridging government and civil society is something I value distinctly from pure-government or pure-civil-society work."
230,Organise,https://www.organise.org.uk,44.9,33.9,11,0.93,LOW,LOW,criteria,"Organise describes itself as ""Get heard at work – a workers' network for collective action on employment issues"" — the score reflects modest evidence across criteria — some policy relevance but limited government deployment, no strong affected-population focus, and little creative industries dimension — the three highest-weight criteria for me. A +11-point modifier reflects open-infrastructure and cross-sector bridging alignment, even without a dominant single modifier."
231,Violation Tracker UK,https://violationtrackeruk.goodjobsfirst.org,44.7,33.7,11,0.87,LOW,LOW,criteria,"Violation Tracker UK describes itself as ""Database tracking corporate violations and enforcement actions in the United Kingdom"" — the score reflects modest evidence across criteria — some policy relevance but limited government deployment, no strong affected-population focus, and little creative industries dimension — the three highest-weight criteria for me. A +11-point modifier reflects open-infrastructure and cross-sector bridging alignment, even without a dominant single modifier."
232,Cortico,https://cortico.ai/platform,44.3,36.3,8,0.87,LOW,LOW,criteria,"Cortico describes itself as ""Bringing underheard voices to the center of stronger civic spaces through recorded"" — its national with some international reach reach earns the cross-jurisdictional bonus under Criterion 7, though at 6 points that's only the tiebreaker — the main weight comes from how well it serves its primary users in practice. A +8-point modifier lift comes primarily from M1 — bridging government and civil society is something I value distinctly from pure-government or pure-civil-society work."
233,Relational Tech Project,https://relationaltechproject.org,44.3,33.3,11,0.8,LOW,LOW,criteria,"Relational Tech Project describes itself as ""Tools crafted by, with, and for neighbors - made to help us care for and trust each other"" — the score reflects modest evidence across criteria — some policy relevance but limited government deployment, no strong affected-population focus, and little creative industries dimension — the three highest-weight criteria for me. A +11-point modifier reflects open-infrastructure and cross-sector bridging alignment, even without a dominant single modifier."
234,Viewpoints,https://viewpoints.xyz,44.3,33.3,11,0.87,LOW,LOW,criteria,"Viewpoints describes itself as ""Effortless AI-powered polls and consensus building for meetings, events, and communities"" — its International with focus on North America and Commonwealth countries reach earns the cross-jurisdictional bonus under Criterion 7, though at 6 points that's only the tiebreaker — the main weight comes from how well it serves its primary users in practice. A +11-point modifier reflects open-infrastructure and cross-sector bridging alignment, even without a dominant single modifier."
235,Prolific,https://www.prolific.com,44.3,33.3,11,0.87,LOW,LOW,criteria,"Prolific describes itself as ""Easily collect high-quality data from real people"" — its international reach earns the cross-jurisdictional bonus under Criterion 7, though at 6 points that's only the tiebreaker — the main weight comes from how well it serves its primary users in practice. A +11-point modifier reflects open-infrastructure and cross-sector bridging alignment, even without a dominant single modifier."
236,PolicyMogul,https://policymogul.com,43.7,32.7,11,0.87,LOW,LOW,criteria,"PolicyMogul describes itself as ""Champions of public affairs"" — the score reflects modest evidence across criteria — some policy relevance but limited government deployment, no strong affected-population focus, and little creative industries dimension — the three highest-weight criteria for me. A +11-point modifier reflects open-infrastructure and cross-sector bridging alignment, even without a dominant single modifier."
237,DoGooder,https://dogooder.co,43.5,27.5,16,0.8,MEDIUM,LOW,criteria,"DoGooder describes itself as ""Civic engagement and advocacy platform for grassroots campaigns"" — its International (US, Canada, Australia, UK) reach earns the cross-jurisdictional bonus under Criterion 7, though at 6 points that's only the tiebreaker — the main weight comes from how well it serves its primary users in practice. The +16-point modifier adjustment reflects strong alignment across multiple value modifiers — primarily open infrastructure and cross-sector bridging."
238,DemTech Navigator,https://navigator.oii.ox.ac.uk,43.5,27.5,16,0.87,MEDIUM,HIGH,criteria,"DemTech Navigator describes itself as ""Online resource guide for civil society groups to address disinformation"" — its International reach earns the cross-jurisdictional bonus under Criterion 7, though at 6 points that's only the tiebreaker — the main weight comes from how well it serves its primary users in practice. The +16-point modifier adjustment reflects strong alignment across multiple value modifiers — primarily open infrastructure and cross-sector bridging. This is a HIGH popularity-risk flag: it's a well-known project, so I want to be explicit that the score reflects my criteria, not recognition — visibility neither inflated nor deflated it."
239,Murmurations Protocol,https://murmurations.network,43.4,32.4,11,0.93,LOW,LOW,criteria,"Murmurations Protocol describes itself as ""Making movements visible — a distributed data sharing protocol to facilitate"" — its global reach earns the cross-jurisdictional bonus under Criterion 7, though at 6 points that's only the tiebreaker — the main weight comes from how well it serves its primary users in practice. A +11-point modifier reflects open-infrastructure and cross-sector bridging alignment, even without a dominant single modifier."
240,Sci-Hub,https://sci-hub.se,43.4,32.4,11,0.93,LOW,LOW,criteria,"Sci-Hub describes itself as ""Provides free access to academic research papers by circumventing publisher paywalls"" — its International but faces legal restrictions in multiple countries reach earns the cross-jurisdictional bonus under Criterion 7, though at 6 points that's only the tiebreaker — the main weight comes from how well it serves its primary users in practice. A +11-point modifier reflects open-infrastructure and cross-sector bridging alignment, even without a dominant single modifier."
241,Collaborative Data Patterns,https://collaborative-data.theodi.org,43.3,35.3,8,0.87,LOW,LOW,criteria,"Collaborative Data Patterns describes itself as ""A guidebook for designing and running projects involving collaborative maintenance of"" — its International reach earns the cross-jurisdictional bonus under Criterion 7, though at 6 points that's only the tiebreaker — the main weight comes from how well it serves its primary users in practice. A +8-point modifier reflects open-infrastructure and cross-sector bridging alignment, even without a dominant single modifier."
242,COTSI (Cyber Operational Threat Situational Intelligence),https://cotsi.org/,43.3,35.3,8,0.87,LOW,LOW,criteria,"COTSI (Cyber Operational Threat Situational Intelligence) describes itself as ""Tracks daily price and availability of fake SMS verifications across 197 countries and"" — its Global reach earns the cross-jurisdictional bonus under Criterion 7, though at 6 points that's only the tiebreaker — the main weight comes from how well it serves its primary users in practice. A +8-point modifier reflects open-infrastructure and cross-sector bridging alignment, even without a dominant single modifier."
243,Dunadyne,https://dunadyne.org,43.0,30.0,13,0.8,MEDIUM,LOW,criteria,"Dunadyne describes itself as ""Collective intelligence platform for forming and organizing Decentralized Unincorporated"" — it engages directly with policy and regulation in Community improvement, capacity building, collective intelligence, decentralized governance — Criterion 6 (policy clarity and regulatory engagement) is a 12-point medium-weight criterion and this project addresses it substantively. The +13-point modifier adjustment reflects strong alignment across multiple value modifiers — primarily open infrastructure and cross-sector bridging."
244,GOV.UK One Login,https://www.sign-in.service.gov.uk,43.0,32.0,11,1.0,LOW,LOW,criteria,"GOV.UK One Login describes itself as ""Centralized digital identity and authentication platform for UK government services"" — the score reflects modest evidence across criteria — some policy relevance but limited government deployment, no strong affected-population focus, and little creative industries dimension — the three highest-weight criteria for me. A +11-point modifier lift comes primarily from M1 — bridging government and civil society is something I value distinctly from pure-government or pure-civil-society work."
245,Tracka,https://yourtracka.org,42.9,34.9,8,0.93,LOW,LOW,criteria,"Tracka describes itself as ""Monitor the status of federal and state projects in your community and take action on"" — the score reflects modest evidence across criteria — some policy relevance but limited government deployment, no strong affected-population focus, and little creative industries dimension — the three highest-weight criteria for me. A +8-point modifier lift comes primarily from M1 — bridging government and civil society is something I value distinctly from pure-government or pure-civil-society work."
246,UK Parliament Developer Portal,https://developer.parliament.uk,42.4,31.4,11,0.93,LOW,LOW,criteria,"UK Parliament Developer Portal describes itself as ""APIs and data for accessing UK Parliament information"" — it engages directly with policy and regulation in Government Transparency, Civic Engagement — Criterion 6 (policy clarity and regulatory engagement) is a 12-point medium-weight criterion and this project addresses it substantively. A +11-point modifier lift comes primarily from M1 — bridging government and civil society is something I value distinctly from pure-government or pure-civil-society work."
247,Digital Account Management Toolkit,https://digitalcharitylab.org/product/digital-account-management-toolkit,42.4,29.4,13,0.87,MEDIUM,LOW,criteria,"Digital Account Management Toolkit describes itself as ""Free resource to help nonprofits manage social media and digital accounts securely and"" — the score reflects modest evidence across criteria — some policy relevance but limited government deployment, no strong affected-population focus, and little creative industries dimension — the three highest-weight criteria for me. The +13-point modifier adjustment reflects strong alignment across multiple value modifiers — primarily open infrastructure and cross-sector bridging."
248,Timecounts,https://timecounts.org,42.4,31.4,11,0.87,LOW,LOW,criteria,"Timecounts describes itself as ""The Modern Volunteer Management Solution"" — its Global (39+ countries) reach earns the cross-jurisdictional bonus under Criterion 7, though at 6 points that's only the tiebreaker — the main weight comes from how well it serves its primary users in practice. A +11-point modifier reflects open-infrastructure and cross-sector bridging alignment, even without a dominant single modifier."
249,Polimorphic,https://www.polimorphic.com,42.4,31.4,11,0.8,LOW,LOW,criteria,"Polimorphic describes itself as ""AI-powered platform for service-first government operations and resident engagement"" — the score reflects modest evidence across criteria — some policy relevance but limited government deployment, no strong affected-population focus, and little creative industries dimension — the three highest-weight criteria for me. A +11-point modifier lift comes primarily from M1 — bridging government and civil society is something I value distinctly from pure-government or pure-civil-society work."
250,In the news,https://en.wikipedia.org/wiki/wikipedia:in_the_news,42.3,34.3,8,0.87,LOW,LOW,criteria,"In the news describes itself as ""Section of the Main Page directing readers to articles substantially updated to reflect"" — its Global reach earns the cross-jurisdictional bonus under Criterion 7, though at 6 points that's only the tiebreaker — the main weight comes from how well it serves its primary users in practice. A +8-point modifier reflects open-infrastructure and cross-sector bridging alignment, even without a dominant single modifier."
251,Fairbnb.coop,https://fairbnb.coop,42.0,31.0,11,1.0,LOW,LOW,criteria,"Fairbnb.coop describes itself as ""Community powered tourism platform"" — its European Union reach earns the cross-jurisdictional bonus under Criterion 7, though at 6 points that's only the tiebreaker — the main weight comes from how well it serves its primary users in practice. A +11-point modifier lift comes primarily from M1 — bridging government and civil society is something I value distinctly from pure-government or pure-civil-society work."
252,Fatebook,https://fatebook.io,42.0,31.0,11,1.0,LOW,MEDIUM,criteria,"Fatebook describes itself as ""Rapid predictions, anywhere"" — its international reach earns the cross-jurisdictional bonus under Criterion 7, though at 6 points that's only the tiebreaker — the main weight comes from how well it serves its primary users in practice. A +11-point modifier reflects open-infrastructure and cross-sector bridging alignment, even without a dominant single modifier."
253,Land Explorer,https://landexplorer.coop,42.0,31.0,11,0.87,LOW,LOW,criteria,"Land Explorer describes itself as ""Mapping tools that help communities find, access and manage land for common good projects"" — the score reflects modest evidence across criteria — some policy relevance but limited government deployment, no strong affected-population focus, and little creative industries dimension — the three highest-weight criteria for me. A +11-point modifier lift comes primarily from M1 — bridging government and civil society is something I value distinctly from pure-government or pure-civil-society work."
254,GOV.UK Forms,https://www.forms.service.gov.uk,42.0,31.0,11,0.93,LOW,LOW,criteria,"GOV.UK Forms describes itself as ""Create accessible online forms for UK government without technical knowledge"" — the score reflects modest evidence across criteria — some policy relevance but limited government deployment, no strong affected-population focus, and little creative industries dimension — the three highest-weight criteria for me. A +11-point modifier lift comes primarily from M1 — bridging government and civil society is something I value distinctly from pure-government or pure-civil-society work."
255,Schema.org,https://schema.org,41.9,33.9,8,0.67,MEDIUM,LOW,criteria,"Schema.org describes itself as ""A collaborative, community activity with a mission to create, maintain, and promote"" — the score reflects modest evidence across criteria — some policy relevance but limited government deployment, no strong affected-population focus, and little creative industries dimension — the three highest-weight criteria for me. A +8-point modifier reflects open-infrastructure and cross-sector bridging alignment, even without a dominant single modifier."
256,The Data Trusts Initiative,https://datatrusts.uk,41.5,33.5,8,0.87,LOW,LOW,criteria,"The Data Trusts Initiative describes itself as ""Working at the interface of technology, policy and the law to create data trusts that"" — the score reflects modest evidence across criteria — some policy relevance but limited government deployment, no strong affected-population focus, and little creative industries dimension — the three highest-weight criteria for me. A +8-point modifier lift comes primarily from M1 — bridging government and civil society is something I value distinctly from pure-government or pure-civil-society work."
257,Shared Digital Guides,https://www.shareddigitalguides.org.uk,41.4,30.4,11,0.87,LOW,LOW,criteria,"Shared Digital Guides describes itself as ""Non-profit organisations share step-by-step guides to using digital tools for social good"" — the score reflects modest evidence across criteria — some policy relevance but limited government deployment, no strong affected-population focus, and little creative industries dimension — the three highest-weight criteria for me. A +11-point modifier reflects open-infrastructure and cross-sector bridging alignment, even without a dominant single modifier."
258,CiviClick,https://civiclick.com,41.0,28.0,13,0.8,MEDIUM,LOW,criteria,"CiviClick describes itself as ""Grassroots advocacy software platform that personalizes advocate experience and drives"" — its United States, multiple states reach earns the cross-jurisdictional bonus under Criterion 7, though at 6 points that's only the tiebreaker — the main weight comes from how well it serves its primary users in practice. The +13-point modifier adjustment reflects strong alignment across multiple value modifiers — primarily open infrastructure and cross-sector bridging."
259,Membership,https://medium.com/@abscond/membership-a-prototype-ea822b2683b,40.9,36.9,4,0.8,LOW,LOW,criteria,"Membership describes itself as ""A prototype for decentralized membership and governance systems"" — it engages directly with policy and regulation in Governance, Democracy, Civic Participation — Criterion 6 (policy clarity and regulatory engagement) is a 12-point medium-weight criterion and this project addresses it substantively. A modest +4-point modifier adjustment reflects partial alignment with my value modifiers — not a decisive factor, but a consistent one."
260,Neighbourhood Warmth,https://www.mysociety.org/climate/neighbourhood-warmth,40.5,27.5,13,0.87,MEDIUM,LOW,criteria,"Neighbourhood Warmth describes itself as ""A free online platform helping people form teams around shared home energy challenges"" — the score reflects modest evidence across criteria — some policy relevance but limited government deployment, no strong affected-population focus, and little creative industries dimension — the three highest-weight criteria for me. The M1 modifier for bridging government and civil society accounts for most of the +13-point adjustment above criteria."
261,Responsible Tech Guide 2025,https://alltechishuman.org/responsible-tech-guide-2025,40.4,32.4,8,0.87,LOW,LOW,criteria,"Responsible Tech Guide 2025 describes itself as ""Flagship resource providing information, inspiration, and pathways for involvement in the"" — its International reach earns the cross-jurisdictional bonus under Criterion 7, though at 6 points that's only the tiebreaker — the main weight comes from how well it serves its primary users in practice. A +8-point modifier reflects open-infrastructure and cross-sector bridging alignment, even without a dominant single modifier."
262,Beckton,https://richardpope.org/2017/03/05/beckton-a-tool-to-build,40.4,32.4,8,0.93,LOW,LOW,criteria,"Beckton describes itself as ""A conditional-commitment tool for creating groups of paying members — only charges if"" — the score reflects modest evidence across criteria — some policy relevance but limited government deployment, no strong affected-population focus, and little creative industries dimension — the three highest-weight criteria for me. A +8-point modifier reflects open-infrastructure and cross-sector bridging alignment, even without a dominant single modifier."
263,Spartacus,https://spartacus.app,40.4,29.4,11,0.87,MEDIUM,LOW,criteria,"Spartacus describes itself as ""Build critical mass with conditional commitments that only activate when enough people"" — its International with focus on local organizing reach earns the cross-jurisdictional bonus under Criterion 7, though at 6 points that's only the tiebreaker — the main weight comes from how well it serves its primary users in practice. A +11-point modifier reflects open-infrastructure and cross-sector bridging alignment, even without a dominant single modifier."
264,Watch Duty,https://www.watchduty.org,40.4,29.4,11,0.87,MEDIUM,LOW,criteria,"Watch Duty describes itself as ""Real-time wildfire maps and alerts powered by volunteer first responders"" — the score reflects modest evidence across criteria — some policy relevance but limited government deployment, no strong affected-population focus, and little creative industries dimension — the three highest-weight criteria for me. A +11-point modifier reflects open-infrastructure and cross-sector bridging alignment, even without a dominant single modifier."
265,Yoti,https://www.yoti.com,40.4,29.4,11,0.87,MEDIUM,LOW,criteria,"Yoti describes itself as ""Building the world's trusted identity platform"" — its Primarily UK and international markets reach earns the cross-jurisdictional bonus under Criterion 7, though at 6 points that's only the tiebreaker — the main weight comes from how well it serves its primary users in practice. A +11-point modifier lift comes primarily from M1 — bridging government and civil society is something I value distinctly from pure-government or pure-civil-society work."
266,Libertrium,https://liberopinion.com,40.0,29.0,11,0.8,MEDIUM,LOW,criteria,"Libertrium describes itself as ""Digital solutions for public administration modernization, citizen participation, and"" — the score reflects modest evidence across criteria — some policy relevance but limited government deployment, no strong affected-population focus, and little creative industries dimension — the three highest-weight criteria for me. A +11-point modifier lift comes primarily from M1 — bridging government and civil society is something I value distinctly from pure-government or pure-civil-society work."
267,River Sentiment Dashboard,https://riversentiment.app,39.8,31.8,8,0.87,LOW,LOW,criteria,"River Sentiment Dashboard describes itself as ""Displays social media sentiment about rivers alongside ecological status data for 450+"" — the score reflects modest evidence across criteria — some policy relevance but limited government deployment, no strong affected-population focus, and little creative industries dimension — the three highest-weight criteria for me. A +8-point modifier lift comes primarily from M1 — bridging government and civil society is something I value distinctly from pure-government or pure-civil-society work."
268,The Commons Social Change Library,https://commonslibrary.org,39.4,31.4,8,0.87,LOW,LOW,criteria,"The Commons Social Change Library describes itself as ""Free digital library of 1500+ educational resources for activists, campaigners, and"" — its International with focus on Australia and Iran reach earns the cross-jurisdictional bonus under Criterion 7, though at 6 points that's only the tiebreaker — the main weight comes from how well it serves its primary users in practice. A +8-point modifier reflects open-infrastructure and cross-sector bridging alignment, even without a dominant single modifier."
269,Democracy Fund Open Source,https://www.dfos.com,39.4,28.4,11,0.87,MEDIUM,LOW,criteria,"Democracy Fund Open Source describes itself as ""Open source tools and resources for civic engagement and democratic participation"" — the score reflects modest evidence across criteria — some policy relevance but limited government deployment, no strong affected-population focus, and little creative industries dimension — the three highest-weight criteria for me. A +11-point modifier reflects open-infrastructure and cross-sector bridging alignment, even without a dominant single modifier."
270,Local Deep Researcher,https://local-deep-researcher-hnmh.vercel.app/,39.0,28.0,11,0.6,MEDIUM,NONE,criteria,"Local Deep Researcher describes itself as ""A research tool for investigating local issues and civic engagement"" — it engages directly with policy and regulation in Civic Engagement, Research, Local Government — Criterion 6 (policy clarity and regulatory engagement) is a 12-point medium-weight criterion and this project addresses it substantively. A +11-point modifier reflects open-infrastructure and cross-sector bridging alignment, even without a dominant single modifier."
271,Local Insight,https://localinsight.org,39.0,28.0,11,0.87,MEDIUM,LOW,criteria,"Local Insight describes itself as ""Community and Neighbourhood Data Platform"" — the score reflects modest evidence across criteria — some policy relevance but limited government deployment, no strong affected-population focus, and little creative industries dimension — the three highest-weight criteria for me. A +11-point modifier lift comes primarily from M1 — bridging government and civil society is something I value distinctly from pure-government or pure-civil-society work."
272,CAN/DGSI 127 - Age Assurance Technologies Standard,https://dgc-cgn.org/product/can-dgsi-127/,38.6,30.6,8,0.87,LOW,LOW,criteria,"CAN/DGSI 127 - Age Assurance Technologies Standard describes itself as ""Standard specifying minimum requirements for age assurance technologies and methods to"" — the score reflects modest evidence across criteria — some policy relevance but limited government deployment, no strong affected-population focus, and little creative industries dimension — the three highest-weight criteria for me. A +8-point modifier lift comes primarily from M1 — bridging government and civil society is something I value distinctly from pure-government or pure-civil-society work."
273,Understanding Your Morality,https://programs.clearerthinking.org/understanding-your-morality/,38.5,27.5,11,0.87,MEDIUM,LOW,criteria,"Understanding Your Morality describes itself as ""An interactive tool to help people understand their moral values and reasoning"" — its Global reach earns the cross-jurisdictional bonus under Criterion 7, though at 6 points that's only the tiebreaker — the main weight comes from how well it serves its primary users in practice. A +11-point modifier reflects open-infrastructure and cross-sector bridging alignment, even without a dominant single modifier."
274,Whoisology,https://whoisology.com,38.5,27.5,11,0.87,MEDIUM,LOW,criteria,"Whoisology describes itself as ""Billions of archived domain name whois records searchable and cross-referenced for"" — its International reach earns the cross-jurisdictional bonus under Criterion 7, though at 6 points that's only the tiebreaker — the main weight comes from how well it serves its primary users in practice. A +11-point modifier reflects open-infrastructure and cross-sector bridging alignment, even without a dominant single modifier."
275,We Live It,https://www.welivedit.ai,38.5,27.5,11,0.87,MEDIUM,LOW,criteria,"We Live It describes itself as ""AI-powered platform for community-driven urban planning and civic engagement"" — its International reach earns the cross-jurisdictional bonus under Criterion 7, though at 6 points that's only the tiebreaker — the main weight comes from how well it serves its primary users in practice. A +11-point modifier reflects open-infrastructure and cross-sector bridging alignment, even without a dominant single modifier."
276,Urbit,https://urbit.org,38.3,34.3,4,0.93,LOW,MEDIUM,criteria,"Urbit describes itself as ""A personal server operating system designed for self-sovereignty and decentralized"" — its Global reach earns the cross-jurisdictional bonus under Criterion 7, though at 6 points that's only the tiebreaker — the main weight comes from how well it serves its primary users in practice. A modest +4-point modifier adjustment reflects partial alignment with my value modifiers — not a decisive factor, but a consistent one."
277,Remember to Vote,https://remembertovote.org.uk,38.1,27.1,11,0.87,MEDIUM,LOW,criteria,"Remember to Vote describes itself as ""Free SMS reminder service for polling station locations and voter ID requirements"" — the score reflects modest evidence across criteria — some policy relevance but limited government deployment, no strong affected-population focus, and little creative industries dimension — the three highest-weight criteria for me. A +11-point modifier reflects open-infrastructure and cross-sector bridging alignment, even without a dominant single modifier."
278,Landlord Tech Watch,https://antievictionmappingproject.github.io/landlordtech,38.0,30.0,8,0.93,MEDIUM,LOW,criteria,"Landlord Tech Watch describes itself as ""Producing data, scholarship, and popular educational materials documenting how property"" — the score reflects modest evidence across criteria — some policy relevance but limited government deployment, no strong affected-population focus, and little creative industries dimension — the three highest-weight criteria for me. A +8-point modifier reflects open-infrastructure and cross-sector bridging alignment, even without a dominant single modifier."
279,GOV Reuse Library,https://dev.reuselibrary.service.justice.gov.uk/,38.0,30.0,8,0.87,MEDIUM,LOW,criteria,"GOV Reuse Library describes itself as ""Find and reuse digital service elements - Building public services together, one reusable"" — the score reflects modest evidence across criteria — some policy relevance but limited government deployment, no strong affected-population focus, and little creative industries dimension — the three highest-weight criteria for me. A +8-point modifier lift comes primarily from M1 — bridging government and civil society is something I value distinctly from pure-government or pure-civil-society work."
280,Charity Digital Skills Report,https://charitydigitalskills.co.uk,37.8,29.8,8,0.87,MEDIUM,LOW,criteria,"Charity Digital Skills Report describes itself as ""Annual survey tracking digital and AI adoption, skills, and support needs across the UK"" — the score reflects modest evidence across criteria — some policy relevance but limited government deployment, no strong affected-population focus, and little creative industries dimension — the three highest-weight criteria for me. A +8-point modifier reflects open-infrastructure and cross-sector bridging alignment, even without a dominant single modifier."
281,The Guide to Major Trusts 2025/26,https://www.dsc.org.uk/publication/the-guide-to-major-trusts-2025-26/,37.6,21.6,16,0.87,MEDIUM,LOW,criteria,"The Guide to Major Trusts 2025/26 describes itself as ""UK's definitive directory of over 1,000 largest grant-makers awarding £7.23 billion"" — the score reflects modest evidence across criteria — some policy relevance but limited government deployment, no strong affected-population focus, and little creative industries dimension — the three highest-weight criteria for me. The +16-point modifier adjustment reflects strong alignment across multiple value modifiers — primarily open infrastructure and cross-sector bridging."
282,Right To Know,https://right-to-know.org,37.5,26.5,11,0.93,MEDIUM,LOW,criteria,"Right To Know describes itself as ""A digital toolkit for communities to discover environmental health hazards in their area"" — the score reflects modest evidence across criteria — some policy relevance but limited government deployment, no strong affected-population focus, and little creative industries dimension — the three highest-weight criteria for me. A +11-point modifier reflects open-infrastructure and cross-sector bridging alignment, even without a dominant single modifier."
283,MP Watch,https://www.mpwatch.org,37.5,26.5,11,0.93,MEDIUM,LOW,criteria,"MP Watch describes itself as ""Uniting People and Politicians for Climate Action"" — the score reflects modest evidence across criteria — some policy relevance but limited government deployment, no strong affected-population focus, and little creative industries dimension — the three highest-weight criteria for me. A +11-point modifier lift comes primarily from M1 — bridging government and civil society is something I value distinctly from pure-government or pure-civil-society work."
284,Marks Out Of Tenancy,https://www.marksoutoftenancy.com,37.4,29.4,8,0.87,MEDIUM,LOW,criteria,"Marks Out Of Tenancy describes itself as ""UK landlord and letting agency review platform empowering renters with information and"" — the score reflects modest evidence across criteria — some policy relevance but limited government deployment, no strong affected-population focus, and little creative industries dimension — the three highest-weight criteria for me. A +8-point modifier lift comes primarily from M1 — bridging government and civil society is something I value distinctly from pure-government or pure-civil-society work."
285,Vote for Policies,https://voteforpolicies.org.uk,37.0,29.0,8,0.87,MEDIUM,LOW,criteria,"Vote for Policies describes itself as ""Compare political party policies without knowing which party they belong to, helping"" — the score reflects modest evidence across criteria — some policy relevance but limited government deployment, no strong affected-population focus, and little creative industries dimension — the three highest-weight criteria for me. A +8-point modifier reflects open-infrastructure and cross-sector bridging alignment, even without a dominant single modifier."
286,Local Intelligence Hub,https://www.localintelligencehub.com,37.0,29.0,8,1.0,MEDIUM,LOW,criteria,"Local Intelligence Hub describes itself as ""Data platform for analyzing local MPs, constituencies, public opinion and climate/nature"" — the score reflects modest evidence across criteria — some policy relevance but limited government deployment, no strong affected-population focus, and little creative industries dimension — the three highest-weight criteria for me. A +8-point modifier reflects open-infrastructure and cross-sector bridging alignment, even without a dominant single modifier."
287,OpenAudience,https://openaudience.org,36.5,25.5,11,0.87,MEDIUM,LOW,criteria,"OpenAudience describes itself as ""Understand your audience using open data by analyzing postcodes and output areas"" — the score reflects modest evidence across criteria — some policy relevance but limited government deployment, no strong affected-population focus, and little creative industries dimension — the three highest-weight criteria for me. A +11-point modifier reflects open-infrastructure and cross-sector bridging alignment, even without a dominant single modifier."
288,Community Tech,https://www.communitytech.network,36.5,25.5,11,0.87,MEDIUM,LOW,criteria,"Community Tech describes itself as ""Technology built with, by and for communities that is locally accountable and creates"" — the score reflects modest evidence across criteria — some policy relevance but limited government deployment, no strong affected-population focus, and little creative industries dimension — the three highest-weight criteria for me. A +11-point modifier reflects open-infrastructure and cross-sector bridging alignment, even without a dominant single modifier."
289,Worker Info Exchange,https://www.workerinfoexchange.org,36.4,28.4,8,0.93,MEDIUM,LOW,criteria,"Worker Info Exchange describes itself as ""Platform connecting workers with information about labor rights, workplace conditions"" — the score reflects modest evidence across criteria — some policy relevance but limited government deployment, no strong affected-population focus, and little creative industries dimension — the three highest-weight criteria for me. A +8-point modifier reflects open-infrastructure and cross-sector bridging alignment, even without a dominant single modifier."
290,PostBug,https://postbug.com,36.1,25.1,11,0.87,MEDIUM,LOW,criteria,"PostBug describes itself as ""Send printed postcards to people in power"" — the score reflects modest evidence across criteria — some policy relevance but limited government deployment, no strong affected-population focus, and little creative industries dimension — the three highest-weight criteria for me. A +11-point modifier reflects open-infrastructure and cross-sector bridging alignment, even without a dominant single modifier."
291,Turbo Phonebank,https://turbophonebank.com,36.1,25.1,11,0.87,MEDIUM,LOW,criteria,"Turbo Phonebank describes itself as ""A free phonebank platform that turns Google Sheets into phonebanks and textbanks with"" — the score reflects modest evidence across criteria — some policy relevance but limited government deployment, no strong affected-population focus, and little creative industries dimension — the three highest-weight criteria for me. A +11-point modifier reflects open-infrastructure and cross-sector bridging alignment, even without a dominant single modifier."
292,Idealist,https://idealist.org,35.5,27.5,8,0.87,MEDIUM,LOW,criteria,"Idealist describes itself as ""Global platform connecting millions of people with social-impact jobs, volunteer"" — its Global reach earns the cross-jurisdictional bonus under Criterion 7, though at 6 points that's only the tiebreaker — the main weight comes from how well it serves its primary users in practice. A +8-point modifier reflects open-infrastructure and cross-sector bridging alignment, even without a dominant single modifier."
293,Riseup,https://riseup.net,35.5,24.5,11,0.93,MEDIUM,LOW,criteria,"Riseup describes itself as ""Secure online communication tools for people and groups working on liberatory social"" — its Global, but subject to varying national laws reach earns the cross-jurisdictional bonus under Criterion 7, though at 6 points that's only the tiebreaker — the main weight comes from how well it serves its primary users in practice. A +11-point modifier reflects open-infrastructure and cross-sector bridging alignment, even without a dominant single modifier."
294,AISafety.info,https://aisafety.info,34.5,23.5,11,1.0,MEDIUM,LOW,criteria,"AISafety.info describes itself as ""Educational resource on AI safety risks and how to help ensure beneficial AI outcomes"" — its international reach earns the cross-jurisdictional bonus under Criterion 7, though at 6 points that's only the tiebreaker — the main weight comes from how well it serves its primary users in practice. A +11-point modifier reflects open-infrastructure and cross-sector bridging alignment, even without a dominant single modifier."
295,DeepSeek-V3,https://github.com/deepseek-ai/deepseek-v3,34.5,26.5,8,0.93,MEDIUM,HIGH,criteria,"DeepSeek-V3 describes itself as ""A Mixture-of-Experts language model with 671B total parameters optimized for efficient"" — its International reach earns the cross-jurisdictional bonus under Criterion 7, though at 6 points that's only the tiebreaker — the main weight comes from how well it serves its primary users in practice. A +8-point modifier reflects open-infrastructure and cross-sector bridging alignment, even without a dominant single modifier. This is a HIGH popularity-risk flag: it's a well-known project, so I want to be explicit that the score reflects my criteria, not recognition — visibility neither inflated nor deflated it."
296,GRIM (Global Risk Simulator),https://github.com/sentinelteam/grim,34.4,29.4,5,1.0,MEDIUM,HIGH,criteria,"GRIM (Global Risk Simulator) describes itself as ""AI Wargamer and Global Risk Simulator — a Telegram bot for simulating and role-playing"" — its global reach earns the cross-jurisdictional bonus under Criterion 7, though at 6 points that's only the tiebreaker — the main weight comes from how well it serves its primary users in practice. A modest +5-point modifier adjustment reflects partial alignment with my value modifiers — not a decisive factor, but a consistent one. This is a HIGH popularity-risk flag: it's a well-known project, so I want to be explicit that the score reflects my criteria, not recognition — visibility neither inflated nor deflated it."
297,Turkopticon,https://turkopticon.ucsd.edu,34.4,31.4,3,0.93,LOW,MEDIUM,criteria,"Turkopticon describes itself as ""Worker-led platform organizing mutual aid and advocacy for Amazon Mechanical Turk workers"" — its International, focused on Amazon Mechanical Turk platform reach earns the cross-jurisdictional bonus under Criterion 7, though at 6 points that's only the tiebreaker — the main weight comes from how well it serves its primary users in practice. In practice: turkopticon addresses digital rights and online freedoms. Worker-led platform organizing mutual aid and advocacy for Amazon Mechanical Turk workers."
298,Democracy Club Developer API,https://developers.democracyclub.org.uk/api/v1,34.3,33.3,1,1.0,LOW,LOW,criteria,"Democracy Club Developer API describes itself as ""API for accessing ballots, candidates and polling stations data"" — the low score reflects limited evidence of government deployment, no clear affected-population focus, and no creative industries dimension — the criteria carrying the most weight in my constitution. In practice: democracy Club Developer API addresses civic technology. API for accessing ballots, candidates and polling stations data."
299,Hand-Written Petition Scanner,https://hand-written-petition-scanner.streamlit.app,33.5,22.5,11,0.8,MEDIUM,LOW,criteria,"Hand-Written Petition Scanner describes itself as ""Tool for digitizing and analyzing hand-written petitions using optical character"" — its Global (web-based tool) reach earns the cross-jurisdictional bonus under Criterion 7, though at 6 points that's only the tiebreaker — the main weight comes from how well it serves its primary users in practice. A +11-point modifier reflects open-infrastructure and cross-sector bridging alignment, even without a dominant single modifier."
300,Ladder Hub,https://ladderhub.org/,33.5,22.5,11,0.93,MEDIUM,LOW,criteria,"Ladder Hub describes itself as ""A platform for economic mobility and career advancement"" — the low score reflects limited evidence of government deployment, no clear affected-population focus, and no creative industries dimension — the criteria carrying the most weight in my constitution. A +11-point modifier reflects open-infrastructure and cross-sector bridging alignment, even without a dominant single modifier."
301,Citizens Advice Tableau Public Profile,https://public.tableau.com/app/profile/citizensadvice/vizzes,33.5,25.5,8,0.8,MEDIUM,LOW,criteria,"Citizens Advice Tableau Public Profile describes itself as ""Data visualizations and dashboards tracking advice issues, consumer trends, and client"" — the low score reflects limited evidence of government deployment, no clear affected-population focus, and no creative industries dimension — the criteria carrying the most weight in my constitution. A +8-point modifier reflects open-infrastructure and cross-sector bridging alignment, even without a dominant single modifier."
302,MyActionCenter,https://www.myaction.center,33.5,22.5,11,0.8,MEDIUM,LOW,criteria,"MyActionCenter describes itself as ""Turn your supporters into an activist force through coordinated online actions and"" — its International (Brazil, United States) reach earns the cross-jurisdictional bonus under Criterion 7, though at 6 points that's only the tiebreaker — the main weight comes from how well it serves its primary users in practice. A +11-point modifier reflects open-infrastructure and cross-sector bridging alignment, even without a dominant single modifier."
303,PoliMonitor,https://www.polimonitor.com,33.5,25.5,8,0.8,MEDIUM,MEDIUM,criteria,"PoliMonitor describes itself as ""Political monitoring service enabling organisations to understand, engage and shape"" — the low score reflects limited evidence of government deployment, no clear affected-population focus, and no creative industries dimension — the criteria carrying the most weight in my constitution. A +8-point modifier reflects open-infrastructure and cross-sector bridging alignment, even without a dominant single modifier."
304,meet.coop,https://www.meet.coop,33.3,33.3,0,1.0,LOW,LOW,criteria,"meet.coop describes itself as ""The Online Meeting Cooperative - surveillance-free video conferencing powered by"" — its international reach earns the cross-jurisdictional bonus under Criterion 7, though at 6 points that's only the tiebreaker — the main weight comes from how well it serves its primary users in practice. In practice: meet.coop addresses enabling broader democratic participation and protecting digital rights and privacy."
305,Plausible Analytics,https://plausible.io,33.0,30.0,3,0.93,MEDIUM,HIGH,criteria,"Plausible Analytics describes itself as ""Simple, privacy-friendly Google Analytics alternative"" — the low score reflects limited evidence of government deployment, no clear affected-population focus, and no creative industries dimension — the criteria carrying the most weight in my constitution. This is a HIGH popularity-risk flag: it's a well-known project, so I want to be explicit that the score reflects my criteria, not recognition — visibility neither inflated nor deflated it."
306,Collab.Land,https://collab.land,32.6,21.6,11,0.87,MEDIUM,LOW,criteria,"Collab.Land describes itself as ""Web3 community management platform for token-gated membership verification"" — its International reach earns the cross-jurisdictional bonus under Criterion 7, though at 6 points that's only the tiebreaker — the main weight comes from how well it serves its primary users in practice. A +11-point modifier reflects open-infrastructure and cross-sector bridging alignment, even without a dominant single modifier."
307,Mapped,https://mapped.commonknowledge.coop,32.5,24.5,8,0.93,MEDIUM,LOW,criteria,"Mapped describes itself as ""A tool for organisers and activists to locate their people by constituency and enrich"" — the low score reflects limited evidence of government deployment, no clear affected-population focus, and no creative industries dimension — the criteria carrying the most weight in my constitution. A +8-point modifier reflects open-infrastructure and cross-sector bridging alignment, even without a dominant single modifier."
308,Labour Xchange,https://labourxchange.uk,31.6,20.6,11,0.93,MEDIUM,LOW,criteria,"Labour Xchange describes itself as ""A fair work platform connecting underemployed and flexible workers with employers"" — the low score reflects limited evidence of government deployment, no clear affected-population focus, and no creative industries dimension — the criteria carrying the most weight in my constitution. A +11-point modifier lift comes primarily from M1 — bridging government and civil society is something I value distinctly from pure-government or pure-civil-society work."
309,Mapping.kids,https://mapping.kids,31.2,20.2,11,0.67,MEDIUM,LOW,criteria,"Mapping.kids describes itself as ""A platform for creating and sharing interactive maps for educational purposes"" — its Global reach earns the cross-jurisdictional bonus under Criterion 7, though at 6 points that's only the tiebreaker — the main weight comes from how well it serves its primary users in practice. A +11-point modifier reflects open-infrastructure and cross-sector bridging alignment, even without a dominant single modifier."
310,WorkInCharities,https://www.workincharities.co.uk,31.2,20.2,11,0.8,MEDIUM,LOW,criteria,"WorkInCharities describes itself as ""Job board platform connecting charity and nonprofit sector workers with employment"" — the low score reflects limited evidence of government deployment, no clear affected-population focus, and no creative industries dimension — the criteria carrying the most weight in my constitution. A +11-point modifier reflects open-infrastructure and cross-sector bridging alignment, even without a dominant single modifier."
311,Society for Hopeful Technologists,https://societyforhopefultechnologists.org,29.6,18.6,11,0.93,MEDIUM,LOW,criteria,"Society for Hopeful Technologists describes itself as ""For everyone who wants technologies to work for people and planet."" — the low score reflects limited evidence of government deployment, no clear affected-population focus, and no creative industries dimension — the criteria carrying the most weight in my constitution. A +11-point modifier reflects open-infrastructure and cross-sector bridging alignment, even without a dominant single modifier."
312,Spacetube,https://spacetu.be,29.5,26.5,3,0.87,MEDIUM,LOW,criteria,"Spacetube describes itself as ""Group-to-group chat tool built on Matrix for secure decentralised communication"" — its international reach earns the cross-jurisdictional bonus under Criterion 7, though at 6 points that's only the tiebreaker — the main weight comes from how well it serves its primary users in practice. In practice: spacetube addresses digital rights and online freedoms. Group-to-group chat tool built on Matrix for secure decentralised communication."
313,CivicMatch,https://civicmatch.app,29.2,18.2,11,0.73,MEDIUM,LOW,criteria,"CivicMatch describes itself as ""Connect citizens with civic opportunities and elected representatives"" — the low score reflects limited evidence of government deployment, no clear affected-population focus, and no creative industries dimension — the criteria carrying the most weight in my constitution. A +11-point modifier reflects open-infrastructure and cross-sector bridging alignment, even without a dominant single modifier."
314,The Decelerator,https://decelerator.org.uk,27.2,19.2,8,0.87,MEDIUM,HIGH,criteria,"The Decelerator describes itself as ""A free support service for civil society organisations facing endings — closures"" — the low score reflects limited evidence of government deployment, no clear affected-population focus, and no creative industries dimension — the criteria carrying the most weight in my constitution. A +8-point modifier reflects open-infrastructure and cross-sector bridging alignment, even without a dominant single modifier. This is a HIGH popularity-risk flag: it's a well-known project, so I want to be explicit that the score reflects my criteria, not recognition — visibility neither inflated nor deflated it."
315,Fission Codes,https://github.com/fission-codes/fission-codes,26.5,22.5,4,0.8,MEDIUM,LOW,criteria,"Fission Codes describes itself as ""Status codes for smart contracts powering microservices for Web3"" — the low score reflects limited evidence of government deployment, no clear affected-population focus, and no creative industries dimension — the criteria carrying the most weight in my constitution. A modest +4-point modifier adjustment reflects partial alignment with my value modifiers — not a decisive factor, but a consistent one."
316,Kagi SlopStop,https://blog.kagi.com/slopstop,25.5,25.5,0,1.0,MEDIUM,LOW,criteria,"Kagi SlopStop describes itself as ""Community-driven AI slop detection in Kagi Search — your collective defense against"" — its global reach earns the cross-jurisdictional bonus under Criterion 7, though at 6 points that's only the tiebreaker — the main weight comes from how well it serves its primary users in practice. In practice: kagi SlopStop addresses addressing content moderation and online discourse quality and combating disinformation and media manipulation."
317,Unknown Academic Paper (SSRN 5351275),https://papers.ssrn.com/sol3/papers.cfm?abstract_id=5351275,25,15.3,8,0.33,HIGH,NONE,underdog-protection,Unknown Academic Paper (SSRN 5351275) is a low-profile project with limited documentation — dossier completeness below 0.35 triggers my underdog floor. I apply this floor deliberately: thin evidence shouldn't be read as evidence of thinness — some projects simply lack the visibility of better-resourced peers. I hold this score with HIGH uncertainty and would revise substantially with more operational evidence.
318,,https://tracking-template-38b4c.web.app,25,15.3,8,0.27,HIGH,NONE,underdog-protection, is a low-profile project with limited documentation — dossier completeness below 0.35 triggers my underdog floor. I apply this floor deliberately: thin evidence shouldn't be read as evidence of thinness — some projects simply lack the visibility of better-resourced peers. I hold this score with HIGH uncertainty and would revise substantially with more operational evidence.
319,Keep It In The Community,https://plunkett.my.site.com/keepitinthecommunity/s,23.7,12.7,11,0.8,MEDIUM,LOW,criteria,"Keep It In The Community describes itself as ""A platform for community-driven civic engagement and local resource sharing"" — the low score reflects limited evidence of government deployment, no clear affected-population focus, and no creative industries dimension — the criteria carrying the most weight in my constitution. A +11-point modifier reflects open-infrastructure and cross-sector bridging alignment, even without a dominant single modifier."
320,The List,https://the-list.uk,22.1,24.1,-2,0.93,MEDIUM,LOW,criteria,"The List describes itself as ""Tracking changes to grant-making behaviour of Trusts and Foundations in the UK — By"" — the low score reflects limited evidence of government deployment, no clear affected-population focus, and no creative industries dimension — the criteria carrying the most weight in my constitution. In practice: the List addresses civic technology. Tracking changes to grant-making behaviour of Trusts and Foundations in the UK — By Fundraisers, For Fundraisers."
321,Consciousness Evolution Operating System (ConSoc),https://www.consoc.io,16.9,5.9,11,0.47,MEDIUM,NONE,criteria,"Consciousness Evolution Operating System (ConSoc) describes itself as ""Feel Symbiotic Cooperation"" — the low score reflects limited evidence of government deployment, no clear affected-population focus, and no creative industries dimension — the criteria carrying the most weight in my constitution. A +11-point modifier reflects open-infrastructure and cross-sector bridging alignment, even without a dominant single modifier."
