rank,url,project_name,score,criteria_score,modifier_adj,dossier_completeness,uncertainty,popularity_risk,primary_driver,rationale
1,https://data.mysociety.org,mySociety Datasets and APIs,69.0,59.0,10,0.86,LOW,HIGH,criteria,mySociety Datasets and APIs is structured right — nonprofit/charity — which is exactly what I look forit serves researchers journalists citizens campaigners developers. Note: mySociety Datasets and APIs is well-known enough that this score may partly reflect documentation richness — hold it loosely
2,https://cortico.ai/platform,Cortico,68.4,58.4,10,0.86,LOW,LOW,criteria,Cortico is structured right — nonprofit/charity — which is exactly what I look forits approach to participatory_democracy civic_data aligns with what I value
3,https://liquidfeedback.com,LiquidFeedback,67.9,65.9,2,0.86,LOW,LOW,criteria,LiquidFeedback scores well becauseit serves political parties civil society organisations municipalities
4,https://bonfirenetworks.org,Bonfire,64.9,54.9,10,0.86,LOW,LOW,criteria,"Bonfire — A federated social network for individuals and communities to design, operate an — has elements I value, particularlythe organisational structure earns a +10 boost"
5,https://consulproject.org,CONSUL Democracy,62.3,52.3,10,0.86,LOW,HIGH,criteria,"CONSUL Democracy — The most complete citizen participation tool for an open, transparent and democr — has elements I value, particularlythe organisational structure earns a +10 boost. Note: CONSUL Democracy is well-known enough that this score may partly reflect documentation richness — hold it loosely"
6,https://openheartmind.org,Open Heart Mind (OHM),61.3,51.3,10,0.86,LOW,LOW,criteria,"Open Heart Mind (OHM) — Participatory gatherings and regenerative systems for collective flourishing — d — has elements I value, particularlythe organisational structure earns a +10 boost"
7,https://citizenos.com/platform,Citizen OS,60.6,54.6,6,0.86,LOW,LOW,criteria,"Citizen OS — Secure, free and open-source participation platform for meaningful discussions a — has elements I value, particularlythe organisational structure earns a +6 boost"
8,https://github.com/compdemocracy/polis,Polis,60.6,54.6,6,0.86,LOW,HIGH,criteria,"Polis — Open-source AI-powered platform for large-scale open-ended public feedback and d — has elements I value, particularlythe organisational structure earns a +6 boost. Note: Polis is well-known enough that this score may partly reflect documentation richness — hold it loosely"
9,https://communities.sunlightfoundation.com/methodology,Tactical Data Engagement,60.4,54.4,6,0.86,LOW,HIGH,criteria,"Tactical Data Engagement — A framework for local governments to catalyze resident-centered use of open data — has elements I value, particularlythe organisational structure earns a +6 boost. Note: Tactical Data Engagement is well-known enough that this score may partly reflect documentation richness — hold it loosely"
10,https://opencollective.com,Open Collective,59.6,53.6,6,0.86,LOW,LOW,criteria,"Open Collective — Raise, manage and disburse money with full transparency. — has elements I value, particularlythe organisational structure earns a +6 boost"
11,https://participedia.net,Participedia,59.2,53.2,6,0.86,LOW,LOW,criteria,"Participedia — A global crowdsourcing platform for researchers, activists, practitioners, and a — has elements I value, particularlythe organisational structure earns a +6 boost"
12,https://yourtracka.org,Tracka,59.1,49.1,10,0.86,LOW,LOW,modifier,"Tracka — Monitor the status of federal and state projects in your community and take acti — has elements I value, particularlythe organisational structure earns a +10 boost"
13,https://opendigitalplanning.org,Open Digital Planning,58.8,52.8,6,0.86,LOW,LOW,criteria,"Open Digital Planning — Planning services designed by councils for councils — a community of Local Plann — has elements I value, particularlythe organisational structure earns a +6 boost"
14,https://standards.theodi.org,Open Standards for Data Guidebook,58.8,52.8,6,0.86,LOW,LOW,criteria,"Open Standards for Data Guidebook — Helping people and organisations create, develop and adopt open standards for da — has elements I value, particularlythe organisational structure earns a +6 boost"
15,https://parti.xyz,Parti,58.3,48.3,10,0.86,LOW,LOW,modifier,"Parti — 함께 만드는 워킹그룹, 빠띠 카누 (Together Making Working Groups, Parti Canu) - A platform for — has elements I value, particularlythe organisational structure earns a +10 boost"
16,https://getodk.org,ODK (Open Data Kit),57.6,51.6,6,0.86,LOW,HIGH,criteria,"ODK (Open Data Kit) — Open-source tools for collecting, managing, and using data in resource-constrain — has elements I value, particularlythe organisational structure earns a +6 boost. Note: ODK (Open Data Kit) is well-known enough that this score may partly reflect documentation richness — hold it loosely"
17,https://landexplorer.coop,Land Explorer,57.5,47.5,10,0.86,LOW,LOW,modifier,"Land Explorer — Mapping tools that help communities find, access and manage land for common good — has elements I value, particularlythe organisational structure earns a +10 boost"
18,https://github.com/populatetools,Populate Tools,57.4,51.4,6,0.86,LOW,LOW,criteria,"Populate Tools — Tools for civic engagement — has elements I value, particularlythe organisational structure earns a +6 boost"
19,https://ciudadaniai.org,Fundación Ciudadanía Inteligente,57.1,47.1,10,0.86,LOW,LOW,modifier,"Fundación Ciudadanía Inteligente — Latin American organization fighting for the transformation of democracies throu — has elements I value, particularlythe organisational structure earns a +10 boost"
20,https://www.ushahidi.com,Ushahidi,57.1,47.1,10,0.86,LOW,HIGH,modifier,"Ushahidi — Crowdsourcing Solutions to Empower Communities — has elements I value, particularlythe organisational structure earns a +10 boost. Note: Ushahidi is well-known enough that this score may partly reflect documentation richness — hold it loosely"
21,https://creativecommons.org,Creative Commons,57.0,51.0,6,0.86,LOW,LOW,criteria,"Creative Commons — CC empowers individuals and communities around the world through technical, lega — has elements I value, particularlythe organisational structure earns a +6 boost"
22,https://opensupplyhub.org,Open Supply Hub,56.5,50.5,6,0.86,LOW,LOW,criteria,"Open Supply Hub — A global, open-source platform for supply chain transparency and worker rights — has elements I value, particularlythe organisational structure earns a +6 boost"
23,https://www.shareddigitalguides.org.uk,Shared Digital Guides,56.5,46.5,10,0.86,LOW,LOW,modifier,"Shared Digital Guides — Non-profit organisations share step-by-step guides to using digital tools for so — has elements I value, particularlythe organisational structure earns a +10 boost"
24,https://snowdrift.coop,Snowdrift.coop,56.4,50.4,6,0.86,LOW,LOW,criteria,"Snowdrift.coop — Crowdmatching for public goods — has elements I value, particularlythe organisational structure earns a +6 boost"
25,https://adhocracy.plus,adhocracy+,56.3,46.3,10,0.86,LOW,LOW,modifier,"adhocracy+ — Makes digital democracy easy — for everyone, no matter where. — has elements I value, particularlythe organisational structure earns a +10 boost"
26,https://decidim.org,Decidim,56.3,46.3,10,0.86,LOW,HIGH,modifier,"Decidim — A free/libre, open and safe digital platform for citizen participation. Reprogra — has elements I value, particularlythe organisational structure earns a +10 boost. Note: Decidim is well-known enough that this score may partly reflect documentation richness — hold it loosely"
27,https://www.mysociety.org/climate/neighbourhood-warmth,Neighbourhood Warmth,56.2,46.2,10,0.86,LOW,HIGH,modifier,"Neighbourhood Warmth — A free online platform helping people form teams around shared home energy chall — has elements I value, particularlythe organisational structure earns a +10 boost. Note: Neighbourhood Warmth is well-known enough that this score may partly reflect documentation richness — hold it loosely"
28,https://www.shineyoureye.org,ShineYourEye,56.1,46.1,10,0.86,LOW,LOW,modifier,"ShineYourEye — Making Nigerian politicians accountable through citizen engagement and legislati — has elements I value, particularlythe organisational structure earns a +10 boost"
29,https://github.com/mastodon/mastodon,Mastodon,55.9,45.9,10,0.86,LOW,HIGH,modifier,"Mastodon — Your self-hosted, globally interconnected microblogging community — has elements I value, particularlythe organisational structure earns a +10 boost. Note: Mastodon is well-known enough that this score may partly reflect documentation richness — hold it loosely"
30,https://www.openownership.org,Open Ownership,55.8,45.8,10,0.86,LOW,LOW,modifier,"Open Ownership — Driving global shift towards transparency and accountability in corporate owners — has elements I value, particularlythe organisational structure earns a +10 boost"
31,https://metagov.org/projects/interop,Interoperable Deliberative Tools,55.7,49.7,6,0.86,LOW,LOW,criteria,"Interoperable Deliberative Tools — Homebase for interoperable deliberative tools enabling governance beyond voting  — has elements I value, particularlythe organisational structure earns a +6 boost"
32,https://algorithmwatch.org,AlgorithmWatch,55.2,45.2,10,0.86,LOW,LOW,modifier,"AlgorithmWatch — A non-governmental, non-profit organization based in Berlin and Zurich that figh — has elements I value, particularlythe organisational structure earns a +10 boost"
33,https://www.whatgov.co.uk,WhatGov,55.1,45.1,10,0.86,LOW,LOW,modifier,"WhatGov — Parliament, Clearly — has elements I value, particularlythe organisational structure earns a +10 boost"
34,https://www.loomio.org,Loomio,54.9,44.9,10,0.86,LOW,HIGH,modifier,"Loomio — Make decisions together, without the endless meetings — has elements I value, particularlythe organisational structure earns a +10 boost. Note: Loomio is well-known enough that this score may partly reflect documentation richness — hold it loosely"
35,https://www.open-contracting.org,Open Contracting Partnership,54.8,44.8,10,0.86,LOW,LOW,modifier,"Open Contracting Partnership — Open, fair & efficient public contracting to improve US$2 trillion in annual pub — has elements I value, particularlythe organisational structure earns a +10 boost"
36,https://trends.whotargets.me,Who Targets Me Trends,54.6,44.6,10,0.86,LOW,LOW,modifier,"Who Targets Me Trends — Platform for tracking and analyzing digital political advertising across Meta an — has elements I value, particularlythe organisational structure earns a +10 boost"
37,https://web.archive.org,Internet Archive Wayback Machine,54.6,44.6,10,0.86,LOW,LOW,modifier,"Internet Archive Wayback Machine — Digital archive of the World Wide Web — preserving over 1 trillion web pages sin — has elements I value, particularlythe organisational structure earns a +10 boost"
38,https://civicrm.org,CiviCRM,54.1,48.1,6,0.86,LOW,LOW,criteria,"CiviCRM — Open source constituent relationship management for non-profits, NGOs and advoca — has elements I value, particularlythe organisational structure earns a +6 boost"
39,https://www.hotosm.org,Humanitarian OpenStreetMap Team (HOT),53.9,43.9,10,0.86,LOW,HIGH,modifier,"Humanitarian OpenStreetMap Team (HOT) — Mapping for impact in humanitarian crises and development challenges — has elements I value, particularlythe organisational structure earns a +10 boost. Note: Humanitarian OpenStreetMap Team (HOT) is well-known enough that this score may partly reflect documentation richness — hold it loosely"
40,https://www.localintelligencehub.com,Local Intelligence Hub,53.8,47.8,6,0.86,LOW,LOW,criteria,"Local Intelligence Hub — Data platform for analyzing local MPs, constituencies, public opinion and climat — has elements I value, particularlythe organisational structure earns a +6 boost"
41,https://datacollective.mozillafoundation.org,Mozilla Data Collective,53.6,47.6,6,0.86,LOW,LOW,criteria,"Mozilla Data Collective — Rebuilding the AI data ecosystem with communities at the centre — 470+ high-qual — has elements I value, particularlythe organisational structure earns a +6 boost"
42,https://numfocus.org,NumFOCUS,53.6,47.6,6,0.86,LOW,LOW,criteria,"NumFOCUS — A Nonprofit Supporting Open Code for Better Science — has elements I value, particularlythe organisational structure earns a +6 boost"
43,https://p4ai.net,Principles for Public Participation in Procurement of AI,53.5,47.5,6,0.86,LOW,LOW,criteria,"Principles for Public Participation in Procurement of AI — Framework for public participation in AI procurement decisions — has elements I value, particularlythe organisational structure earns a +6 boost"
44,https://github.com/datakind/data-observation-toolkit,Data Observation Toolkit (DOT),52.8,46.8,6,0.86,LOW,LOW,criteria,"Data Observation Toolkit (DOT) — Open-source toolkit to monitor data integrity and flag problems in public health — has elements I value, particularlythe organisational structure earns a +6 boost"
45,https://newpublic.substack.com/p/introducing-roundabout-built-for,New_ Public Roundabout,52.8,42.8,10,0.86,LOW,LOW,modifier,"New_ Public Roundabout — A community space for neighbors — local digital forum app built from the ground  — has elements I value, particularlythe organisational structure earns a +10 boost"
46,https://policyengine.org/uk,PolicyEngine,52.8,46.8,6,0.86,LOW,LOW,criteria,"PolicyEngine — Open-source policy analysis and simulation platform for tax and benefit systems — has elements I value, particularlythe organisational structure earns a +6 boost"
47,https://www.dfos.com,Democracy Fund Open Source,52.4,46.4,6,0.86,LOW,LOW,criteria,"Democracy Fund Open Source — Open source tools and resources for civic engagement and democratic participatio — has elements I value, particularlythe organisational structure earns a +6 boost"
48,https://www.torproject.org,Tor Project,52.4,46.4,6,0.86,LOW,HIGH,criteria,"Tor Project — Anonymity Online - Advance human rights and defend privacy through free and open — has elements I value, particularlythe organisational structure earns a +6 boost. Note: Tor Project is well-known enough that this score may partly reflect documentation richness — hold it loosely"
49,https://all-our-ideas.citizens.is,All Our Ideas,52.3,46.3,6,0.86,LOW,LOW,criteria,"All Our Ideas — A platform for crowdsourcing ideas and priorities through pairwise comparison vo — has elements I value, particularlythe organisational structure earns a +6 boost"
50,https://alaveteli.org,Alaveteli,52.1,50.1,2,0.86,LOW,HIGH,criteria,"Alaveteli — Run your own Freedom of Information website - An open-source platform for making — has elements I value, particularlythe organisational structure earns a +2 boost. Note: Alaveteli is well-known enough that this score may partly reflect documentation richness — hold it loosely"
51,https://pursuanceproject.org,Pursuance Project,52.1,46.1,6,0.86,LOW,LOW,criteria,"Pursuance Project — Open source software enabling individuals and organizations to collaborate on sh — has elements I value, particularlythe organisational structure earns a +6 boost"
52,https://ecnl.org/publications/framework-meaningful-engagement-20?mc_cid=b1c5158063&mc_eid=a09c64ec38,Framework for Meaningful Engagement 2.0,51.9,45.9,6,0.86,LOW,LOW,criteria,"Framework for Meaningful Engagement 2.0 — Practical suggestions on how to engage civil society and affected communities in — has elements I value, particularlythe organisational structure earns a +6 boost"
53,https://channel.org,Channel.org,51.8,41.8,10,0.86,LOW,LOW,modifier,"Channel.org — Own your Channels, content, and community — has elements I value, particularlythe organisational structure earns a +10 boost"
54,https://matrix.org,Matrix,51.7,41.7,10,0.86,LOW,LOW,modifier,"Matrix — An open standard and network for secure, decentralised, interoperable communicat — has elements I value, particularlythe organisational structure earns a +10 boost"
55,https://github.com/openpolitics/groupthink,Groupthink (OpenPolitics Votebot),51.2,51.2,0,0.86,LOW,LOW,criteria,"Groupthink (OpenPolitics Votebot) — A collaborative democratic platform built atop GitHub, designed for open policym — has elements I value, particularlyit touches on open policymaking collaborative democrac"
56,https://opencouncil.network,Open Council Network,51.1,45.1,6,0.86,LOW,LOW,criteria,"Open Council Network — Makes local government decision-making accessible to everyone through council me — has elements I value, particularlythe organisational structure earns a +6 boost"
57,https://murmurations.network,Murmurations Protocol,50.6,40.6,10,0.86,LOW,LOW,modifier,"Murmurations Protocol — Making movements visible — a distributed data sharing protocol to facilitate col — has elements I value, particularlythe organisational structure earns a +10 boost"
58,https://oneproject.org,One Project,50.6,40.6,10,0.86,LOW,LOW,modifier,"One Project — Building infrastructure for economic democracy — connecting people, organisation — has elements I value, particularlythe organisational structure earns a +10 boost"
59,https://voteforpolicies.org.uk,Vote for Policies,50.6,40.6,10,0.86,LOW,LOW,modifier,"Vote for Policies — Compare political party policies without knowing which party they belong to, hel — has elements I value, particularlythe organisational structure earns a +10 boost"
60,https://aleph.occrp.org,Aleph (OCCRP),50.5,40.5,10,0.86,LOW,LOW,modifier,"Aleph (OCCRP) — The global archive of research material for investigative reporting. Follow the  — has elements I value, particularlythe organisational structure earns a +10 boost"
61,https://fullfact.org/ai,Full Fact AI,50.5,40.5,10,0.86,LOW,LOW,modifier,"Full Fact AI — Scalable, robust software designed for fact checkers to identify the most import — has elements I value, particularlythe organisational structure earns a +10 boost"
62,https://www.campaigntracker.nl/en,Campaign Tracker,50.5,40.5,10,0.86,LOW,LOW,modifier,"Campaign Tracker — Platform for tracking and analyzing political campaign spending and advertising  — has elements I value, particularlythe organisational structure earns a +10 boost"
63,https://ddocs.new,dDocs,50.2,50.2,0,0.86,LOW,LOW,criteria,"dDocs — Decentralized documentation platform for civic and open governance — has elements I value, particularlyit touches on Government Transparency Open Data Civic"
64,https://www.whatdotheyknow.com,WhatDoTheyKnow,50.1,44.1,6,0.86,LOW,LOW,criteria,"WhatDoTheyKnow — Make freedom of information requests and see responses from UK public authoritie — has elements I value, particularlythe organisational structure earns a +6 boost"
65,https://membersinterests.org.uk,Members' Interests,49.9,43.9,6,0.86,LOW,LOW,criteria,"Members' Interests (Database of UK Members of Parliament financial interests and) sits in a grey zone for me —the primary users (journalists researchers campaigners parliamentaria) are professionals, not the underserved populations I weight highest"
66,https://activisthandbook.org,Activist Handbook,49.8,43.8,6,0.86,LOW,LOW,criteria,"Activist Handbook (Campaigning guides for activists) sits in a grey zone for me —the alignment with my core criteria (governance, underserved users) is partial at best"
67,https://ckan.org,CKAN,49.8,43.8,6,0.86,LOW,HIGH,criteria,"CKAN (The world's leading open source data management system for p) sits in a grey zone for me —the primary users (government organizations enterprise organizations ) are professionals, not the underserved populations I weight highest"
68,https://okfn.org/en/projects/open-data-editor,Open Data Editor (ODE),49.8,43.8,6,0.86,LOW,HIGH,criteria,"Open Data Editor (ODE) (A no-code desktop app for error-free spreadsheets with guara) sits in a grey zone for me —the primary users (nonprofits data journalists activists public serva) are professionals, not the underserved populations I weight highest"
69,https://idealist.org,Idealist,49.7,43.7,6,0.86,LOW,LOW,criteria,"Idealist (Global platform connecting millions of people with social-im) sits in a grey zone for me —the primary users (job seekers nonprofit professionals volunteers non) are professionals, not the underserved populations I weight highest"
70,https://secfirst.org,Security First / Umbrella,49.5,43.5,6,0.86,LOW,LOW,criteria,"Security First / Umbrella (Free, open source digital and physical security handbook app) sits in a grey zone for me —the alignment with my core criteria (governance, underserved users) is partial at best"
71,https://www.opensanctions.org,OpenSanctions,49.4,49.4,0,0.86,LOW,LOW,criteria,"OpenSanctions (Supreme Data on Supreme Leaders - open source sanctions and ) sits in a grey zone for me —the primary users (investigators companies technologists financial in) are professionals, not the underserved populations I weight highest"
72,https://www.workerinfoexchange.org,Worker Info Exchange,49.4,39.4,10,0.86,LOW,LOW,modifier,"Worker Info Exchange (Platform connecting workers with information about labor rig) sits in a grey zone for me —the primary users (workers labor advocates researchers labor organiza) are professionals, not the underserved populations I weight highest"
73,https://civiclick.com,CiviClick,49.3,43.3,6,0.86,LOW,LOW,criteria,"CiviClick (Grassroots advocacy software platform that personalizes advo) sits in a grey zone for me —the primary users (public affairs professionals nonprofits associatio) are professionals, not the underserved populations I weight highest"
74,https://www.govtrack.us,GovTrack.us,49.1,43.1,6,0.86,LOW,HIGH,criteria,"GovTrack.us (Tracking the U.S. Congress and the White House to make a mor) sits in a grey zone for me —the primary users (citizens journalists researchers educators advocat) are professionals, not the underserved populations I weight highest"
75,https://www.meet.coop,meet.coop,49.1,39.1,10,0.86,LOW,LOW,modifier,"meet.coop (The Online Meeting Cooperative - surveillance-free video con) sits in a grey zone for me —the alignment with my core criteria (governance, underserved users) is partial at best"
76,https://www.theyworkforyou.com,TheyWorkForYou,49.1,43.1,6,0.86,LOW,LOW,criteria,"TheyWorkForYou (Hansard and Official Reports for the UK Parliament, Scottish) sits in a grey zone for me —the primary users (citizens researchers journalists campaigners parli) are professionals, not the underserved populations I weight highest"
77,https://ladderhub.org,Ladder Hub,49.0,39.0,10,0.86,LOW,LOW,modifier,"Ladder Hub (A platform for economic mobility and career advancement) sits in a grey zone for me —the alignment with my core criteria (governance, underserved users) is partial at best"
78,https://thecircuit.cc,The Circuit,49.0,49.0,0,0.86,LOW,LOW,criteria,"The Circuit (A data-driven collaborative journalism investigation into Co) sits in a grey zone for me —the primary users (Cook County residents criminal defendants journali) are professionals, not the underserved populations I weight highest"
79,https://www.agenciesforgood.org,Agencies for Good,49.0,43.0,6,0.86,LOW,LOW,criteria,"Agencies for Good (A community of tech for good agencies, consultancies and fre) sits in a grey zone for me —the alignment with my core criteria (governance, underserved users) is partial at best"
80,https://developers.democracyclub.org.uk/api/v1,Democracy Club Developer API,48.9,38.9,10,0.86,LOW,HIGH,modifier,"Democracy Club Developer API (API for accessing ballots, candidates and polling stations d) sits in a grey zone for me —the alignment with my core criteria (governance, underserved users) is partial at best"
81,https://parliamentwatch.ug,Parliament Watch Uganda,48.9,42.9,6,0.86,LOW,LOW,criteria,"Parliament Watch Uganda (Monitor and track the Ugandan Parliament with data and exper) sits in a grey zone for me —the primary users (citizens in Uganda researchers journalists civil s) are professionals, not the underserved populations I weight highest"
82,https://thegovernmentsays.com,The Government Says,48.9,42.9,6,0.86,LOW,LOW,criteria,"The Government Says (Real-time aggregation and monitoring of UK government press ) sits in a grey zone for me —the primary users (journalists researchers citizens campaigners media) are professionals, not the underserved populations I weight highest"
83,https://meta.wikimedia.org/wiki/abstract_wikipedia,Abstract Wikipedia,48.8,42.8,6,0.86,LOW,HIGH,criteria,"Abstract Wikipedia (A Wikimedia project to create a language-independent layer o) sits in a grey zone for me —the primary users (civic technology researchers members of the public) are professionals, not the underserved populations I weight highest"
84,https://openaccess.transparency.org.uk,Open Access – Transparency International UK,48.8,42.8,6,0.86,LOW,LOW,criteria,"Open Access – Transparency International UK (Platform providing access to corporate transparency data and) sits in a grey zone for me —the primary users (journalists researchers civil society organization) are professionals, not the underserved populations I weight highest"
85,https://tech-coops.xyz,Tech Coops List,48.8,38.8,10,0.86,LOW,LOW,modifier,"Tech Coops List (A curated directory and resource hub for worker-owned techno) sits in a grey zone for me —the alignment with my core criteria (governance, underserved users) is partial at best"
86,https://local-deep-researcher-hnmh.vercel.app,Local Deep Researcher,48.1,42.1,6,0.86,LOW,LOW,criteria,"Local Deep Researcher (A research tool for investigating local issues and civic eng) sits in a grey zone for me —the primary users (Civic researchers Local government advocates Commu) are professionals, not the underserved populations I weight highest"
87,https://cobudget.com,Cobudget,48.0,38.0,10,0.86,LOW,LOW,modifier,"Cobudget (Bring people, ideas and money together, encouraging particip) sits in a grey zone for me —the primary users (networked organizations professional networks gran) are professionals, not the underserved populations I weight highest"
88,https://coops.tech,CoTech,48.0,38.0,10,0.86,LOW,LOW,modifier,"CoTech (A UK-wide network of cooperative technology companies buildi) sits in a grey zone for me —the alignment with my core criteria (governance, underserved users) is partial at best"
89,https://www.givefood.org.uk,Give Food,48.0,38.0,10,0.86,LOW,LOW,modifier,"Give Food (UK charity using data to highlight and alleviate local food ) sits in a grey zone for me —the primary users (citizens food banks journalists researchers campai) are professionals, not the underserved populations I weight highest"
90,https://littlesis.org,LittleSis,47.9,37.9,10,0.86,LOW,LOW,modifier,"LittleSis (Free database of who-knows-who at the heights of business an) sits in a grey zone for me —the primary users (researchers activists journalists organizers socia) are professionals, not the underserved populations I weight highest"
91,https://securedrop.org,SecureDrop,47.9,45.9,2,0.86,LOW,LOW,criteria,"SecureDrop (Open source whistleblower submission system for secure anony) sits in a grey zone for me —the alignment with my core criteria (governance, underserved users) is partial at best"
92,https://www.oporaua.org,ОПОРА (Opora),47.9,41.9,6,0.86,LOW,LOW,criteria,"ОПОРА (Opora) (Ukrainian civic network for election monitoring, democratic ) sits in a grey zone for me —the primary users (citizens in Ukraine election observers researchers) are professionals, not the underserved populations I weight highest"
93,https://www.communitytech.network,Community Tech,47.8,41.8,6,0.86,LOW,LOW,criteria,"Community Tech (Technology built with, by and for communities that is locall) sits in a grey zone for me —the alignment with my core criteria (governance, underserved users) is partial at best"
94,https://sourceafrica.net,sourceAFRICA,47.3,41.3,6,0.86,LOW,LOW,criteria,"sourceAFRICA (Africa's premier repository for actionable documents) sits in a grey zone for me —the alignment with my core criteria (governance, underserved users) is partial at best"
95,https://guardianproject.info,Guardian Project,47.2,45.2,2,0.86,LOW,LOW,criteria,"Guardian Project (Secure, privacy-enhancing mobile applications and tools for ) sits in a grey zone for me —the alignment with my core criteria (governance, underserved users) is partial at best"
96,https://openparliament.ca,openparliament.ca,47.2,47.2,0,0.86,LOW,LOW,criteria,"openparliament.ca (Making it easy to find out what your representatives in Otta) sits in a grey zone for me —the primary users (Canadian citizens journalists researchers advocacy) are professionals, not the underserved populations I weight highest"
97,https://collaborative-data.theodi.org,Collaborative Data Patterns,47.0,41.0,6,0.86,LOW,LOW,criteria,"Collaborative Data Patterns (A guidebook for designing and running projects involving col) sits in a grey zone for me —the alignment with my core criteria (governance, underserved users) is partial at best"
98,https://joss.theoj.org,Journal of Open Source Software,46.7,40.7,6,0.86,LOW,LOW,criteria,"Journal of Open Source Software (A developer friendly, open access journal for research softw) sits in a grey zone for me —the primary users (Software developers Researchers Open source commun) are professionals, not the underserved populations I weight highest"
99,https://commonslibrary.org,The Commons Social Change Library,46.6,40.6,6,0.86,LOW,LOW,criteria,"The Commons Social Change Library (Free digital library of 1500+ educational resources for acti) sits in a grey zone for me —the alignment with my core criteria (governance, underserved users) is partial at best"
100,https://github.com/geeksforsocialchange/placecal,PlaceCal,46.6,40.6,6,0.86,LOW,LOW,criteria,"PlaceCal (Bring your community together) sits in a grey zone for me —the alignment with my core criteria (governance, underserved users) is partial at best"
101,https://github.com/huridocs,HURIDOCS,46.6,44.6,2,0.86,LOW,LOW,criteria,"HURIDOCS (HURIDOCS equips human rights defenders with tools to mobilis) sits in a grey zone for me —the alignment with my core criteria (governance, underserved users) is partial at best"
102,https://www.fixmystreet.com,FixMyStreet,46.6,40.6,6,0.86,LOW,HIGH,criteria,"FixMyStreet (Report, view, and discuss local street problems with UK coun) sits in a grey zone for me —the alignment with my core criteria (governance, underserved users) is partial at best"
103,https://github.com/disarmfoundation/disarmframeworks,DISARM Frameworks,46.5,36.5,10,0.86,LOW,LOW,modifier,"DISARM Frameworks (Master copies of the DISARM disinformation TTP frameworks fo) sits in a grey zone for me —the primary users (disinformation researchers government counter-infl) are professionals, not the underserved populations I weight highest"
104,https://github.com/kazad/pastecal,Pastecal,46.4,50.4,-4,0.86,LOW,LOW,criteria,Pastecal (Zero-login shared calendar for collaborative scheduling with) sits in a grey zone for me —the commercial structure raises questions about who really benefits
105,https://mapit.mysociety.org,MapIt,46.1,40.1,6,0.86,LOW,HIGH,criteria,"MapIt (Match postcodes and geographical points to administrative ar) sits in a grey zone for me —the alignment with my core criteria (governance, underserved users) is partial at best"
106,https://dovetail.network,Dovetail,46.0,36.0,10,0.86,LOW,LOW,modifier,"Dovetail (Helps non-profits find a digital partner that fits) sits in a grey zone for me —the alignment with my core criteria (governance, underserved users) is partial at best"
107,https://github.com/i-dot-ai/awesome-gov-datasets,Awesome UK Government Datasets,46.0,46.0,0,0.86,LOW,LOW,criteria,"Awesome UK Government Datasets (A curated list of references to useful UK Government dataset) sits in a grey zone for me —the primary users (data scientists civic technology researchers gover) are professionals, not the underserved populations I weight highest"
108,https://openprocurement.io,OpenProcurement,45.9,49.9,-4,0.86,LOW,LOW,criteria,OpenProcurement (Open source e-procurement toolkit powering transparent publi) sits in a grey zone for me —the commercial structure raises questions about who really benefits
109,https://civictech.guide,Civic Tech Field Guide,45.8,39.8,6,0.86,LOW,HIGH,criteria,"Civic Tech Field Guide (The world's largest collection of projects using tech for th) sits in a grey zone for me —the primary users (civic tech practitioners nonprofits social good or) are professionals, not the underserved populations I weight highest"
110,https://fairbnb.coop,Fairbnb.coop,45.6,39.6,6,0.86,LOW,LOW,criteria,"Fairbnb.coop (Community powered tourism platform) sits in a grey zone for me —the alignment with my core criteria (governance, underserved users) is partial at best"
111,https://globalfactcheck.bot,Global Fact-Check Bot (GFC),45.5,39.5,6,0.86,LOW,LOW,criteria,"Global Fact-Check Bot (GFC) (A pioneering AI platform that empowers fact-checkers and cit) sits in a grey zone for me —the alignment with my core criteria (governance, underserved users) is partial at best"
112,https://nyaaya.org,Nyaaya,45.5,39.5,6,0.86,LOW,LOW,criteria,"Nyaaya (India's Laws Explained — open access legal information for e) sits in a grey zone for me —the alignment with my core criteria (governance, underserved users) is partial at best"
113,https://orcid.org,ORCID,45.5,35.5,10,0.86,LOW,LOW,modifier,"ORCID (A persistent digital identifier for researchers to distingui) sits in a grey zone for me —the primary users (researchers academics scientists institutions publ) are professionals, not the underserved populations I weight highest"
114,https://openletter.earth,Open Letter,45.4,39.4,6,0.86,LOW,LOW,criteria,"Open Letter (Platform for creating and signing open letters to effect civ) sits in a grey zone for me —the alignment with my core criteria (governance, underserved users) is partial at best"
115,https://turkopticon.ucsd.edu,Turkopticon,45.4,35.4,10,0.86,LOW,LOW,modifier,"Turkopticon (Worker-led platform organizing mutual aid and advocacy for A) sits in a grey zone for me —the alignment with my core criteria (governance, underserved users) is partial at best"
116,https://github.com/g0v/vue.vtaiwan.tw,vTaiwan,45.3,45.3,0,0.86,LOW,LOW,criteria,"vTaiwan (Taiwan's open digital democracy platform for collaborative o) sits in a grey zone for me —the alignment with my core criteria (governance, underserved users) is partial at best"
117,https://www.opencrvs.org,OpenCRVS,44.8,42.8,2,0.86,LOW,HIGH,criteria,"OpenCRVS (Open source digital civil registration and vital statistics ) sits in a grey zone for me —the alignment with my core criteria (governance, underserved users) is partial at best"
118,https://github.com/radicalxchange/rxc-voice,RxC Voice,44.6,38.6,6,0.86,LOW,LOW,criteria,"RxC Voice (An app for decentralized democratic governance leveraging Qu) sits in a grey zone for me —the primary users (engaged citizens civic technology researchers dece) are professionals, not the underserved populations I weight highest"
119,https://quadraticvote.radicalxchange.org,RxC Quadratic Voting,44.6,38.6,6,0.86,LOW,LOW,criteria,"RxC Quadratic Voting (An easy tool to host a quadratic vote. Quadratic Voting is t) sits in a grey zone for me —the alignment with my core criteria (governance, underserved users) is partial at best"
120,https://github.com/bellingcat/edgar,EDGAR,44.5,34.5,10,0.86,LOW,LOW,modifier,"EDGAR (Tool for the retrieval of corporate and financial data from ) sits in a grey zone for me —the primary users (journalists researchers investigators) are professionals, not the underserved populations I weight highest"
121,https://public.tableau.com/app/profile/citizensadvice/vizzes,Citizens Advice Tableau Public Profile,44.5,38.5,6,0.86,LOW,LOW,criteria,"Citizens Advice Tableau Public Profile (Data visualizations and dashboards tracking advice issues, c) sits in a grey zone for me —the primary users (members of the public seeking government informati) are professionals, not the underserved populations I weight highest"
122,https://github.com/podemos-info/participa,Participa (Podemos),44.4,44.4,0,0.86,LOW,LOW,criteria,"Participa (Podemos) (Unified census and participation platform for Podemos: votin) sits in a grey zone for me —the alignment with my core criteria (governance, underserved users) is partial at best"
123,https://privacybadger.org,Privacy Badger,44.4,42.4,2,0.86,LOW,LOW,criteria,"Privacy Badger (A free browser extension made by EFF to stop companies from ) sits in a grey zone for me —the alignment with my core criteria (governance, underserved users) is partial at best"
124,https://bellingcat.gitbook.io/toolkit,Bellingcat Online Investigation Toolkit,44.3,38.3,6,0.86,LOW,LOW,criteria,"Bellingcat Online Investigation Toolkit (A toolkit for open source researchers - your place to discov) sits in a grey zone for me —the primary users (investigative journalists fact-checkers human righ) are professionals, not the underserved populations I weight highest"
125,https://www.globaleaks.org,GlobaLeaks,44.3,38.3,6,0.86,LOW,LOW,criteria,"GlobaLeaks (Free and open-source whistleblowing software enabling secure) sits in a grey zone for me —the alignment with my core criteria (governance, underserved users) is partial at best"
126,https://climateaction.tech,ClimateAction.Tech,44.1,38.1,6,0.86,LOW,LOW,criteria,"ClimateAction.Tech (Tech workers seeding climate action in companies, organisati) sits in a grey zone for me —the alignment with my core criteria (governance, underserved users) is partial at best"
127,https://publicai.co,Public AI Inference Utility,44.0,34.0,10,0.86,LOW,LOW,modifier,"Public AI Inference Utility (A public access point for public and sovereign AI models) sits in a grey zone for me —the primary users (civic tech developers civic technology researchers) are professionals, not the underserved populations I weight highest"
128,https://the-list.uk,The List,44.0,34.0,10,0.86,LOW,LOW,modifier,"The List (Tracking changes to grant-making behaviour of Trusts and Fou) sits in a grey zone for me —the alignment with my core criteria (governance, underserved users) is partial at best"
129,https://www.watchduty.org,Watch Duty,44.0,34.0,10,0.86,LOW,LOW,modifier,"Watch Duty (Real-time wildfire maps and alerts powered by volunteer firs) sits in a grey zone for me —the alignment with my core criteria (governance, underserved users) is partial at best"
130,https://liberopinion.com,Libertrium,43.8,43.8,0,0.86,LOW,LOW,criteria,"Libertrium (Digital solutions for public administration modernization, c) sits in a grey zone for me —the alignment with my core criteria (governance, underserved users) is partial at best"
131,https://www.demnext.org/projects/delibtech-network,Deliberation & Technology (DelibTech) Network,43.8,37.8,6,0.86,LOW,LOW,criteria,"Deliberation & Technology (DelibTech) Network (International network of technologists and practitioners bui) sits in a grey zone for me —the alignment with my core criteria (governance, underserved users) is partial at best"
132,https://farmerchat.digitalgreen.org,FarmerChat,43.7,37.7,6,0.86,LOW,LOW,criteria,"FarmerChat (AI-powered conversational platform providing agricultural ad) sits in a grey zone for me —the alignment with my core criteria (governance, underserved users) is partial at best"
133,https://charitydigitalskills.co.uk,Charity Digital Skills Report,43.6,37.6,6,0.86,LOW,LOW,criteria,"Charity Digital Skills Report (Annual survey tracking digital and AI adoption, skills, and ) sits in a grey zone for me —the primary users (charity sector professionals nonprofit staff trust) are professionals, not the underserved populations I weight highest"
134,https://plunkett.my.site.com/keepitinthecommunity/s,Keep It In The Community,43.6,37.6,6,0.86,LOW,LOW,criteria,"Keep It In The Community (A platform for community-driven civic engagement and local r) sits in a grey zone for me —the alignment with my core criteria (governance, underserved users) is partial at best"
135,https://upgrader.gapminder.org,Gapminder Worldview Upgrader,43.5,33.5,10,0.86,LOW,LOW,modifier,"Gapminder Worldview Upgrader (Important stuff most people get wrong — a free educational t) sits in a grey zone for me —the alignment with my core criteria (governance, underserved users) is partial at best"
136,https://developer.parliament.uk,UK Parliament Developer Portal,43.4,43.4,0,0.86,LOW,LOW,criteria,"UK Parliament Developer Portal (APIs and data for accessing UK Parliament information) sits in a grey zone for me —the primary users (Developers Civic Tech Community Researchers Citize) are professionals, not the underserved populations I weight highest"
137,https://expo.diia.gov.ua,Diia,43.1,37.1,6,0.86,LOW,LOW,criteria,"Diia (Ukraine's digital government ecosystem: mobile app, portal, ) sits in a grey zone for me —the alignment with my core criteria (governance, underserved users) is partial at best"
138,https://benefits-calculator.turn2us.org.uk,Turn2us Benefits Calculator,43.0,37.0,6,0.86,LOW,HIGH,criteria,"Turn2us Benefits Calculator (Online tool to help people identify welfare benefits they ma) sits in a grey zone for me —the alignment with my core criteria (governance, underserved users) is partial at best"
139,https://entitledto.co.uk,Entitledto,43.0,37.0,6,0.86,LOW,LOW,criteria,"Entitledto (Free online benefits calculator helping UK citizens understa) sits in a grey zone for me —the alignment with my core criteria (governance, underserved users) is partial at best"
140,https://www.writetothem.com,WriteToThem,42.6,36.6,6,0.86,LOW,LOW,criteria,"WriteToThem (Email your Councillor, MP, MSP, MS, MLA or London Assembly M) sits in a grey zone for me —the alignment with my core criteria (governance, underserved users) is partial at best"
141,https://missingnumbers.org,Missing Numbers,42.5,36.5,6,0.86,LOW,LOW,criteria,"Missing Numbers (Investigates and campaigns to close important gaps in UK pub) sits in a grey zone for me —the primary users (journalists researchers campaigners MPs) are professionals, not the underserved populations I weight highest"
142,https://monitormamdani.com,Monitor Mamdani,42.5,42.5,0,0.86,LOW,HIGH,criteria,"Monitor Mamdani (Live NYC Mayor Tracking Dashboard monitoring Zohran Mamdani') sits in a grey zone for me —the primary users (voters researchers) are professionals, not the underserved populations I weight highest"
143,https://civicmatch.app,CivicMatch,42.4,36.4,6,0.86,LOW,LOW,criteria,"CivicMatch (Connect citizens with civic opportunities and elected repres) sits in a grey zone for me —the alignment with my core criteria (governance, underserved users) is partial at best"
144,https://policykit.org,PolicyKit,42.4,42.4,0,0.86,LOW,LOW,criteria,"PolicyKit (An open-source tool for evolving governance in online commun) sits in a grey zone for me —the alignment with my core criteria (governance, underserved users) is partial at best"
145,https://atlasofsurveillance.org,Atlas of Surveillance,42.3,40.3,2,0.86,LOW,LOW,criteria,"Atlas of Surveillance (Documenting Police Tech in Our Communities with Open Source ) sits in a grey zone for me —the primary users (civic technology researchers investigative journal) are professionals, not the underserved populations I weight highest"
146,https://www.consoc.io,Consciousness Evolution Operating System (ConSoc),41.8,35.8,6,0.43,MEDIUM,LOW,criteria,"Consciousness Evolution Operating System (ConSoc) (Feel Symbiotic Cooperation) sits in a grey zone for me —the alignment with my core criteria (governance, underserved users) is partial at best"
147,https://dunadyne.org,Dunadyne,41.6,35.6,6,0.86,LOW,LOW,criteria,"Dunadyne (Collective intelligence platform for forming and organizing ) sits in a grey zone for me —the primary users (Organizations Researchers Data analysts) are professionals, not the underserved populations I weight highest"
148,https://library.theengineroom.org,The Engine Room Library,41.6,35.6,6,0.86,LOW,LOW,criteria,"The Engine Room Library (Open, multilingual research guides on using data and technol) sits in a grey zone for me —the primary users (civil society organisations human rights defenders) are professionals, not the underserved populations I weight highest"
149,https://timecounts.org,Timecounts,41.6,35.6,6,0.86,LOW,LOW,criteria,"Timecounts (The Modern Volunteer Management Solution) sits in a grey zone for me —the alignment with my core criteria (governance, underserved users) is partial at best"
150,https://github.com/stanfordcdt/pb,Stanford Participatory Budgeting Platform,41.4,45.4,-4,0.86,LOW,HIGH,criteria,Stanford Participatory Budgeting Platform (Open-source platform for hosting participatory budgeting ele) sits in a grey zone for me —the commercial structure raises questions about who really benefits
151,https://mapped.commonknowledge.coop,Mapped,41.4,35.4,6,0.86,LOW,LOW,criteria,"Mapped (A tool for organisers and activists to locate their people b) sits in a grey zone for me —the alignment with my core criteria (governance, underserved users) is partial at best"
152,https://fixmyblock.org,FixMyBlock,41.0,35.0,6,0.86,LOW,LOW,criteria,"FixMyBlock (Tried and tested action guides for getting stuff fixed in yo) sits in a grey zone for me —the alignment with my core criteria (governance, underserved users) is partial at best"
153,https://arxiv.org/abs/2005.13701,Modular Politics,40.7,40.7,0,0.86,LOW,LOW,criteria,"Modular Politics (A governance layer framework for building composable, modula) sits in a grey zone for me —the primary users (researchers platform operators online community ma) are professionals, not the underserved populations I weight highest"
154,https://right-to-know.org,Right To Know,40.7,34.7,6,0.86,LOW,LOW,criteria,"Right To Know (A digital toolkit for communities to discover environmental ) sits in a grey zone for me —the alignment with my core criteria (governance, underserved users) is partial at best"
155,https://dogooder.co,DoGooder,40.6,34.6,6,0.86,LOW,LOW,criteria,"DoGooder (Civic engagement and advocacy platform for grassroots campai) sits in a grey zone for me —the alignment with my core criteria (governance, underserved users) is partial at best"
156,https://annas-archive.pm,Anna's Archive,40.3,38.3,2,0.86,LOW,LOW,criteria,"Anna's Archive (A non-profit, open-source digital library preserving access ) sits in a grey zone for me —the primary users (civic technology researchers students and early-ca) are professionals, not the underserved populations I weight highest"
157,https://hact.org.uk/tools-and-services/uk-housing-data-standards,UK Housing Data Standards,40.3,40.3,0,0.86,LOW,LOW,criteria,"UK Housing Data Standards (Sector-developed data standards for UK social housing to imp) sits in a grey zone for me —the alignment with my core criteria (governance, underserved users) is partial at best"
158,https://soweego.readthedocs.io,soweego,40.3,34.3,6,0.86,LOW,LOW,criteria,"soweego (Link Wikidata to large catalogs) sits in a grey zone for me —the alignment with my core criteria (governance, underserved users) is partial at best"
159,https://openreferraluk.org,Open Referral UK,40.2,40.2,0,0.86,LOW,LOW,criteria,"Open Referral UK (The open data standard that makes it easy to publish, find, ) sits in a grey zone for me —the alignment with my core criteria (governance, underserved users) is partial at best"
160,https://github.com/whotargetsme/ad-transparency-standards/blob/main/implement.md,Political Advertising Transparency Data Standard,40.0,34.0,6,0.86,LOW,LOW,criteria,"Political Advertising Transparency Data Standard (A schema standard for how political advertising data is pres) sits in a grey zone for me —the primary users (investigative journalists civic technology researc) are professionals, not the underserved populations I weight highest"
161,https://grantnav.threesixtygiving.org,GrantNav,40.0,34.0,6,0.86,LOW,LOW,criteria,"GrantNav (Search, explore and download grants data published by UK fun) sits in a grey zone for me —the primary users (funders researchers grant recipients civil society) are professionals, not the underserved populations I weight highest"
162,https://www.mastodonc.com,Mastodon C,39.8,39.8,0,0.86,LOW,HIGH,criteria,"Mastodon C (Data science and technology consultancy focused on open data) sits in a grey zone for me —the primary users (government agencies civil society organizations re) are professionals, not the underserved populations I weight highest"
163,https://schema.org,Schema.org,39.7,39.7,0,0.57,MEDIUM,LOW,criteria,"Schema.org (A collaborative, community activity with a mission to create) sits in a grey zone for me —the alignment with my core criteria (governance, underserved users) is partial at best"
164,https://shareyourpaper.org,Shareyourpaper.org,39.6,33.6,6,0.86,LOW,LOW,criteria,"Shareyourpaper.org (Simplest way to legally make academic papers freely availabl) sits in a grey zone for me —the primary users (civic technology researchers academics librarians) are professionals, not the underserved populations I weight highest"
165,https://talktothecity.org,Talk to the City,39.6,43.6,-4,0.86,LOW,LOW,criteria,"Talk to the City (Open-source LLM survey tool to improve collective discourse ) sits in a grey zone for me —the primary users (civic technology researchers engaged citizens poli) are professionals, not the underserved populations I weight highest"
166,https://theodi.org/insights/reports/registers-and-collaboration-making-lists-we-can-trust-report,Registers and collaboration: making lists we can trust,39.5,33.5,6,0.86,LOW,LOW,criteria,"Registers and collaboration: making lists we can trust (A report examining models of stewarding registers and the im) sits in a grey zone for me —the primary users (civic technology researchers data stewards governm) are professionals, not the underserved populations I weight highest"
167,https://ethelo.com,Ethelo,39.1,39.1,0,0.86,LOW,LOW,criteria,"Ethelo (The world's leading group solutions technology — a multi-par) sits in a grey zone for me —the alignment with my core criteria (governance, underserved users) is partial at best"
168,https://www.papertree.earth,Papertree,38.7,38.7,0,0.86,LOW,LOW,criteria,"Papertree (Interactive tree planting data platform for transparent clim) sits in a grey zone for me —the primary users (tree planting organisations climate advocates rese) are professionals, not the underserved populations I weight highest"
169,https://alltechishuman.org/responsible-tech-guide-2025,Responsible Tech Guide 2025,38.5,32.5,6,0.86,LOW,LOW,criteria,"Responsible Tech Guide 2025 (Flagship resource providing information, inspiration, and pa) sits in a grey zone for me —the primary users (technologists policymakers civic technology resear) are professionals, not the underserved populations I weight highest"
170,https://civicpress.io,CivicPress,38.5,38.5,0,0.86,LOW,LOW,criteria,"CivicPress (Open infrastructure for transparent local government) sits in a grey zone for me —the alignment with my core criteria (governance, underserved users) is partial at best"
171,https://violationtrackeruk.goodjobsfirst.org,Violation Tracker UK,38.5,32.5,6,0.86,LOW,LOW,criteria,"Violation Tracker UK (Database tracking corporate violations and enforcement actio) sits in a grey zone for me —the primary users (researchers journalists campaigners citizens polic) are professionals, not the underserved populations I weight highest"
172,https://github.com/sentinelteam/grim,GRIM (Global Risk Simulator),38.4,32.4,6,0.86,LOW,HIGH,criteria,"GRIM (Global Risk Simulator) (AI Wargamer and Global Risk Simulator — a Telegram bot for s) sits in a grey zone for me —the primary users (global catastrophic risk researchers effective alt) are professionals, not the underserved populations I weight highest"
173,https://programs.clearerthinking.org/understanding-your-morality,Understanding Your Morality,38.4,32.4,6,0.86,LOW,LOW,criteria,"Understanding Your Morality (An interactive tool to help people understand their moral va) sits in a grey zone for me —the alignment with my core criteria (governance, underserved users) is partial at best"
174,https://www.myaction.center,MyActionCenter,38.4,32.4,6,0.86,LOW,LOW,criteria,"MyActionCenter (Turn your supporters into an activist force through coordina) sits in a grey zone for me —the alignment with my core criteria (governance, underserved users) is partial at best"
175,https://www.martus.org,Martus,38.3,36.3,2,0.86,LOW,LOW,criteria,"Martus (Free, open source secure information collection and manageme) sits in a grey zone for me —the primary users (human rights activists NGOs civil liberties organi) are professionals, not the underserved populations I weight highest"
176,https://gov.uk/find-local-consultations,Find local consultations,38.1,38.1,0,0.86,LOW,HIGH,criteria,"Find local consultations (A UK government service enabling citizens to discover and pa) sits in a grey zone for me —the alignment with my core criteria (governance, underserved users) is partial at best"
177,https://publicmediastack.com,Public Media Stack,38.0,32.0,6,0.86,LOW,LOW,criteria,"Public Media Stack (A curated research resource mapping software tools and techn) sits in a grey zone for me —the alignment with my core criteria (governance, underserved users) is partial at best"
178,https://unpaywall.org/products/extension,Unpaywall Browser Extension,38.0,32.0,6,0.86,LOW,LOW,criteria,"Unpaywall Browser Extension (Browser extension to find legal, open access versions of aca) sits in a grey zone for me —the primary users (researchers journalists academics students citizen) are professionals, not the underserved populations I weight highest"
179,https://www.wikidata.org,Wikidata,38.0,32.0,6,0.86,LOW,LOW,criteria,"Wikidata (A free and open knowledge base that can be read and edited b) sits in a grey zone for me —the primary users (researchers journalists citizens developers knowle) are professionals, not the underserved populations I weight highest"
180,https://github.com/blacksky-algorithms/rsky,rsky,37.5,37.5,0,0.86,LOW,LOW,criteria,"rsky (An AT Protocol implementation prioritizing community safety ) sits in a grey zone for me —the alignment with my core criteria (governance, underserved users) is partial at best"
181,https://www.sign-in.service.gov.uk,GOV.UK One Login,37.4,37.4,0,0.86,LOW,LOW,criteria,"GOV.UK One Login (Centralized digital identity and authentication platform for) sits in a grey zone for me —the alignment with my core criteria (governance, underserved users) is partial at best"
182,https://logos.co,Logos,36.9,36.9,0,0.86,LOW,LOW,criteria,"Logos (A social movement and decentralised technology stack built t) sits in a grey zone for me —the alignment with my core criteria (governance, underserved users) is partial at best"
183,https://parsethebill.com,Parse The Bill,36.9,36.9,0,0.86,LOW,LOW,criteria,"Parse The Bill (AI-generated overviews of UK parliamentary bills for engaged) sits in a grey zone for me —the primary users (engaged citizens advocacy groups researchers) are professionals, not the underserved populations I weight highest"
184,https://granitt.io,Granitt,36.7,36.7,0,0.86,LOW,LOW,criteria,"Granitt (Government transparency and civic engagement platform) sits in a grey zone for me —the alignment with my core criteria (governance, underserved users) is partial at best"
185,https://humbledata.org,Humble Data Workshop,36.6,36.6,0,0.86,LOW,LOW,criteria,"Humble Data Workshop (Free data science and Python workshops for underrepresented ) sits in a grey zone for me —the alignment with my core criteria (governance, underserved users) is partial at best"
186,https://oa.works,OA.Works,36.5,36.5,0,0.86,LOW,LOW,criteria,"OA.Works (Powerfully simple open access tools for a just and kind info) sits in a grey zone for me —the primary users (researchers librarians funders universities civil ) are professionals, not the underserved populations I weight highest"
187,https://mapping.kids,Mapping.kids,36.4,30.4,6,0.86,LOW,LOW,criteria,"Mapping.kids (A platform for creating and sharing interactive maps for edu) sits in a grey zone for me —the alignment with my core criteria (governance, underserved users) is partial at best"
188,https://yrpri.org,Your Priorities,36.3,36.3,0,0.86,LOW,HIGH,criteria,"Your Priorities (Idea generation, deliberation & decision-making platform for) sits in a grey zone for me —the alignment with my core criteria (governance, underserved users) is partial at best"
189,https://aisafety.info,AISafety.info,36.0,30.0,6,0.86,LOW,LOW,criteria,"AISafety.info (Educational resource on AI safety risks and how to help ensu) sits in a grey zone for me —the primary users (civic technology researchers students and early-ca) are professionals, not the underserved populations I weight highest"
190,https://www.dsc.org.uk/publication/the-guide-to-major-trusts-2025-26,The Guide to Major Trusts 2025/26,36.0,30.0,6,0.86,LOW,LOW,criteria,"The Guide to Major Trusts 2025/26 (UK's definitive directory of over 1,000 largest grant-makers) sits in a grey zone for me —the alignment with my core criteria (governance, underserved users) is partial at best"
191,https://openbudgets.eu,OpenBudgets.eu,35.8,35.8,0,0.86,LOW,LOW,criteria,"OpenBudgets.eu (Upload, visualize, and analyse public budget and spending da) sits in a grey zone for me —the primary users (government agencies journalists data wranglers cit) are professionals, not the underserved populations I weight highest"
192,https://opendatacommunities.org,Open Data Communities,35.8,35.8,0,0.86,LOW,LOW,criteria,"Open Data Communities (Official open data platform from the UK Ministry of Housing,) sits in a grey zone for me —the primary users (researchers citizens in United Kingdom local gover) are professionals, not the underserved populations I weight highest"
193,https://github.com/rahvaalgatus/rahvaalgatus,Rahvaalgatus,35.6,35.6,0,0.86,LOW,LOW,criteria,"Rahvaalgatus (Estonian citizen initiative and e-petition platform) sits in a grey zone for me —the alignment with my core criteria (governance, underserved users) is partial at best"
194,https://granicus.com/uk,Granicus,35.5,35.5,0,0.86,LOW,LOW,criteria,"Granicus (The Citizen Experience Platform for Government) sits in a grey zone for me —the alignment with my core criteria (governance, underserved users) is partial at best"
195,https://wardwatch.uk,WardWatch,35.5,35.5,0,0.86,LOW,LOW,criteria,"WardWatch (AI-powered deep research on councillor performance) sits in a grey zone for me —the primary users (citizens researchers campaigners voters) are professionals, not the underserved populations I weight highest"
196,https://contractsfordatacollaboration.org,Contracts for Data Collaboration,35.3,35.3,0,0.86,LOW,LOW,criteria,"Contracts for Data Collaboration (Strengthening trust, transparency, and accountability in cro) sits in a grey zone for me —the primary users (civic technology researchers policymakers and legi) are professionals, not the underserved populations I weight highest"
197,https://docs.plus,docs.plus,35.1,39.1,-4,0.86,LOW,LOW,criteria,"docs.plus (Free, open-source collaborative documents for organizations) sits in a grey zone for me —the commercial structure raises questions about who really benefits"
198,https://www.mptwitterbios.co.uk,MP Twitter Bios,34.9,34.9,0,0.86,LOW,LOW,criteria,"MP Twitter Bios — Analysis of whether UK Members of Parliament mention their p — is outside what I'd prioritise for a political technology award. The civic_data participatory_democracy space has value, but this project doesn't connect to governance reform, underserved users, or structural accountability in ways my criteria can reward"
199,https://communityrule.info,CommunityRule,34.8,34.8,0,0.86,LOW,LOW,criteria,"CommunityRule — A governance toolkit for great communities — is outside what I'd prioritise for a political technology award. The participatory_democracy govtech space has value, but this project doesn't connect to governance reform, underserved users, or structural accountability in ways my criteria can reward"
200,https://constituteproject.org,Constitute Project,34.8,34.8,0,0.86,LOW,LOW,criteria,"Constitute Project — A comprehensive analysis of the world's constitutions to sup — is outside what I'd prioritise for a political technology award. The participatory_democracy civic_data space has value, but this project doesn't connect to governance reform, underserved users, or structural accountability in ways my criteria can reward"
201,https://dgc-cgn.org/product/can-dgsi-127,CAN/DGSI 127 - Age Assurance Technologies Standard,34.5,34.5,0,0.86,LOW,LOW,criteria,"CAN/DGSI 127 - Age Assurance Technologies Standard — Standard specifying minimum requirements for age assurance t — is outside what I'd prioritise for a political technology award. The govtech emerging_tech digital_rights space has value, but this project doesn't connect to governance reform, underserved users, or structural accountability in ways my criteria can reward"
202,https://www.parallelparliament.co.uk,Parallel Parliament,34.5,34.5,0,0.86,LOW,LOW,criteria,"Parallel Parliament — A comprehensive platform for tracking UK parliamentary legis — is outside what I'd prioritise for a political technology award. The participatory_democracy govtech civic_da space has value, but this project doesn't connect to governance reform, underserved users, or structural accountability in ways my criteria can reward"
203,https://strikemap.org,Strike Map,34.4,34.4,0,0.86,LOW,LOW,criteria,"Strike Map — Interactive mapping platform documenting labor strikes and w — is outside what I'd prioritise for a political technology award. The civic_data advocacy_tech participatory_d space has value, but this project doesn't connect to governance reform, underserved users, or structural accountability in ways my criteria can reward"
204,https://site.urbanistai.com,UrbanistAI,34.3,34.3,0,0.86,LOW,LOW,criteria,"UrbanistAI — The platform to reimagine the future of cities through colle — is outside what I'd prioritise for a political technology award. The participatory_democracy govtech civic_da space has value, but this project doesn't connect to governance reform, underserved users, or structural accountability in ways my criteria can reward"
205,https://radicle.xyz,Radicle,34.1,34.1,0,0.86,LOW,LOW,criteria,"Radicle — A sovereign, peer-to-peer code forge built on Git — is outside what I'd prioritise for a political technology award. The digital_rights emerging_tech space has value, but this project doesn't connect to governance reform, underserved users, or structural accountability in ways my criteria can reward"
206,https://research.localgov.digital,User Research Library,34.1,34.1,0,0.86,LOW,LOW,criteria,"User Research Library — A searchable repository of user research conducted by local  — is outside what I'd prioritise for a political technology award. The govtech civic_data space has value, but this project doesn't connect to governance reform, underserved users, or structural accountability in ways my criteria can reward"
207,https://harmonica.chat,Harmonica,33.7,33.7,0,0.86,LOW,LOW,criteria,"Harmonica — AI-powered facilitation platform for conversational surveys  — is outside what I'd prioritise for a political technology award. The participatory_democracy govtech civic_da space has value, but this project doesn't connect to governance reform, underserved users, or structural accountability in ways my criteria can reward"
208,https://cybersecurityfordemocracy.org,Cybersecurity for Democracy,33.6,33.6,0,0.86,LOW,LOW,criteria,"Cybersecurity for Democracy — A multi-university center for problem-driven research and re — is outside what I'd prioritise for a political technology award. The Cybersecurity Platform Transparency Algo space has value, but this project doesn't connect to governance reform, underserved users, or structural accountability in ways my criteria can reward"
209,https://remembertovote.org.uk,Remember to Vote,33.6,33.6,0,0.86,LOW,LOW,criteria,"Remember to Vote — Free SMS reminder service for polling station locations and  — is outside what I'd prioritise for a political technology award. The participatory_democracy civic_data space has value, but this project doesn't connect to governance reform, underserved users, or structural accountability in ways my criteria can reward"
210,https://www.forms.service.gov.uk,GOV.UK Forms,33.1,33.1,0,0.86,LOW,LOW,criteria,"GOV.UK Forms — Create accessible online forms for UK government without tec — is outside what I'd prioritise for a political technology award. The govtech civic_data space has value, but this project doesn't connect to governance reform, underserved users, or structural accountability in ways my criteria can reward"
211,https://www.mpwatch.org,MP Watch,33.1,33.1,0,0.86,LOW,LOW,criteria,"MP Watch — Uniting People and Politicians for Climate Action — is outside what I'd prioritise for a political technology award. The participatory_democracy advocacy_tech space has value, but this project doesn't connect to governance reform, underserved users, or structural accountability in ways my criteria can reward"
212,https://www.payments.service.gov.uk,GOV.UK Pay,33.1,33.1,0,0.86,LOW,LOW,criteria,"GOV.UK Pay — A payment processing platform for UK public services — is outside what I'd prioritise for a political technology award. The govtech space has value, but this project doesn't connect to governance reform, underserved users, or structural accountability in ways my criteria can reward"
213,https://decelerator.org.uk,The Decelerator,33.0,27.0,6,0.86,LOW,HIGH,modifier,"The Decelerator — A free support service for civil society organisations facin — is outside what I'd prioritise for a political technology award. The advocacy_tech space has value, but this project doesn't connect to governance reform, underserved users, or structural accountability in ways my criteria can reward"
214,https://medium.com/metagov/introducing-the-agreement-engine-bf03b6d5c16c,Agreement Engine,32.8,32.8,0,0.86,LOW,LOW,criteria,"Agreement Engine — A tool for designing and implementing digital governance agr — is outside what I'd prioritise for a political technology award. The participatory_democracy govtech space has value, but this project doesn't connect to governance reform, underserved users, or structural accountability in ways my criteria can reward"
215,https://relationaltechproject.org,Relational Tech Project,32.8,32.8,0,0.86,LOW,LOW,criteria,"Relational Tech Project — Tools crafted by, with, and for neighbors - made to help us  — is outside what I'd prioritise for a political technology award. The participatory_democracy civic_data digit space has value, but this project doesn't connect to governance reform, underserved users, or structural accountability in ways my criteria can reward"
216,https://digitalcharitylab.org/product/digital-account-management-toolkit,Digital Account Management Toolkit,32.0,26.0,6,0.86,LOW,LOW,modifier,"Digital Account Management Toolkit — Free resource to help nonprofits manage social media and dig — is outside what I'd prioritise for a political technology award. The digital_rights cybersecurity space has value, but this project doesn't connect to governance reform, underserved users, or structural accountability in ways my criteria can reward"
217,https://pageviews.wmcloud.org,Pageviews Analysis,32.0,32.0,0,0.86,LOW,LOW,criteria,"Pageviews Analysis — Tool for analyzing and comparing pageview statistics across  — is outside what I'd prioritise for a political technology award. The civic_data media_journalism space has value, but this project doesn't connect to governance reform, underserved users, or structural accountability in ways my criteria can reward"
218,https://github.com/thicknavyrain/uk_elections_leaflets,OpenElections Leaflet Scraper and Parser,31.5,31.5,0,0.86,LOW,LOW,criteria,"OpenElections Leaflet Scraper and Parser — A CampaignLab 2024 Hackathon project to scrape and process U — is outside what I'd prioritise for a political technology award. The civic_data media_journalism advocacy_tec space has value, but this project doesn't connect to governance reform, underserved users, or structural accountability in ways my criteria can reward"
219,https://localinsight.org,Local Insight,31.5,31.5,0,0.86,LOW,LOW,criteria,"Local Insight — Community and Neighbourhood Data Platform — is outside what I'd prioritise for a political technology award. The civic_data govtech space has value, but this project doesn't connect to governance reform, underserved users, or structural accountability in ways my criteria can reward"
220,https://www.polimorphic.com,Polimorphic,31.5,31.5,0,0.86,LOW,LOW,criteria,"Polimorphic — AI-powered platform for service-first government operations  — is outside what I'd prioritise for a political technology award. The govtech civic_data space has value, but this project doesn't connect to governance reform, underserved users, or structural accountability in ways my criteria can reward"
221,https://nookcrm.com,Nook CRM,31.4,31.4,0,0.86,LOW,LOW,criteria,"Nook CRM — The case management tool for community energy, codesigned by — is outside what I'd prioritise for a political technology award. The civic_data space has value, but this project doesn't connect to governance reform, underserved users, or structural accountability in ways my criteria can reward"
222,https://dev.reuselibrary.service.justice.gov.uk,GOV Reuse Library,31.1,31.1,0,0.86,LOW,LOW,criteria,"GOV Reuse Library — Find and reuse digital service elements - Building public se — is outside what I'd prioritise for a political technology award. The govtech civic_data space has value, but this project doesn't connect to governance reform, underserved users, or structural accountability in ways my criteria can reward"
223,https://github.com/notchia/dao-governance-surfaces,DAO Governance Surfaces,31.1,31.1,0,0.86,LOW,LOW,criteria,"DAO Governance Surfaces — Extract and label the governance surface of a set of DAO sma — is outside what I'd prioritise for a political technology award. The govtech civic_data space has value, but this project doesn't connect to governance reform, underserved users, or structural accountability in ways my criteria can reward"
224,https://www.gov.uk/service-manual,Service Manual,31.1,31.1,0,0.86,LOW,LOW,criteria,"Service Manual — Guidance for UK government teams to create and run great pub — is outside what I'd prioritise for a political technology award. The govtech civic_data space has value, but this project doesn't connect to governance reform, underserved users, or structural accountability in ways my criteria can reward"
225,https://www.govocal.com,Go Vocal,31.1,31.1,0,0.86,LOW,LOW,criteria,"Go Vocal — Online community engagement platform for governments — is outside what I'd prioritise for a political technology award. The participatory_democracy govtech space has value, but this project doesn't connect to governance reform, underserved users, or structural accountability in ways my criteria can reward"
226,https://www.notifications.service.gov.uk,GOV.UK Notify,31.1,31.1,0,0.86,LOW,LOW,criteria,"GOV.UK Notify — A free notification service for UK government, local authori — is outside what I'd prioritise for a political technology award. The govtech space has value, but this project doesn't connect to governance reform, underserved users, or structural accountability in ways my criteria can reward"
227,https://www.teachingpublicservice.digital,Teaching Public Service in the Digital Age,31.1,31.1,0,0.86,LOW,LOW,criteria,"Teaching Public Service in the Digital Age — Open-access syllabus and training to equip public servants w — is outside what I'd prioritise for a political technology award. The govtech civic_data space has value, but this project doesn't connect to governance reform, underserved users, or structural accountability in ways my criteria can reward"
228,https://www.workincharities.co.uk,WorkInCharities,31.0,25.0,6,0.86,LOW,LOW,modifier,"WorkInCharities — Job board platform connecting charity and nonprofit sector w — is outside what I'd prioritise for a political technology award. The employment nonprofit sector labor market space has value, but this project doesn't connect to governance reform, underserved users, or structural accountability in ways my criteria can reward"
229,https://www.csail.mit.edu/research/wikum-bridging-discussion-systems-and-wikis-collective-summarization,Wikum,30.8,30.8,0,0.86,LOW,LOW,criteria,"Wikum — Tools for communities to collectively summarize large online — is outside what I'd prioritise for a political technology award. The participatory_democracy civic_data space has value, but this project doesn't connect to governance reform, underserved users, or structural accountability in ways my criteria can reward"
230,https://blog.kagi.com/slopstop,Kagi SlopStop,30.7,30.7,0,0.86,LOW,LOW,criteria,"Kagi SlopStop — Community-driven AI slop detection in Kagi Search — your col — is outside what I'd prioritise for a political technology award. The information quality AI content moderatio space has value, but this project doesn't connect to governance reform, underserved users, or structural accountability in ways my criteria can reward"
231,https://github.com/travisbrown/birdwatch,Community Notes (Birdwatch) Analysis Tool,30.4,30.4,0,0.86,LOW,LOW,criteria,"Community Notes (Birdwatch) Analysis Tool — Metadata repository and analysis tools for X's Community Not — is outside what I'd prioritise for a political technology award. The misinformation platform accountability s space has value, but this project doesn't connect to governance reform, underserved users, or structural accountability in ways my criteria can reward"
232,https://hand-written-petition-scanner.streamlit.app,Hand-Written Petition Scanner,30.4,30.4,0,0.86,LOW,LOW,criteria,"Hand-Written Petition Scanner — Tool for digitizing and analyzing hand-written petitions usi — is outside what I'd prioritise for a political technology award. The participatory_democracy civic_data space has value, but this project doesn't connect to governance reform, underserved users, or structural accountability in ways my criteria can reward"
233,https://riversentiment.app,River Sentiment Dashboard,30.4,30.4,0,0.86,LOW,LOW,criteria,"River Sentiment Dashboard — Displays social media sentiment about rivers alongside ecolo — is outside what I'd prioritise for a political technology award. The civic_data advocacy_tech space has value, but this project doesn't connect to governance reform, underserved users, or structural accountability in ways my criteria can reward"
234,https://esper.com/product,Esper,30.1,30.1,0,0.86,LOW,LOW,criteria,"Esper — End-to-end policy management platform for government agencie — is outside what I'd prioritise for a political technology award. The govtech civic_data space has value, but this project doesn't connect to governance reform, underserved users, or structural accountability in ways my criteria can reward"
235,https://osf.io,Open Science Framework,30.1,30.1,0,0.86,LOW,LOW,criteria,"Open Science Framework — A free, open platform for researchers to collaborate and sha — is outside what I'd prioritise for a political technology award. The civic_data space has value, but this project doesn't connect to governance reform, underserved users, or structural accountability in ways my criteria can reward"
236,https://tracking-template-38b4c.web.app,,30,21.0,0,0.29,HIGH,LOW,underdog-protection,Almost nothing in the dossier for . Underdog floor holds it at 30 rather than burying it for lack of documentation
237,https://github.com/cverluise/patcit,PatCit,29.8,29.8,0,0.86,LOW,LOW,criteria,"PatCit — Making Patent Citations Uncool Again — a comprehensive datas — is outside what I'd prioritise for a political technology award. The innovation policy science and technology space has value, but this project doesn't connect to governance reform, underserved users, or structural accountability in ways my criteria can reward"
238,https://kialo.com,Kialo,29.8,29.8,0,0.86,LOW,LOW,criteria,"Kialo — A platform for structured debate and critical thinking throu — is outside what I'd prioritise for a political technology award. The participatory_democracy civic_data space has value, but this project doesn't connect to governance reform, underserved users, or structural accountability in ways my criteria can reward"
239,https://github.com/vbuterin/dao,The DAO (Standard DAO Framework),29.6,29.6,0,0.86,LOW,LOW,criteria,"The DAO (Standard DAO Framework) — A Standard DAO (Decentralized Autonomous Organization) frame — is outside what I'd prioritise for a political technology award. The emerging_tech participatory_democracy space has value, but this project doesn't connect to governance reform, underserved users, or structural accountability in ways my criteria can reward"
240,https://turbophonebank.com,Turbo Phonebank,29.6,29.6,0,0.86,LOW,LOW,criteria,"Turbo Phonebank — A free phonebank platform that turns Google Sheets into phon — is outside what I'd prioritise for a political technology award. The participatory_democracy advocacy_tech space has value, but this project doesn't connect to governance reform, underserved users, or structural accountability in ways my criteria can reward"
241,https://aragon.org,Aragon,29.5,29.5,0,0.86,LOW,LOW,criteria,"Aragon — The Home of Onchain Organizations – governance and ownership — is outside what I'd prioritise for a political technology award. The govtech emerging_tech space has value, but this project doesn't connect to governance reform, underserved users, or structural accountability in ways my criteria can reward"
242,https://www.polimonitor.com,PoliMonitor,29.5,29.5,0,0.86,LOW,HIGH,criteria,"PoliMonitor — Political monitoring service enabling organisations to under — is outside what I'd prioritise for a political technology award. The govtech advocacy_tech civic_data space has value, but this project doesn't connect to governance reform, underserved users, or structural accountability in ways my criteria can reward"
243,https://github.com/bluesky-social,Bluesky Social,29.4,29.4,0,0.86,LOW,LOW,criteria,"Bluesky Social — Social networking technology created by Bluesky — is outside what I'd prioritise for a political technology award. The digital_infrastructure social_media dece space has value, but this project doesn't connect to governance reform, underserved users, or structural accountability in ways my criteria can reward"
244,https://github.com/cavi-au/consent-o-matic,Consent-O-Matic,29.1,29.1,0,0.86,LOW,LOW,criteria,"Consent-O-Matic — Browser extension that automatically fills out cookie popups — is outside what I'd prioritise for a political technology award. The digital_rights civic_data space has value, but this project doesn't connect to governance reform, underserved users, or structural accountability in ways my criteria can reward"
245,https://planit.org.uk,PlanIT,28.6,28.6,0,0.86,LOW,LOW,criteria,"PlanIT — Digital platform enabling community participation in local p — is outside what I'd prioritise for a political technology award. The participatory_democracy govtech civic_da space has value, but this project doesn't connect to governance reform, underserved users, or structural accountability in ways my criteria can reward"
246,https://spartacus.app,Spartacus,28.6,28.6,0,0.86,LOW,LOW,criteria,"Spartacus — Build critical mass with conditional commitments that only a — is outside what I'd prioritise for a political technology award. The participatory_democracy civic_data space has value, but this project doesn't connect to governance reform, underserved users, or structural accountability in ways my criteria can reward"
247,https://gender-pay-gap.service.gov.uk,Gender Pay Gap Service,28.5,28.5,0,0.86,LOW,LOW,criteria,"Gender Pay Gap Service — Search and compare gender pay gap data — is outside what I'd prioritise for a political technology award. The gender_equality labor_rights transparenc space has value, but this project doesn't connect to governance reform, underserved users, or structural accountability in ways my criteria can reward"
248,https://nymtech.net,Nym,28.5,28.5,0,0.86,LOW,LOW,criteria,"Nym — The World's Most Private Decentralized VPN — is outside what I'd prioritise for a political technology award. The digital_rights cybersecurity emerging_te space has value, but this project doesn't connect to governance reform, underserved users, or structural accountability in ways my criteria can reward"
249,https://oa.report,OA.Report,28.5,28.5,0,0.86,LOW,LOW,criteria,"OA.Report — Track Open Access policy compliance and research openness ac — is outside what I'd prioritise for a political technology award. The civic_data space has value, but this project doesn't connect to governance reform, underserved users, or structural accountability in ways my criteria can reward"
250,https://github.com/propublica/django-collaborative,django-collaborative,28.4,28.4,0,0.86,LOW,LOW,criteria,"django-collaborative — ProPublica's collaborative tip-gathering framework for impor — is outside what I'd prioritise for a political technology award. The media_journalism civic_data space has value, but this project doesn't connect to governance reform, underserved users, or structural accountability in ways my criteria can reward"
251,https://spacetu.be,Spacetube,28.4,28.4,0,0.86,LOW,LOW,criteria,"Spacetube — Group-to-group chat tool built on Matrix for secure decentra — is outside what I'd prioritise for a political technology award. The digital_rights participatory_democracy space has value, but this project doesn't connect to governance reform, underserved users, or structural accountability in ways my criteria can reward"
252,https://www.plinth.org.uk,Plinth,28.0,28.0,0,0.86,LOW,LOW,criteria,"Plinth — AI-powered platform helping organisations deliver, measure a — is outside what I'd prioritise for a political technology award. The civic_data govtech space has value, but this project doesn't connect to governance reform, underserved users, or structural accountability in ways my criteria can reward"
253,https://moralmachine.net,Moral Machine,27.9,27.9,0,0.86,LOW,LOW,criteria,"Moral Machine — A platform for exploring ethical dilemmas in autonomous vehi — is outside what I'd prioritise for a political technology award. The emerging_tech civic_data space has value, but this project doesn't connect to governance reform, underserved users, or structural accountability in ways my criteria can reward"
254,https://viewpoints.xyz,Viewpoints,27.8,27.8,0,0.86,LOW,LOW,criteria,"Viewpoints — Effortless AI-powered polls and consensus building for meeti — is outside what I'd prioritise for a political technology award. The participatory_democracy civic_data space has value, but this project doesn't connect to governance reform, underserved users, or structural accountability in ways my criteria can reward"
255,https://www.crowdjustice.com,CrowdJustice,27.8,27.8,0,0.86,LOW,LOW,criteria,"CrowdJustice — Crowdfunding platform for legal cases and justice campaigns — is outside what I'd prioritise for a political technology award. The advocacy_tech participatory_democracy space has value, but this project doesn't connect to governance reform, underserved users, or structural accountability in ways my criteria can reward"
256,https://openaudience.org,OpenAudience,27.7,27.7,0,0.86,LOW,LOW,criteria,"OpenAudience — Understand your audience using open data by analyzing postco — is outside what I'd prioritise for a political technology award. The civic_data participatory_democracy space has value, but this project doesn't connect to governance reform, underserved users, or structural accountability in ways my criteria can reward"
257,https://conservativepartyfunding.co.uk,Conservative Party Funding,27.5,27.5,0,0.86,LOW,LOW,criteria,"Conservative Party Funding — Industry overview of donations to the UK Conservative Party  — is outside what I'd prioritise for a political technology award. The civic_data advocacy_tech space has value, but this project doesn't connect to governance reform, underserved users, or structural accountability in ways my criteria can reward"
258,https://github.com/mikekelly/policy-dojo,UK Policy Dojo,27.5,27.5,0,0.86,LOW,LOW,criteria,"UK Policy Dojo — A dojo for AI agents to battle out UK policy ideas through a — is outside what I'd prioritise for a political technology award. The AI in government policy analysis deliber space has value, but this project doesn't connect to governance reform, underserved users, or structural accountability in ways my criteria can reward"
259,https://sci-hub.se,Sci-Hub,27.5,27.5,0,0.86,LOW,LOW,criteria,"Sci-Hub — Provides free access to academic research papers by circumve — is outside what I'd prioritise for a political technology award. The digital_rights civic_data space has value, but this project doesn't connect to governance reform, underserved users, or structural accountability in ways my criteria can reward"
260,https://sobre.ejparticipe.org,Empurrando Juntas (EJ),27.1,27.1,0,0.86,LOW,LOW,criteria,"Empurrando Juntas (EJ) — AI-powered opinion collection platform that segments audienc — is outside what I'd prioritise for a political technology award. The participatory_democracy govtech civic_da space has value, but this project doesn't connect to governance reform, underserved users, or structural accountability in ways my criteria can reward"
261,https://www.deliberaide.com,deliberAIde,27.1,27.1,0,0.86,LOW,LOW,criteria,"deliberAIde — Human-Centred AI That Supports Dialogue at Every Step — is outside what I'd prioritise for a political technology award. The participatory_democracy govtech emerging space has value, but this project doesn't connect to governance reform, underserved users, or structural accountability in ways my criteria can reward"
262,https://www.govwise.ai/en,GovWise,27.1,27.1,0,0.86,LOW,LOW,criteria,"GovWise — AI-powered platform for automating public procurement tender — is outside what I'd prioritise for a political technology award. The govtech civic_data space has value, but this project doesn't connect to governance reform, underserved users, or structural accountability in ways my criteria can reward"
263,https://metaculus.com,Metaculus,26.9,26.9,0,0.86,LOW,LOW,criteria,"Metaculus — A community prediction platform for forecasting future event — is outside what I'd prioritise for a political technology award. The civic_data emerging_tech space has value, but this project doesn't connect to governance reform, underserved users, or structural accountability in ways my criteria can reward"
264,https://github.com/ideal-postcodes/postcodes.io,postcodes.io,26.8,26.8,0,0.86,LOW,LOW,criteria,"postcodes.io — UK postcode & geolocation API, serving up open data — is outside what I'd prioritise for a political technology award. The civic_data govtech space has value, but this project doesn't connect to governance reform, underserved users, or structural accountability in ways my criteria can reward"
265,https://objector.ai,Objector.ai,26.6,26.6,0,0.86,LOW,HIGH,criteria,"Objector.ai — AI-powered planning objection letter and toolkit to help cit — is outside what I'd prioritise for a political technology award. The participatory_democracy advocacy_tech go space has value, but this project doesn't connect to governance reform, underserved users, or structural accountability in ways my criteria can reward"
266,https://www.discourse.org,Discourse,26.6,26.6,0,0.86,LOW,HIGH,criteria,"Discourse — Customizable, scalable community platform for building knowl — is outside what I'd prioritise for a political technology award. The participatory_democracy civic_data space has value, but this project doesn't connect to governance reform, underserved users, or structural accountability in ways my criteria can reward"
267,https://www.objector.ai,Objector.ai,26.6,26.6,0,0.86,LOW,HIGH,criteria,"Objector.ai — AI-powered planning objection letter and toolkit to help cit — is outside what I'd prioritise for a political technology award. The participatory_democracy govtech advocacy space has value, but this project doesn't connect to governance reform, underserved users, or structural accountability in ways my criteria can reward"
268,https://datatrusts.uk,The Data Trusts Initiative,26.5,26.5,0,0.86,LOW,LOW,criteria,"The Data Trusts Initiative — Working at the interface of technology, policy and the law t — is outside what I'd prioritise for a political technology award. The civic_data digital_rights space has value, but this project doesn't connect to governance reform, underserved users, or structural accountability in ways my criteria can reward"
269,https://gordonguthrie.github.io/frankensteinbill,Frankenstein Bill,26.5,26.5,0,0.86,LOW,LOW,criteria,"Frankenstein Bill — A dummy parliamentary bill collecting and explaining potenti — is outside what I'd prioritise for a political technology award. The Digital government Legislative technolog space has value, but this project doesn't connect to governance reform, underserved users, or structural accountability in ways my criteria can reward"
270,https://en.wikipedia.org/wiki/wikipedia:in_the_news,In the news,26.4,26.4,0,0.86,LOW,HIGH,criteria,"In the news — Section of the Main Page directing readers to articles subst — is outside what I'd prioritise for a political technology award. The information access news aggregation ency space has value, but this project doesn't connect to governance reform, underserved users, or structural accountability in ways my criteria can reward"
271,https://richardpope.org/2017/03/05/beckton-a-tool-to-build,Beckton,26.4,26.4,0,0.86,LOW,LOW,criteria,"Beckton — A conditional-commitment tool for creating groups of paying  — is outside what I'd prioritise for a political technology award. The collective action labour organising civi space has value, but this project doesn't connect to governance reform, underserved users, or structural accountability in ways my criteria can reward"
272,https://policymogul.com,PolicyMogul,26.1,26.1,0,0.86,LOW,LOW,criteria,"PolicyMogul — Champions of public affairs — is outside what I'd prioritise for a political technology award. The govtech advocacy_tech space has value, but this project doesn't connect to governance reform, underserved users, or structural accountability in ways my criteria can reward"
273,https://overton.io,Overton,25.9,25.9,0,0.86,LOW,LOW,criteria,"Overton — A platform for understanding and analyzing political positio — is outside what I'd prioritise for a political technology award. The Political analysis, policy research, civ space has value, but this project doesn't connect to governance reform, underserved users, or structural accountability in ways my criteria can reward"
274,https://antievictionmappingproject.github.io/landlordtech,Landlord Tech Watch,25.5,25.5,0,0.86,LOW,LOW,criteria,"Landlord Tech Watch — Producing data, scholarship, and popular educational materia — is outside what I'd prioritise for a political technology award. The advocacy_tech civic_data digital_rights space has value, but this project doesn't connect to governance reform, underserved users, or structural accountability in ways my criteria can reward"
275,https://data.humdata.org,Humanitarian Data Exchange,25.5,25.5,0,0.86,LOW,LOW,criteria,"Humanitarian Data Exchange — Find, share and use humanitarian data all in one place — is outside what I'd prioritise for a political technology award. The civic_data space has value, but this project doesn't connect to governance reform, underserved users, or structural accountability in ways my criteria can reward"
276,https://www.welivedit.ai,We Live It,25.2,25.2,0,0.86,LOW,LOW,criteria,"We Live It — AI-powered platform for community-driven urban planning and  — is outside what I'd prioritise for a political technology award. The Urban planning, community engagement, ci space has value, but this project doesn't connect to governance reform, underserved users, or structural accountability in ways my criteria can reward"
277,https://choosealicense.com,Choose a License,25.1,25.1,0,0.86,LOW,LOW,criteria,"Choose a License — An open source license guide helping developers and projects — is outside what I'd prioritise for a political technology award. The digital_rights civic_data space has value, but this project doesn't connect to governance reform, underserved users, or structural accountability in ways my criteria can reward"
278,https://filmot.com,Filmot,25.0,25.0,0,0.86,LOW,LOW,criteria,"Filmot — Search in Youtube captions and subtitles — is outside what I'd prioritise for a political technology award. The information_access media_transparency space has value, but this project doesn't connect to governance reform, underserved users, or structural accountability in ways my criteria can reward"
279,https://labourxchange.uk,Labour Xchange,25.0,25.0,0,0.86,LOW,LOW,criteria,"Labour Xchange — A fair work platform connecting underemployed and flexible w — is outside what I'd prioritise for a political technology award. The civic_data space has value, but this project doesn't connect to governance reform, underserved users, or structural accountability in ways my criteria can reward"
280,https://onodi.co/bisect,Theft Bisect,25.0,25.0,0,0.86,LOW,LOW,criteria,"Theft Bisect — A binary search tool to help identify bike theft moments in  — is outside what I'd prioritise for a political technology award. The advocacy_tech civic_data space has value, but this project doesn't connect to governance reform, underserved users, or structural accountability in ways my criteria can reward"
281,https://whopostedwhat.com,Who Posted What?,25.0,25.0,0,0.86,LOW,LOW,criteria,"Who Posted What? — Non-public Facebook keyword search tool for researchers and  — is outside what I'd prioritise for a political technology award. The civic_data media_journalism disinformati space has value, but this project doesn't connect to governance reform, underserved users, or structural accountability in ways my criteria can reward"
282,https://medium.com/@abscond/membership-a-prototype-ea822b2683b,Membership,24.6,24.6,0,0.86,LOW,LOW,criteria,"Membership — A prototype for decentralized membership and governance syst — is outside what I'd prioritise for a political technology award. The Governance, Democracy, Civic Participati space has value, but this project doesn't connect to governance reform, underserved users, or structural accountability in ways my criteria can reward"
283,https://www.publiceditor.io,Public Editor,24.4,24.4,0,0.86,LOW,HIGH,criteria,"Public Editor — Platform for collaborative fact-checking and editorial trans — is outside what I'd prioritise for a political technology award. The media_journalism disinformation space has value, but this project doesn't connect to governance reform, underserved users, or structural accountability in ways my criteria can reward"
284,https://cotsi.org,COTSI (Cyber Operational Threat Situational Intelligence),24.1,24.1,0,0.86,LOW,LOW,criteria,"COTSI (Cyber Operational Threat Situational Intelligence) — Tracks daily price and availability of fake SMS verification — is outside what I'd prioritise for a political technology award. The disinformation cybersecurity digital_rig space has value, but this project doesn't connect to governance reform, underserved users, or structural accountability in ways my criteria can reward"
285,https://publicaccountability.org,The Accountability Project,24.0,24.0,0,0.86,LOW,LOW,criteria,"The Accountability Project — A searchable database of 1.9+ billion public records for res — is outside what I'd prioritise for a political technology award. The civic_data media_journalism govtech space has value, but this project doesn't connect to governance reform, underserved users, or structural accountability in ways my criteria can reward"
286,https://charmverse.io,CharmVerse,23.8,23.8,0,0.86,LOW,LOW,criteria,"CharmVerse — The Network for Onchain Communities — is outside what I'd prioritise for a political technology award. The participatory_democracy govtech space has value, but this project doesn't connect to governance reform, underserved users, or structural accountability in ways my criteria can reward"
287,https://www.organise.org.uk,Organise,23.8,23.8,0,0.86,LOW,LOW,criteria,"Organise — Get heard at work – a workers' network for collective action — is outside what I'd prioritise for a political technology award. The participatory_democracy advocacy_tech space has value, but this project doesn't connect to governance reform, underserved users, or structural accountability in ways my criteria can reward"
288,https://semanticclimate.github.io,semanticClimate,23.7,23.7,0,0.86,LOW,LOW,criteria,"semanticClimate — Semantic search and analysis of climate science literature — is outside what I'd prioritise for a political technology award. The civic_data media_journalism space has value, but this project doesn't connect to governance reform, underserved users, or structural accountability in ways my criteria can reward"
289,https://manifold.markets,Manifold Markets,23.4,23.4,0,0.86,LOW,LOW,criteria,"Manifold Markets — A platform for creating and trading prediction markets on po — is outside what I'd prioritise for a political technology award. The participatory_democracy civic_data space has value, but this project doesn't connect to governance reform, underserved users, or structural accountability in ways my criteria can reward"
290,https://opencouncildata.co.uk,Open Council Data UK,23.4,23.4,0,0.86,LOW,LOW,criteria,"Open Council Data UK — Councillor data resources for psephologists, campaigners and — is outside what I'd prioritise for a political technology award. The civic_data participatory_democracy govte space has value, but this project doesn't connect to governance reform, underserved users, or structural accountability in ways my criteria can reward"
291,https://www.marksoutoftenancy.com,Marks Out Of Tenancy,23.4,23.4,0,0.86,LOW,LOW,criteria,"Marks Out Of Tenancy — UK landlord and letting agency review platform empowering re — is outside what I'd prioritise for a political technology award. The civic_data advocacy_tech participatory_d space has value, but this project doesn't connect to governance reform, underserved users, or structural accountability in ways my criteria can reward"
292,https://github.com/ribenamaplesyrup/sugartrail,Sugartrail,23.0,23.0,0,0.86,LOW,LOW,criteria,"Sugartrail — Network analysis and visualisation tool for exploring connec — is outside what I'd prioritise for a political technology award. The civic_data govtech advocacy_tech space has value, but this project doesn't connect to governance reform, underserved users, or structural accountability in ways my criteria can reward"
293,https://github.com/tulir/whatsmeow,whatsmeow,23.0,23.0,0,0.57,MEDIUM,LOW,criteria,"whatsmeow — Go library for the WhatsApp web multidevice API — is outside what I'd prioritise for a political technology award. The project may do useful things, but the overlap with cooperative governance, underserved populations, or civic infrastructure is too thin"
294,https://www.otree.org,oTree,22.8,26.8,-4,0.86,LOW,LOW,criteria,"oTree — Open-source platform for web-based behavioral research and i — is outside what I'd prioritise for a political technology award. The research infrastructure behavioral econo space has value, but this project doesn't connect to governance reform, underserved users, or structural accountability in ways my criteria can reward"
295,https://nestr.io,Nestr,22.6,22.6,0,0.86,LOW,LOW,criteria,"Nestr — Purpose-driven collaboration platform using self-organizatio — is outside what I'd prioritise for a political technology award. The participatory_democracy space has value, but this project doesn't connect to governance reform, underserved users, or structural accountability in ways my criteria can reward"
296,https://societyforhopefultechnologists.org,Society for Hopeful Technologists,21.9,21.9,0,0.86,LOW,LOW,criteria,"Society for Hopeful Technologists — For everyone who wants technologies to work for people and p — is outside what I'd prioritise for a political technology award. The ethical technology tech worker advocacy  space has value, but this project doesn't connect to governance reform, underserved users, or structural accountability in ways my criteria can reward"
297,https://greenpt.ai,GreenPT,21.4,21.4,0,0.86,LOW,LOW,criteria,"GreenPT — Sustainable and privacy-friendly AI chat platform powered by — is outside what I'd prioritise for a political technology award. The emerging_tech digital_rights cybersecuri space has value, but this project doesn't connect to governance reform, underserved users, or structural accountability in ways my criteria can reward"
298,https://papers.ssrn.com/sol3/papers.cfm?abstract_id=5351275,Unknown Academic Paper (SSRN 5351275),21.0,21.0,0,0.43,MEDIUM,LOW,criteria,"I don't see Unknown Academic Paper (SSRN 5351275) fitting the frame I'd apply here. The project may do useful things, but the overlap with cooperative governance, underserved populations, or civic infrastructure is too thin"
299,https://postbug.com,PostBug,20.6,20.6,0,0.86,LOW,LOW,criteria,"PostBug — Send printed postcards to people in power — is outside what I'd prioritise for a political technology award. The participatory_democracy advocacy_tech space has value, but this project doesn't connect to governance reform, underserved users, or structural accountability in ways my criteria can reward"
300,https://collab.land,Collab.Land,20.4,20.4,0,0.86,LOW,LOW,criteria,"Collab.Land — Web3 community management platform for token-gated membershi — is outside what I'd prioritise for a political technology award. The community management blockchain/web3 mem space has value, but this project doesn't connect to governance reform, underserved users, or structural accountability in ways my criteria can reward"
301,https://arxiv.org,arXiv,19.0,19.0,0,0.86,LOW,LOW,criteria,"arXiv — Free distribution service and open-access archive for schola — is outside what I'd prioritise for a political technology award. The civic_data digital_rights space has value, but this project doesn't connect to governance reform, underserved users, or structural accountability in ways my criteria can reward"
302,https://github.com/ytdl-org/youtube-dl,youtube-dl,19.0,19.0,0,0.86,LOW,LOW,criteria,"youtube-dl — Command-line program to download videos from YouTube.com and — is outside what I'd prioritise for a political technology award. The digital_rights media_journalism space has value, but this project doesn't connect to governance reform, underserved users, or structural accountability in ways my criteria can reward"
303,https://navigator.oii.ox.ac.uk,DemTech Navigator,19.0,19.0,0,0.86,LOW,HIGH,criteria,"DemTech Navigator — Online resource guide for civil society groups to address di — is outside what I'd prioritise for a political technology award. The disinformation digital_rights advocacy_t space has value, but this project doesn't connect to governance reform, underserved users, or structural accountability in ways my criteria can reward"
304,https://riseup.net,Riseup,19.0,19.0,0,0.86,LOW,LOW,criteria,"Riseup — Secure online communication tools for people and groups work — is outside what I'd prioritise for a political technology award. The digital_rights cybersecurity advocacy_te space has value, but this project doesn't connect to governance reform, underserved users, or structural accountability in ways my criteria can reward"
305,https://www.donotpay.com,DoNotPay,19.0,19.0,0,0.86,LOW,LOW,criteria,"DoNotPay — AI-powered legal assistance and consumer advocacy platform — is outside what I'd prioritise for a political technology award. The advocacy_tech civic_data emerging_tech space has value, but this project doesn't connect to governance reform, underserved users, or structural accountability in ways my criteria can reward"
306,https://coralproject.net,Coral,18.3,22.3,-4,0.86,LOW,LOW,criteria,"Coral — A better commenting experience — open source tools for safer — is outside what I'd prioritise for a political technology award. The media_journalism digital_rights space has value, but this project doesn't connect to governance reform, underserved users, or structural accountability in ways my criteria can reward"
307,https://osintframework.com,OSINT Framework,18.0,18.0,0,0.86,LOW,LOW,criteria,"OSINT Framework — A curated collection of free OSINT tools and resources for i — is outside what I'd prioritise for a political technology award. The civic_data digital_rights cybersecurity space has value, but this project doesn't connect to governance reform, underserved users, or structural accountability in ways my criteria can reward"
308,https://www.rightsdd.com,RightDD,18.0,18.0,0,0.86,LOW,LOW,criteria,"RightDD — Human rights risk management technology for ESG due diligenc — is outside what I'd prioritise for a political technology award. The civic_data advocacy_tech space has value, but this project doesn't connect to governance reform, underserved users, or structural accountability in ways my criteria can reward"
309,https://www.yoti.com,Yoti,17.5,17.5,0,0.86,LOW,LOW,criteria,"Yoti — Building the world's trusted identity platform — is outside what I'd prioritise for a political technology award. The digital_rights cybersecurity emerging_te space has value, but this project doesn't connect to governance reform, underserved users, or structural accountability in ways my criteria can reward"
310,https://bsky.app,Bluesky,17.0,17.0,0,0.86,LOW,LOW,criteria,"Bluesky — Open social media platform built on the AT Protocol — is outside what I'd prioritise for a political technology award. The digital_rights media_journalism disinfor space has value, but this project doesn't connect to governance reform, underserved users, or structural accountability in ways my criteria can reward"
311,https://fatebook.io,Fatebook,17.0,17.0,0,0.86,LOW,LOW,criteria,"Fatebook — Rapid predictions, anywhere — is outside what I'd prioritise for a political technology award. The civic_data space has value, but this project doesn't connect to governance reform, underserved users, or structural accountability in ways my criteria can reward"
312,https://whoisology.com,Whoisology,17.0,17.0,0,0.86,LOW,LOW,criteria,"Whoisology — Billions of archived domain name whois records searchable an — is outside what I'd prioritise for a political technology award. The civic_data cybersecurity digital_rights space has value, but this project doesn't connect to governance reform, underserved users, or structural accountability in ways my criteria can reward"
313,https://www.openorigins.com,OpenOrigins,17.0,17.0,0,0.86,LOW,LOW,criteria,"OpenOrigins — The Trust Layer for a Verified Internet — is outside what I'd prioritise for a political technology award. The disinformation media_journalism digital_ space has value, but this project doesn't connect to governance reform, underserved users, or structural accountability in ways my criteria can reward"
314,https://www.prolific.com,Prolific,17.0,17.0,0,0.86,LOW,LOW,criteria,"Prolific — Easily collect high-quality data from real people — is outside what I'd prioritise for a political technology award. The emerging_tech civic_data space has value, but this project doesn't connect to governance reform, underserved users, or structural accountability in ways my criteria can reward"
315,https://docs.holepunch.to,Pear by Holepunch,15.0,15.0,0,0.86,LOW,LOW,criteria,"Pear by Holepunch — A peer-to-peer runtime, development and deployment platform  — is outside what I'd prioritise for a political technology award. The digital_rights emerging_tech space has value, but this project doesn't connect to governance reform, underserved users, or structural accountability in ways my criteria can reward"
316,https://github.com/deepseek-ai/deepseek-v3,DeepSeek-V3,15.0,15.0,0,0.86,LOW,LOW,criteria,"DeepSeek-V3 — A Mixture-of-Experts language model with 671B total paramete — is outside what I'd prioritise for a political technology award. The emerging_tech space has value, but this project doesn't connect to governance reform, underserved users, or structural accountability in ways my criteria can reward"
317,https://github.com/fission-codes/fission-codes,Fission Codes,15.0,15.0,0,0.86,LOW,LOW,criteria,"Fission Codes — Status codes for smart contracts powering microservices for  — is outside what I'd prioritise for a political technology award. The emerging_tech space has value, but this project doesn't connect to governance reform, underserved users, or structural accountability in ways my criteria can reward"
318,https://journaliststudio.google.com,Journalist Studio,15.0,15.0,0,0.86,LOW,LOW,criteria,"Journalist Studio — A collection of tools to empower journalists to do their wor — is outside what I'd prioritise for a political technology award. The media_journalism civic_data digital_righ space has value, but this project doesn't connect to governance reform, underserved users, or structural accountability in ways my criteria can reward"
319,https://vframe.io,VFRAME,15.0,15.0,0,0.86,LOW,LOW,criteria,"VFRAME — Computer vision for OSINT: detecting illegal munitions and d — is outside what I'd prioritise for a political technology award. The advocacy_tech emerging_tech digital_righ space has value, but this project doesn't connect to governance reform, underserved users, or structural accountability in ways my criteria can reward"
320,https://plausible.io,Plausible Analytics,13.0,13.0,0,0.86,LOW,LOW,criteria,"Plausible Analytics — Simple, privacy-friendly Google Analytics alternative — is outside what I'd prioritise for a political technology award. The digital_rights space has value, but this project doesn't connect to governance reform, underserved users, or structural accountability in ways my criteria can reward"
321,https://urbit.org,Urbit,13.0,13.0,0,0.86,LOW,LOW,criteria,"Urbit — A personal server operating system designed for self-soverei — is outside what I'd prioritise for a political technology award. The digital_rights emerging_tech space has value, but this project doesn't connect to governance reform, underserved users, or structural accountability in ways my criteria can reward"
