rank,name,url,score,criteria_score,modifier_adj,completeness,uncertainty,pop_risk,primary_driver,rationale
1,"Worker Info Exchange","https://www.workerinfoexchange.org",94.7,58,24,0.7,LOW,NONE,"criteria+modifier","This is the clearest case in the batch of a project that names a specific power asymmetry (algorithmic management of gig workers), builds formal legal mechanisms to contest it (GDPR Data Subject Access Requests, strategic litigation), and has documented wins: Amsterdam courts ordering Uber and Ola Cabs to disclose algorithmic data. The intra-class dynamics are also present — it is not just workers vs. platforms, but the specific complicity of trade secret exemptions used to deny workers visibility into decisions made about them."
2,"Landlord Tech Watch","https://antievictionmappingproject.github.io/landlordtech",88.5,57,19,0.80,LOW,NONE,modifier,"Specific named population (social housing tenants/tower block residents) with specific named mechanism (landlord proptech algorithmic systems); community-produced by AEMP; disparity tracking; M1+M3+M7 all triggered — strongest C2 in batch"
3,"Turkopticon","https://turkopticon.ucsd.edu",86.6,53,22,0.7,MEDIUM,NONE,criteria,"Turkopticon is exactly what this constitution rewards: a cooperative worker-led platform that names the specific mechanism of exclusion (Amazon's platform labour conditions stripping gig workers of ordinary employment protections) and builds infrastructure for affected workers to document, share, and act collectively. What limits a perfect score is the bounded domain and Amazon's practical ability to ignore advocacy without commensurate enforcement mechanisms."
4,"vTaiwan","https://github.com/g0v/vue.vtaiwan.tw",80.6,53,16,0.85,LOW,NONE,criteria,"Formal legislative consultation with documented policy outcomes; multi-stage g0v community engagement; highest C1+C6 in batch"
5,"Organise","https://www.organise.org.uk",79.3,47,22,0.65,LOW,NONE,modifier,"Workers' collective action with documented structural wins — equal pay for G4S night shift workers, influence on the Employment Rights Bill banning zero-hours contracts — demonstrates exactly the kind of power asymmetry correction I value: not just transparency, but formal policy change arising from collective organizing infrastructure. The limitation is reach: primarily digitally-connected workers, which means the most precarious gig workers may be systematically underrepresented in the platform's user base."
6,"Guardian Project","https://guardianproject.info",78.2,51,16,0.85,LOW,NONE,modifier,"Structural correction of surveillance power asymmetry for people in repressive regimes; named populations with named repression mechanisms; strong M1+M3"
7,"Humanitarian OpenStreetMap Team (HOT)","https://www.hotosm.org",75.7,44,22,0.7,LOW,MEDIUM,modifier,"HOT addresses geographic invisibility as a specific mechanism of humanitarian exclusion — communities not on maps are not in disaster response plans. The multi-stage engagement (community mapping, volunteer networks, disparity tracking) is documented, and the adoption of HOT maps by UN humanitarian protocols represents genuine structural impact. I flag that popularity risk is medium here: this is a widely-known project with strong institutional backing, and the dossier richness may overstate its grassroots character."
8,"OpenCRVS","https://www.opencrvs.org",75.0,50,14,0.65,LOW,NONE,modifier,"Legal identity is the most fundamental exclusion mechanism: without birth registration, populations cannot access healthcare, education, or legal rights. OpenCRVS targets precisely this — people excluded from civil registration systems by infrastructure failure, not individual choice. I apply M4 at moderate magnitude because government data infrastructure deployments carry inherent surveillance risks even with good intent, and the documented limitations acknowledge data security concerns in low-resource settings without fully resolving the governance question."
9,"Ushahidi","https://www.ushahidi.com",73.7,44,20,0.65,LOW,MEDIUM,modifier,"Ushahidi's crowdsourcing model directly addresses geographic and social exclusion from official crisis documentation — the founding case (2007 Kenyan election violence) established the pattern of communities whose experiences were absent from state records. The Global South focus, multi-stage community engagement, and documentation of digital divide limitations all score well. I flag medium popularity risk: this is a mature, well-funded platform, and the dossier may underplay the structural tensions in verification and platform sustainability."
10,"Data Trusts Initiative","https://datatrusts.uk",72.5,48,14,0.75,LOW,NONE,modifier,"NHS patients/coastal communities/birth cohort participants = specific named populations with specific named mechanism (data rights holders without formal governance); formal pilot mechanisms; M1+M3 both triggered"
11,"Mozilla Data Collective","https://datacollective.mozillafoundation.org",71.6,53,7,0.65,MEDIUM,NONE,modifier,"Indigenous language communities/Global South as specifically named populations excluded from AI development by data extraction without consent; community data ownership as structural correction; M3 triggered; high C5 (very early stage)"
12,"Decidim","https://decidim.org",71.0,50,10,0.85,LOW,MEDIUM,modifier,"Binding citizen proposals; cooperative Free Software Association governance; documents failure modes including political capture and digital divide; M1 for formal redistribution of decision-making; pop_risk MEDIUM given scale"
13,"ОПОРА (Opora)","https://www.oporaua.org",70.9,45,16,0.6,MEDIUM,NONE,modifier,"Operating civic monitoring infrastructure during active armed conflict is the definition of structural underdog — Opora documents electoral integrity and civic participation while facing security constraints and access limitations. The mechanism is specific: war disrupts electoral processes in ways that disenfranchise diaspora communities and conflict-affected populations, and Opora is building the infrastructure to document and contest this. Uncertainty is medium because conflict conditions limit what the dossier can capture."
14,"Tor Project","https://www.torproject.org",70.7,44,17,0.6,LOW,HIGH,modifier,"Tor addresses a named power asymmetry — state and corporate surveillance restricting political expression and journalistic freedom — with technical infrastructure that genuinely empowers journalists, dissidents, and activists. I flag high popularity risk: this is one of the best-known projects in the batch, with a rich dossier and strong institutional reputation, and the score reflects the genuine mechanism quality rather than documentation richness."
15,"Security First / Umbrella","https://secfirst.org",70.3,47,13,0.7,MEDIUM,NONE,criteria,"The Umbrella app sits at the intersection of my deepest concerns — specifically named high-risk populations (activists, journalists, human rights defenders in conflict zones) facing the most acute surveillance power asymmetries, with documented adoption by press freedom organisations as evidence the tool reaches them. What holds it back is thin evidence of participatory lifecycle engagement: I see adoption but not co-design with the communities it protects."
16,"Participa (Podemos)","https://github.com/podemos-info/participa",70.0,50,9,0.80,LOW,NONE,modifier,"Binding democratic mechanism for 500k+ members with 30+ binding votes; formal structural redistribution of policymaking authority"
17,"Tracka","https://yourtracka.org",70.0,41,20,0.55,MEDIUM,NONE,modifier,"Government project abandonment as a mechanism of community exclusion is precisely named — the dossier documents a specific health centre in Ningo, Akwanga LGA completed after 7+ years of abandonment following Tracka monitoring. Community-based monitoring with government feedback loops represents multi-stage engagement. The Nigerian context scores well on C5 and the accountability mechanism is formal rather than merely informational."
18,"Framework for Meaningful Engagement 2.0","https://ecnl.org/publications/framework-meaningful-engagement-20",69.5,48,11,0.80,LOW,NONE,modifier,"300+ stakeholders co-created including marginalized and vulnerable groups in AI governance; highest C3 in batch; M3+M5 both triggered; directly addresses AI accountability gap foregrounded in Alexandra's constitution"
19,"Consul Democracy","https://consulproject.org",68.5,48,10,0.85,LOW,MEDIUM,modifier,"Formal binding citizen proposals across 350+ governments; strong C6 democratic depth; M1 structural redistribution of decision-making authority; disparity tracking noted as ongoing challenge in dossier"
20,"Martus","https://www.martus.org",68.4,43,16,0.5,MEDIUM,NONE,modifier,"Secure documentation infrastructure for human rights activists addresses a specific exclusion mechanism: lack of secure storage preventing evidence preservation and ultimately legal accountability. The end-of-life status (no longer receiving security updates) is an honest limitation that scores well on C4 — the project does not overclaim — and increases C5 (a discontinued but valuable tool is itself evidence of the funding and infrastructure gaps affecting human rights tech)."
21,"SecureDrop","https://securedrop.org",67.3,47,10,0.7,MEDIUM,HIGH,criteria,"SecureDrop builds a formal mechanism — anonymous cryptographically protected whistleblower submission — that structurally changes the power position of people with information about institutional wrongdoing; the power asymmetry is as named and significant as it gets. The score is constrained by modest participatory engagement with affected populations and reliance on technical infrastructure (Tor, staff-maintained installations) that limits access for non-technical whistleblowers."
22,"GlobaLeaks","https://www.globaleaks.org",67.2,42,16,0.6,MEDIUM,NONE,modifier,"Whistleblowing infrastructure addresses the employer-employee power asymmetry where retaliation risk structurally prevents accountability. GlobaLeaks' EU Directive compliance and open-source model are genuine structural signals. What keeps this below the top tier is the absence of documented evidence that deploying organizations used the platform in ways that shifted power rather than simply reframed existing disclosure processes."
23,"FixMyBlock","https://fixmyblock.org",66.7,44,13,0.70,LOW,NONE,modifier,"Tower block residents/social housing tenants with named exclusion mechanism (landlord safety obligations not met); formal mechanism for contesting landlord obligations; Legal Education Foundation; M3+M1 both triggered"
24,"Stanford PB Platform","https://github.com/stanfordcdt/pb",65.7,44,12,0.75,LOW,NONE,modifier,"Formal citizen budget decision authority; multi-city deployment documented; strong C3 participatory design"
25,"Parti","https://parti.xyz",65.7,44,12,0.6,MEDIUM,NONE,criteria,"Parti's integration into South Korean municipal participatory budgeting — with 200,000+ registered users allocating public funds including 5 billion won in Incheon — puts it at the empowers end of the democratic depth spectrum. The dossier's English-language gaps and thin documentation of whether PB in South Korea actually reaches excluded communities stops it from scoring higher on C2."
26,"HURIDOCS","https://github.com/huridocs",65.3,47,8,0.85,LOW,NONE,modifier,"Enables formal accountability processes; epistemic redress for suppressed testimony; strong C2+C4 on human rights documentation"
27,"Riseup","https://riseup.net",65.3,47,8,0.6,MEDIUM,NONE,criteria,"Riseup frames its work as liberatory social change and provides activist organisations with secure communications infrastructure specifically to protect against state surveillance — a structural rather than informational power correction. The medium C4 score reflects limited documented examination of whether Riseup's own operational choices (volunteer capacity constraints, service disruptions) reproduce the insecurity they claim to resist."
28,"Nyaaya","https://nyaaya.org",64.8,40,16,0.80,LOW,NONE,modifier,"Formal legal knowledge access correcting epistemic power asymmetry; highly specific named populations with named exclusion mechanism; strong M1+M3"
29,"Open Contracting Partnership","https://www.open-contracting.org",64.8,40,16,0.7,LOW,LOW,modifier,"US$2 trillion in public procurement is a meaningful power asymmetry — opacity in contracting enables corruption and excludes civil society from accountability. The mix of government adoption tracking, policy analysis, and disparity tracking (women-owned business participation, geographic disparities) shows methodological sophistication. The limitation: the dossier acknowledges that isolating OCP's contribution from concurrent reforms is difficult."
30,"LiquidFeedback","https://liquidfeedback.com",63.9,45,9,0.85,LOW,NONE,modifier,"Formal binding democratic delegation mechanism; strong C6 democratic depth; M1 structural correction"
31,"New_ Public Roundabout","https://newpublic.substack.com/p/introducing-roundabout-built-for",63.7,44,10,0.70,MEDIUM,NONE,modifier,"Explicitly targets underestimated communities; co-designed with community stewards multi-stage; M3+M5 both active"
32,"Groupthink (OpenPolitics)","https://github.com/openpolitics/groupthink",62.9,45,8,0.75,MEDIUM,NONE,modifier,"Structural redistribution of policymaking authority used in UK elections; strong C4 critical self-examination"
33,"Rahvaalgatus","https://github.com/rahvaalgatus/rahvaalgatus",62.9,45,8,0.65,MEDIUM,NONE,modifier,"Formal legislative petition mechanism triggering parliamentary consideration; strong C6 democratic depth; M1 structural correction"
34,"Bonfire","https://bonfirenetworks.org",62.7,44,9,0.75,LOW,NONE,modifier,"Cooperative federated platform for activist/mutual aid/digital-rights communities; honest limitations documentation; M1+M5 triggered; strong C5 (solo team NLnet/NGI grant-cycle dependent; underdog_signal=true)"
35,"Polis","https://github.com/compdemocracy/polis",61.3,47,4,0.80,LOW,MEDIUM,criteria,"Strong C3+C4 scores; multi-stage engagement documented across vTaiwan deployments; MEDIUM pop_risk: AI-mediated consensus may systematically suppress minority positions"
36,"The Circuit","https://thecircuit.cc",61.0,41,11,0.7,LOW,MEDIUM,criteria,"The Circuit makes racial disparity in Cook County courts visible through 3 million cases — naming the mechanism (judicial discretion producing racially differentiated outcomes) and the specific populations (Black defendants, public defenders navigating the system). The intra-class analysis of the court ecosystem earns M7 credit. What stops it ranking higher is that collaborative journalism operates at the informs end of democratic depth."
37,"Marks Out Of Tenancy","https://www.marksoutoftenancy.com",60.9,36,17,0.45,MEDIUM,NONE,modifier,"This directly inverts the algorithmic tenant-ranking system that I have researched — instead of landlords and referencing companies ranking tenants, tenants rank landlords and letting agencies. The intra-class dynamics are present: not just tenants as excluded, but the specific mechanisms through which landlords benefit from information asymmetry. What limits the score is the absence of any verification methodology for reviews and no published rating calculation methodology."
38,"LittleSis","https://littlesis.org",59.6,39,12,0.85,LOW,NONE,modifier,"Enables accountability campaigns against corporate-government power; maps intra-class dynamics; M1+M7 both active"
39,"meet.coop","https://www.meet.coop",59.3,38,13,0.55,MEDIUM,NONE,modifier,"Cooperative infrastructure addressing corporate surveillance of digital communications is both a genuine power asymmetry correction and an example of the kind of structural alternative that Community Tech advocates for. The cooperative governance model means members genuinely control the infrastructure. The limitation is scale: a smaller user base means the surveillance correction is available primarily to already-organized progressive communities."
40,"Alaveteli","https://alaveteli.org",59.2,42,8,0.85,LOW,NONE,modifier,"Formal FOI rights mechanism across 25+ jurisdictions; documents dependence on FOI law quality and government responsiveness; M1 structural correction of information access asymmetry; decade-plus mySociety project"
41,"Open Ownership","https://www.openownership.org",58.9,36,15,0.6,MEDIUM,NONE,modifier,"Beneficial ownership transparency is a structural anti-corruption mechanism — the Senegal extractive industry case and UK Procurement Act influence demonstrate genuine policy adoption. What limits the score relative to Worker Info Exchange or Organise is that the direct beneficiaries are researchers and civil society rather than the populations whose rights are affected by corrupt contracting."
42,"Cortico","https://cortico.ai",58.7,44,5,0.80,LOW,NONE,modifier,"Underheard voices as specifically named excluded communities; disparity_tracking=true; multi-city documented engagement model; M3 triggered; Reid Hoffman/Knight/Carnegie backing moderates C5"
43,"Ciudadanía Inteligente","https://ciudadaniai.org",58.7,44,5,0.85,LOW,NONE,modifier,"Documented policy outcomes across Latin America; disparity tracking for marginalized communities; honest causation assessment; M3 for communities excluded from civic processes; OSF/Omidyar/Google.org/Ford funding"
44,"OpenProcurement","https://openprocurement.io",57.6,39,10,0.7,MEDIUM,NONE,criteria,"OpenProcurement's deployment as ProZorro in Ukraine produced $6 billion in documented procurement savings and direct anti-corruption outcomes, making this one of the strongest examples of a project that structurally corrects a significant power asymmetry rather than just making it visible. The score is limited by thin evidence of how civil society watchdogs were engaged in design and whether the transparency mechanism gives excluded suppliers genuine contestability rights."
45,"Principles for Public Participation in Procurement of AI","https://p4ai.net",57.2,42,6,0.6,MEDIUM,NONE,criteria,"This framework directly addresses the governance gap I care about most — who gets to shape the decision to deploy AI in public services. The multi-stakeholder methodology and documented influence on EU AI Act procurement guidelines suggest genuine policy traction. What it lacks is specific evidence of excluded community involvement in designing the principles."
46,"Adhocracy","https://adhocracy.plus",56.8,40,8,0.75,LOW,NONE,modifier,"Formal participatory budgeting in Berlin (Kiezkasse); M1 structural redistribution of budgeting authority to municipal residents; documents German-language focus and outcome attribution limitations"
47,"One Project","https://oneproject.org/",56.8,40,8,0.5,MEDIUM,NONE,criteria,"One Project's explicit framing around economic democracy — building infrastructure to connect participatory funds, community-led organisations, and solidarity economy networks — puts it firmly at the collaborates end of democratic depth, and the Horizon Fund's tracking of underrepresented communities demonstrates some attention to class dynamics. The thin outcome methodology and absence of documented limitations make it hard to assess whether the infrastructure actually redistributes economic decision-making to excluded communities."
48,"Humble Data Workshop","https://humbledata.org",56.2,42,5,0.75,MEDIUM,NONE,modifier,"Named excluded populations with named tech-sector exclusion mechanism; highest C2 in batch among non-governance tools; M3 active"
49,"ShineYourEye","https://www.shineyoureye.org",55.7,35,13,0.45,MEDIUM,NONE,modifier,"Nigerian citizens face a specific named exclusion mechanism — the absence of accessible, searchable legislative tracking infrastructure — that ShineYourEye directly corrects. The Nigerian context scores well on C5 and the focus on voter accountability in a complex civic environment demonstrates that the project is addressing a real structural gap rather than building on existing civic tech infrastructure."
50,"Community Tech","https://www.communitytech.network",55.7,35,13,0.5,MEDIUM,NONE,modifier,"The core proposition — technology built with, by and for communities that is locally accountable — names the mechanism by which civic tech fails excluded communities: technology designed externally for communities rather than by them. The policy report calling on UK government to ensure technology works for everyone is evidence of advocacy beyond network-building."
51,"Strike Map","https://strikemap.org",55.6,39,8,0.6,MEDIUM,NONE,criteria,"Strike Map documents collective worker action and makes labour solidarity visible and searchable — serving a documentation function that helps workers in disputes understand patterns across industries. The community reporting model and explicit disclaimer about coverage gaps show epistemic humility. What would elevate it further is evidence of how the map feeds back into worker organising rather than primarily serving researchers and journalists."
52,"Ethelo","https://ethelo.com",55.2,42,4,0.70,LOW,NONE,modifier,"Indigenous communities explicitly named among served populations in Metro Vancouver deployment; multi-party deliberation for collective decisions; M3 for indigenous population specificity; Telus/Deloitte/government backing moderates C5"
53,"CrowdJustice","https://www.crowdjustice.com",55.2,33,15,0.45,MEDIUM,NONE,modifier,"Access to legal challenge mechanisms is a specific named exclusion mechanism — legal action is prohibitively expensive without collective funding, and CrowdJustice directly enables people to pool resources for institutional challenges. The NHS GP surgeries case and other documented policy outcomes confirm structural impact. The for-profit model and limited self-examination of whether the platform systematically advantages well-connected campaigns is the gap that limits the score."
54,"FairBnb Coop","https://fairbnb.coop",55.0,41,5,0.65,MEDIUM,NONE,modifier,"Cooperative tourism platform redistributing value from extractive platforms to local communities; M1 for cooperative ownership model; currently offline due to security attack — operational status uncertain"
55,"Talk to the City","https://talktothecity.org",55.0,41,5,0.7,MEDIUM,MEDIUM,criteria,"The Silent Cry deployment for reentry challenges of formerly incarcerated people, alongside the Taiwan AI Assembly's 2,000-opinion deliberation, shows Talk to the City operating across populations and democratic contexts that score well on C2 and C6. What limits the score is insufficient evidence that the AI summaries actually shift institutional decisions rather than producing inputs absorbed into existing governance without changing power."
56,"CoBudget","https://cobudget.com",54.8,40,6,0.75,LOW,NONE,modifier,"Participatory budgeting with formal direct allocation of resources by groups; Cobudget Association cooperative governance; M1 for formal redistribution of financial decision-making authority; strong C6 democratic depth"
57,"Sci-Hub","https://sci-hub.se",54.6,39,7,0.6,MEDIUM,HIGH,modifier,"Sci-Hub is the most direct epistemic power asymmetry correction in this batch: it removes a specific named barrier (publisher paywall monopoly) that systematically excludes researchers in low-income countries from publicly-funded knowledge. The individual operation, legal precarity, and absence of participatory design are real limitations; I weight them less heavily than the structural correction it achieves in practice for the researchers most excluded."
58,"Give Food","https://www.givefood.org.uk",54.5,34,13,0.6,MEDIUM,NONE,modifier,"Food insecurity data made accessible for parliamentary advocacy — the Work and Pensions Committee use — demonstrates that evidence can shift policy when it names a structural need clearly. The geographic tracking of food insecurity and disparity identification show methodological commitment beyond simple data aggregation. I note that the focus on foodbanks as intermediaries means the actual food-insecure populations are several steps removed from the tool itself, which limits C3."
59,"Activist Handbook","https://activisthandbook.org",53.8,40,5,0.75,LOW,NONE,modifier,"Fully community-written wiki with iterative multi-stage contribution lifecycle; M5 for documented multi-stage engagement; Shuttleworth/Mozilla/OSF backing moderates C5"
60,"rsky","https://github.com/blacksky-algorithms/rsky",53.8,40,5,0.60,MEDIUM,NONE,modifier,"Community safety and self-governance as core design goals for AT Protocol; grassroots/indie; M1 for redistribution of platform governance to communities; strong C5 (volunteer-driven no institutional funding)"
61,"Loomio","https://www.loomio.org",53.5,34,12,0.6,MEDIUM,LOW,modifier,"Loomio's cooperative ownership model and documented use in the Mamdani mayoral campaign (13,000 members, zero paid staff, binding collective decisions) demonstrates genuine democratic depth at the collaborative/empowering end of the IAP2 spectrum. The limitation is that it primarily serves already-engaged communities with organizational infrastructure rather than populations with limited prior access to collective decision-making infrastructure."
62,"VFRAME","https://vframe.io",53.2,33,13,0.6,MEDIUM,NONE,modifier,"Computer vision for war crimes documentation addresses an epistemic power asymmetry — illegal munitions use goes undocumented without technical verification tools, enabling institutional impunity. Adoption by human rights organizations and evidence use in international humanitarian law proceedings confirms structural impact. The limitation is that VFRAME operates at one remove from affected populations."
63,"Objector.ai","https://www.objector.ai",52.9,36,9,0.55,MEDIUM,NONE,modifier,"Planning objection complexity is a genuine procedural barrier that systematically excludes communities from decisions about their built environment — Alexandra's constitution notes that forms and procedures are power-distributing artefacts. Objector.ai directly addresses this. I apply M4 at moderate magnitude because an AI tool that generates planning objections without documented accountability for the quality of those objections could shift the locus of legitimate participation without redistributing power."
64,"All Our Ideas","https://all-our-ideas.citizens.is",52.3,38,6,0.75,LOW,NONE,modifier,"Pairwise comparison for policy priority-setting; Iceland government consultation deployment with documented policy outcomes; M1 for formal participatory mechanism; Omidyar/NSF backing"
65,"Citizen OS","https://citizenos.com",52.3,38,6,0.75,LOW,NONE,modifier,"Formal democratic discussion and voting mechanisms; Estonia e-governance integration documented; M1 for formal participatory framework; documents digital literacy and language barriers as limitations"
66,"Open Collective","https://opencollective.com",51.6,39,4,0.6,MEDIUM,HIGH,criteria,"Open Collective's transition to OFiCo collective governance and its financial infrastructure for mutual aid groups and grassroots organisations demonstrates genuine attention to the power dynamics of civic finance. The medium C4 score reflects a gap: the dossier doesn't document whether the platform has examined how its fiscal hosting model might reproduce geographic and jurisdictional inequalities rather than correcting them."
67,"ClimateAction.tech","https://climateaction.tech",51.3,38,5,0.70,LOW,NONE,modifier,"100% volunteer cooperative network; no paid staff or known funders; highest C5 among scored projects; M5 for documented multi-stage volunteer community engagement"
68,"Gender Pay Gap Service","https://gender-pay-gap.service.gov.uk",51.1,37,6,0.75,LOW,NONE,modifier,"Mandatory disclosure mechanism for named population (women workers) excluded by specific mechanism (gender pay gap); M1 for formal correction of pay transparency asymmetry; documents threshold limitations (250+ employees only)"
69,"Privacy Badger","https://privacybadger.org",51.1,37,6,0.7,LOW,HIGH,criteria,"Privacy Badger addresses a structural surveillance power asymmetry — giving users technical sovereignty over third-party tracking — and its documented response to Google's vulnerability disclosure (changing from heuristic to pre-trained blocking) is exactly the kind of self-examination of technical assumptions my constitution rewards at C4. The score is constrained by generic beneficiary framing and limited lifecycle engagement with affected communities beyond the developer/user relationship."
70,"WhatDoTheyKnow","https://www.whatdotheyknow.com",50.5,34,9,0.6,LOW,MEDIUM,modifier,"FOI requests are a formal legal mechanism for citizens to compel government transparency, and WhatDoTheyKnow makes those rights accessible and visible at scale. The score reflects genuine democratic empowerment. I flag medium popularity risk — this is a well-known mySociety product — and note that the primary limitation is the FOI system's dependence on public authority compliance, which means the mechanism works best against responsive institutions."
71,"PlaceCal","https://github.com/geeksforsocialchange/placecal",50.3,38,4,0.70,MEDIUM,NONE,criteria,"Community-based organiser tool with documented engagement; strong C3+C5; M5 active for multi-stage lifecycle"
72,"Relational Tech Project","https://relationaltechproject.org",50.3,38,4,0.5,HIGH,NONE,criteria,"The by-with-and-for-neighbors mission makes explicit a participatory design ethic that most civic tech projects claim but few document; the grassroots/indie status and absence of professional communications infrastructure is itself evidence of structural disadvantage consistent with C5. The thin dossier is the main constraint — I cannot fully assess whether the participatory ethos translates into documented multi-stage engagement or specific named excluded populations served."
73,"Anna's Archive","https://annas-archive.org",49.7,35,7,0.35,HIGH,NONE,modifier,"Researchers/students excluded from academic knowledge by specific named mechanism (paywalls/copyright restrictions); M3 triggered; C6 suspended and C3/C4 floored per underdog protection (completeness 0.35); solo/grassroots with legal exposure"
74,"Atlas of Surveillance","https://atlasofsurveillance.org",48.1,37,3,0.75,LOW,NONE,modifier,"EFF project documenting police surveillance by demographics; strong C4 with disparity tracking; M7 for analysis of who benefits from surveillance asymmetry; EFF backing moderates C5"
75,"Right To Know","https://right-to-know.org",47.7,35,5,0.6,MEDIUM,NONE,criteria,"Right To Know gives communities a toolkit to discover environmental health hazards and has documented environmental justice framing and disparity tracking — naming both the population (environmental justice advocates) and a class of excluded knowledge (community awareness of local hazards). What stops it scoring higher is limited evidence of lifecycle engagement with communities in design and limited formal contestability mechanisms beyond information provision."
76,"Aleph (OCCRP)","https://aleph.occrp.org",46.7,35,4,0.85,LOW,HIGH,modifier,"Panama/Pandora Papers investigations with strong documented policy outcomes; M7 for mapping corporate-government complicity; honest C4 documents USAID dependency and editorial risk; pop_risk HIGH given prestige"
77,"Watch Duty","https://www.watchduty.org",45.4,29,10,0.45,MEDIUM,NONE,modifier,"Real-time wildfire information addresses a genuine life-safety information asymmetry — communities in wildfire-prone areas previously had limited access to the real-time situational data that first responders held. The volunteer first responder model is a genuine form of community participation in public safety infrastructure. The score is limited by the absence of any documented self-examination of who the platform reaches and who remains excluded by digital access."
78,"Public AI Inference Utility","https://publicai.co/",45.0,32,6,0.5,HIGH,NONE,criteria,"Public AI addresses the most acute AI power asymmetry in current civic tech: the concentration of inference infrastructure in a handful of commercial entities. Being very new (September 2025) with limited track record means governance and participatory engagement evidence is thin, which is why I flag high uncertainty; the M1 modifier applies because the theory of correction is structural and the Hugging Face partnership is a real mechanism."
79,"Beckton","https://richardpope.org/2017/03/05/beckton-a-tool-to-build",44.5,34,3,0.5,HIGH,NONE,criteria,"Beckton's conditional-commitment mechanism — only charging when critical mass is achieved — is a genuinely clever inversion of the free-rider problem for trade unions and civic groups, and the prototype rule applies because the democratic empowerment theory is described rather than just claimed. The honest never-quite-finished acknowledgement is the kind of reflexivity I value; the thin evidence base and prototype status keep the certainty low."
80,"Open Digital Planning","https://opendigitalplanning.org/",44.2,33,4,0.7,LOW,NONE,criteria,"Open Digital Planning's council-of-councils governance model and deployment across 100+ Local Planning Authorities demonstrates genuine multi-stage engagement at the infrastructure level, and digitising planning creates real accessibility gains for residents. What holds it back is that the design process centres planning authorities rather than residents — planning consultation has historically been dominated by those with time and literacy to engage, a structural exclusion the dossier doesn't examine."
81,"RxC Quadratic Voting","https://quadraticvote.radicalxchange.org",44.0,32,5,0.6,MEDIUM,NONE,criteria,"Quadratic voting's redistribution of voting power toward intensity of preference is a genuine structural intervention in collective decision-making, and RadicalXChange's explicit theory of democratic mechanism earns C6 credit. The generic beneficiary framing and absence of specific excluded-population engagement limit C2; this is a tool looking for contexts of structural exclusion rather than one built within them."
82,"Humanitarian Data Exchange","https://data.humdata.org",43.0,32,4,0.75,LOW,MEDIUM,modifier,"Serves humanitarian communities in active crisis zones (specific named populations); M3 for excluded access to humanitarian coordination data; geographic coverage gaps documented; pop_risk MEDIUM as UN/OCHA infrastructure"
83,"sourceAFRICA","https://sourceafrica.net",42.8,31,5,0.7,MEDIUM,NONE,criteria,"sourceAFRICA provides infrastructure for African investigative journalism — an epistemic power correction in a continent where press freedom and institutional accountability are structurally constrained. The ANCIR/Code for Africa governance gives it institutional legitimacy, but it sits at the informs end of democratic depth: it supports watchdog journalism rather than empowering affected communities to act on the documents themselves."
84,"Cybersecurity for Democracy","https://cybersecurityfordemocracy.org",42.7,35,0,0.75,LOW,NONE,criteria,"Policy influence on EU DSA platform regulation; disparity_tracking=true with demographic analysis; strong C4 with limitations documented; research-centre framing limits direct community centering"
85,"Bellingcat OSINT Toolkit","https://www.bellingcat.com/resources/how-tos",41.8,31,4,0.85,LOW,HIGH,modifier,"Enables accountability journalism on corporate-political power networks; M7 for investigation of intra-class dynamics; honest C4 documents independence controversy; pop_risk HIGH given prestige and prizes"
86,"Neighbourhood Warmth","https://www.mysociety.org/climate/neighbourhood-warmth",41.8,31,4,0.45,MEDIUM,NONE,criteria,"Community retrofit organizing addresses a real structural barrier — individual homeowners cannot access coordinated retrofit assessment without collective infrastructure. The team-formation model is genuinely collaborative in design intention. What limits the score is that this is prototype-stage with no published metrics, and the focus on homeowners means it addresses a relatively resource-rich population compared to renters and social housing residents."
87,"CoTech","https://www.cotech.uk",41.5,34,0,0.65,MEDIUM,NONE,criteria,"UK cooperative tech network with strong C6 cooperative governance; values-aligned tech businesses not maximally excluded populations; moderate across remaining criteria; member-supported model"
88,"Labour Xchange","https://labourxchange.uk",41.5,34,0,0.70,MEDIUM,NONE,criteria,"Strong C2 naming excluded worker populations; but limited participatory governance and critical self-examination"
89,"Land Explorer","https://landexplorer.coop",41.5,34,0,0.70,MEDIUM,NONE,criteria,"Cooperative land data tool with equity framing; moderate across criteria; no strong modifiers triggered"
90,"ODK (Open Data Kit)","https://getodk.org",40.6,30,4,0.80,LOW,NONE,modifier,"Data collection infrastructure for resource-constrained environments; M3 for Global South health/election communities; documents technical capacity requirements; Gates/World Bank/USAID/Omidyar moderates C5"
91,"CommunityRule","https://communityrule.info",40.2,33,0,0.70,LOW,NONE,criteria,"Governance toolkit for community self-governance; strong C6 democratic depth; documents English-speaking focus as limitation; Mozilla/Knight/Omidyar funding; moderate across criteria"
92,"The Decelerator","https://thedecelerator.org",40.2,33,0,0.70,LOW,NONE,criteria,"Free support for civil society organizational endings; disparity_tracking=true; honest documents scale and UK-only limitations; Pears/PHF/Esmee Fairbairn funding; time-limited project"
93,"Democracy Club Developer API","https://democracyclub.org.uk/projects/api",40.2,33,0,0.70,LOW,NONE,criteria,"Voter information API with community_ownership=true; volunteer-led across multiple UK elections; Omidyar/Google.org/Mozilla/Electoral Commission funding; voters broadly not specifically excluded populations"
94,"Missing Numbers","https://missingnumbers.org",40.2,33,0,0.75,LOW,NONE,criteria,"Data transparency tool with strong C4 critical framing; but limited direct community engagement"
95,"Murmurations Protocol","https://murmurations.network",40.2,33,0,0.75,MEDIUM,NONE,criteria,"Decentralised data protocol with community emphasis; moderate across criteria; no modifiers triggered"
96,"UK Housing Data Standards","https://hact.org.uk/tools-and-services/uk-housing-data-standards",40.2,33,0,0.80,LOW,NONE,criteria,"Equity-focused data standards with strong C2 on housing populations; limited participatory engagement at community level"
97,"Data Observation Toolkit","https://github.com/datakind/data-observation-toolkit",40.2,33,0,0.75,MEDIUM,NONE,criteria,"DataKind equity framing with moderate community orientation; C1+C4 carry score; no modifiers triggered"
98,"Open Heart Mind (OHM)","https://openheartmind.org",40.2,33,0,0.6,MEDIUM,NONE,criteria,"Open Heart Mind's peer evaluation platform and cooperative structure demonstrate genuine participatory methodology and collective governance; treating peer reviews as first-class contributions is an interesting inversion of standard academic valuation hierarchies. The early-stage status, small pilot evidence base, and thin connection to named excluded populations stop it from ranking higher."
99,"PlanIT","https://planit.org.uk",40.2,33,0,0.6,MEDIUM,NONE,criteria,"PlanIT's deployment across 15+ UK councils for formal planning consultations gives it genuine democratic depth at the consults level. The website being offline in 2026 and the absence of self-examination of who actually participates in planning consultations — generally not the most excluded communities — limits both C4 and confidence in continued impact."
100,"Keep It In The Community","https://plunkett.my.site.com/keepitinthecommunity/s",40.2,33,0,0.3,HIGH,NONE,criteria,"The Plunkett Foundation's community asset transfer platform is doing work directly relevant to power asymmetries in land and property — giving communities mechanisms to fight back against asset disposal. The thin dossier limits my scoring confidence significantly; based on Plunkett's track record in community asset transfer, I suspect this project scores higher than the documentation allows me to demonstrate."
101,"PolicyEngine","https://policyengine.org/uk",39.6,30,3,0.8,LOW,HIGH,criteria,"PolicyEngine's open-source distributional analysis creates genuine epistemic equity in policy debate — making regressive or progressive fiscal impacts legible to advocacy organisations without economics departments. The distributional impact analysis qualifies for M7 credit. What it doesn't do is name whose power position changes, involve excluded communities in designing the analysis, or examine whether its framing of policy as technically simulatable obscures the political choices embedded in model assumptions."
102,"The Commons Social Change Library","https://commonslibrary.org",39.0,32,0,0.70,LOW,NONE,criteria,"Free library for activists/campaigners; moderate C2 naming activist communities; Shuttleworth/Omidyar backing; no specific exclusion mechanism named for served populations"
103,"RxC Voice","https://github.com/radicalxchange/rxc-voice",39.0,32,0,0.65,MEDIUM,NONE,criteria,"Strong C6 democratic depth via quadratic voting; but limited evidence of excluded population centering"
104,"Mapped","https://mapped.commonknowledge.coop",39.0,32,0,0.65,MEDIUM,NONE,criteria,"Labour movement organising tool; moderate C2 naming excluded workers; Common Knowledge cooperative context"
105,"Open Referral UK","https://openreferraluk.org",39.0,32,0,0.7,MEDIUM,NONE,criteria,"Open Referral UK's data standard directly addresses the fragmentation that prevents vulnerable people from finding community services — a structural information asymmetry with real consequences for people in social care. The score is constrained by limited evidence of direct engagement with the residents who need the services most, whose experience should be driving standard design."
106,"Interoperable Deliberative Tools","https://metagov.org/projects/interop",37.8,31,0,0.65,MEDIUM,NONE,criteria,"Strong C4 governance analysis; moderate C6; limited community engagement evidence"
107,"Snowdrift.coop","https://snowdrift.coop",37.8,31,0,0.6,MEDIUM,NONE,criteria,"Snowdrift's crowdmatching mechanism is an attempt to solve the collective action problem in funding public goods — a structural intervention, not just a donation platform. The cooperative structure and honest alpha-stage documentation show genuine epistemic humility. The beneficiary population (open source developers, digital commons creators) is not structurally excluded in the sense this constitution rewards most highly."
108,"Creative Commons","https://creativecommons.org",36.6,30,0,0.80,LOW,HIGH,criteria,"Redistributes copyright power; strong C4 documenting AI training controversy and enforcement contradictions; pop_risk HIGH as foundational global infrastructure; generic creator/public beneficiaries limit C2"
109,"Consent-O-Matic","https://github.com/cavi-au/consent-o-matic",36.6,30,0,0.70,MEDIUM,NONE,criteria,"Addresses consent power asymmetry; strong C4 critical framing; limited participatory design evidence"
110,"Political Ad Transparency Standard","https://github.com/whotargetsme/ad-transparency-standards/blob/main/implement.md",36.6,30,0,0.70,MEDIUM,NONE,criteria,"Strong C4 on power analysis of political advertising; limited community engagement"
111,"Parliament Watch Uganda","https://parliamentwatch.ug/",36.6,30,0,0.5,HIGH,NONE,criteria,"Parliament Watch Uganda operates in a context of constrained democratic accountability — Ugandan parliamentary transparency is a higher-stakes intervention than its equivalents in consolidated democracies, and the C5 score reflects genuine structural disadvantage as a civil society project in a politically restricted environment. The dossier's thin outcome methodology prevents me from assessing whether the transparency actually feeds back into democratic participation for ordinary Ugandans."
112,"DoNotPay","https://www.donotpay.com",36.1,28,2,0.5,MEDIUM,NONE,modifier,"AI legal assistance addresses the financial exclusion mechanism that prevents people from exercising legal rights — access to justice as a class issue. The tool directly enables contestability. I apply M4 at moderate magnitude because a commercial AI legal service in regulatory gray zones without accountability frameworks creates new risks for users who may rely on incorrect advice; M1 partially offsets this for the genuine contestability enablement."
113,"The Accountability Project","https://publicaccountability.org",35.5,25,5,0.6,MEDIUM,NONE,modifier,"The Accountability Project's 1.9 billion public records database provides an epistemic power correction for investigative journalists exposing official misconduct — the scale alone is remarkable. What limits the score substantially is that this serves researchers and journalists rather than the communities whose lives are documented in those records; there is no mechanism for affected people to engage with or contest the data about themselves."
114,"arXiv","https://arxiv.org/abs/2005.13701",35.4,29,0,0.75,LOW,HIGH,criteria,"Open access academic infrastructure; documents language representation limitations (non-English research underrepresented); pop_risk HIGH as foundational global infrastructure; researchers/academics as primary users limit C2"
115,"mySociety Datasets and APIs","https://mysociety.org/data",35.4,29,0,0.75,LOW,NONE,criteria,"Parliamentary transparency infrastructure with FOI Act policy outcomes; documents geographic coverage gaps; researchers/journalists as primary beneficiaries limit C2; Omidyar/OSF/FCDO funding"
116,"Populate Tools","https://github.com/populatetools",35.4,29,0,0.55,MEDIUM,NONE,criteria,"Democratic data tools; moderate across criteria; limited dossier completeness reduces confidence"
117,"Matrix","https://matrix.org",35.4,29,0,0.85,LOW,HIGH,criteria,"Decentralised communication protocol; HIGH pop_risk: infrastructure-level tool without explicit equity mandate; strong C1+C4 but no community centering"
118,"Nook CRM","https://nookcrm.com",35.4,29,0,0.65,MEDIUM,NONE,criteria,"Community organising CRM; moderate C2+C3; limited evidence of democratic governance of tool itself"
119,"PolicyKit","https://policykit.org",35.4,29,0,0.6,MEDIUM,NONE,criteria,"PolicyKit's empowering-online-communities-to-evolve-their-own-governance framing positions it at the collaborates end of the IAP2 spectrum. The academic research context means limited evidence of deployment in communities facing structural exclusion; the tool is currently positioned for online community management rather than the harder governance problems I care about most."
120,"Diia","https://diia.gov.ua",34.2,33,-6,0.75,LOW,MEDIUM,modifier,"M4 applied: wartime data centralisation expansion without commensurate accountability governance; formal service access mechanism for Ukrainian citizens; pop_risk MEDIUM; government-operated limits C5"
121,"Engine Room Library","https://library.theengineroom.org",34.1,28,0,0.75,LOW,NONE,criteria,"Advocacy and civil society resource library; moderate C4 critical framing; C1 limited"
122,"Abstract Wikipedia","https://meta.wikimedia.org/wiki/abstract_wikipedia",34.1,28,0,0.70,MEDIUM,NONE,criteria,"Knowledge equity framing; moderate C2; limited participatory design evidence at community level"
123,"Pursuance Project","https://pursuanceproject.org",34.1,28,0,0.5,MEDIUM,NONE,criteria,"Pursuance provides secure collaborative infrastructure for activists and journalists — an enabling layer rather than a power correction mechanism in itself. The free open-source provision and focus on civil society rather than institutional actors gives it grassroots credibility. The absence of any documentation of what it has been used for or who uses it makes substantive assessment impossible."
124,"Who Targets Me Trends","https://trends.whotargets.me",34.1,28,0,0.6,MEDIUM,NONE,criteria,"Who Targets Me Trends makes political advertising targeting legible to researchers and election monitors across 60+ countries — a transparency function for digital political power. The score is constrained by the informs level democratic depth (researchers can see the targeting but affected citizens cannot contest it) and the lack of specific excluded-population framing in how political advertising harms are distributed."
125,"Objector.ai","https://objector.ai",33.8,31,-4,0.5,MEDIUM,NONE,criteria,"Objector.ai lowers the barrier to filing formal planning objections, which is genuinely useful for communities that find planning bureaucracy intimidating, and there is documented evidence of community empowerment (Moylgrove Community). The M6 reduction applies because the AI-generated letter approach treats planning objection as a technical drafting problem rather than examining how planning systems systematically exclude certain community voices regardless of how well-drafted their objections are."
126,"Mastodon","https://github.com/mastodon/mastodon",32.9,27,0,0.85,LOW,HIGH,criteria,"Federated social network; HIGH pop_risk: infrastructure-level tool without explicit equity mandate for excluded populations"
127,"Monitor Mamdani","https://monitormamdani.com/",32.9,27,0,0.65,MEDIUM,NONE,criteria,"Political accountability monitoring tool; moderate C5 underdog signal; limited participatory engagement"
128,"Turn2Us Benefits Calculator","https://www.turn2us.org.uk/benefits-calculator",32.4,29,-3,0.70,LOW,NONE,modifier,"M6 applied: informational benefits eligibility tool; low-income households as named population but exclusion mechanism (complex welfare system) not explicitly named; DWP partnership reduces C5"
129,"Community Notes Analysis","https://github.com/travisbrown/birdwatch",31.7,26,0,0.70,MEDIUM,NONE,criteria,"Strong C4 critical analysis of platform power; limited C2+C3; primarily analytical tool"
130,"Coral","https://coralproject.net",31.7,26,0,0.75,LOW,NONE,criteria,"Strong C4 documenting AI bias in non-English moderation and disparity in outcomes; newsrooms not excluded populations; comment infrastructure limits C6; Knight/Mozilla/NYT backing"
131,"CiviCRM","https://civicrm.org",31.7,26,0,0.75,LOW,NONE,criteria,"Open source CRM for nonprofits with community-governed LLC structure; documents accessibility limitations; nonprofits broadly not excluded populations; infrastructure limits democratic depth"
132,"Conservative Party Funding","https://github.com/jrmontag/uk-conservative-party-funding",31.7,26,0,0.35,HIGH,NONE,criteria,"Solo unfunded project exposing UK political funding power asymmetry; C6 suspended and C3/C4 floored per underdog protection (completeness 0.35); strong C5 for solo/unfunded; score above floor"
133,"Participedia","https://participedia.net",31.7,26,0,0.7,MEDIUM,MEDIUM,criteria,"Participedia's crowdsourced documentation of 1,800+ participatory democracy cases creates a genuinely useful epistemic resource for practitioners, and the multi-university governance demonstrates some participatory process. The communities documented in the cases are rarely the same communities contributing documentation — the knowledge infrastructure runs through researchers and practitioners, not the participants themselves."
134,"Society for Hopeful Technologists","https://societyforhopefultechnologists.org",31.7,26,0,0.5,HIGH,NONE,criteria,"The Society for Hopeful Technologists is creating solidarity infrastructure for tech workers who want to push back against harmful deployments — something I think matters. The pre-launch status and informal network structure limit evidence-based scoring significantly; I note it as genuinely underdog-positioned (earning C5 credit), but there is insufficient evidence to score the other criteria with confidence."
135,"Unpaywall Browser Extension","https://unpaywall.org/products/extension",31.7,26,0,0.6,MEDIUM,NONE,criteria,"Unpaywall reduces the barrier to accessing legally available open access papers for researchers who lack institutional subscriptions — a genuine if modest epistemic power correction. The beneficiary population includes students and citizens from under-resourced institutions, which earns C2 credit. The tool is an access facilitator rather than a mechanism that changes who produces or controls knowledge."
136,"Deliberation & Technology (DelibTech) Network","https://www.demnext.org/projects/delibtech-network",31.7,26,0,0.4,HIGH,NONE,criteria,"A practitioner network for deliberative democracy technology is genuinely useful infrastructure, but the primary beneficiaries are technologists and practitioners rather than communities whose deliberation is being designed. The score reflects the democratic depth of network governance and the importance of the domain without overstating the evidence base."
137,"FarmerChat","https://farmerchat.digitalgreen.org",31.5,34,-10,0.65,MEDIUM,NONE,modifier,"M2 applied: AI tool funded by Gates/CGIAR collecting agricultural data from smallholder farmers under empowerment framing; strong C2 for Global South farmers as specific excluded population undermined by profiling-as-empowerment pattern"
138,"EntitledTo","https://www.entitledto.co.uk",31.1,28,-3,0.70,LOW,NONE,modifier,"M6 applied: informational benefits calculator for low-income households; DWP-integrated; benefit claimants as named population; UK only; no disparity tracking"
139,"DISARM Frameworks","https://github.com/disarmfoundation/disarmframeworks",30.5,25,0,0.80,LOW,NONE,criteria,"Counter-disinformation framework; moderate C1+C4; limited community participation and excluded population focus"
140,"Open Council Network","https://opencouncil.network",30.5,25,0,0.6,MEDIUM,NONE,criteria,"Open Council Network tracks local government decision-making and produces weekly summaries — a useful transparency function for citizens and campaigners wanting to monitor their councils. The community-led governance with advisory board gives it more democratic process than most transparency tools, but it sits firmly at the informs level and the dossier provides no evidence of engagement with the communities most affected by council decisions."
141,"MP Watch","https://www.mpwatch.org",30.5,25,0,0.4,HIGH,NONE,criteria,"Connecting citizens with MPs on climate action addresses the accountability gap between electoral promises and actual voting records in a specific issue domain. The underdog signal for a small advocacy organization is real. The score is limited by generic beneficiary framing (citizens, campaigners, MPs) without specific analysis of which communities are most excluded from climate accountability conversations."
142,"Wikidata","https://www.wikidata.org",30.5,25,0,0.55,LOW,HIGH,criteria,"Wikidata is an epistemic commons that partially corrects the exclusion of non-Western and non-English knowledge from machine-readable data infrastructure. The documented awareness of coverage gaps and ongoing initiatives for Global South representation show methodological self-awareness. I flag high popularity risk — Wikidata is one of the most well-known open data projects globally, and the score is based on genuine criteria assessment rather than documentation richness."
143,"OA.Works","https://oa.works/",30.1,28,-4,0.7,MEDIUM,NONE,criteria,"OA.Works addresses the knowledge equity problem in scholarly publishing through tools like OA.Report for compliance tracking — the global South deployment evidence is meaningful. The M6 reduction reflects my concern that the tools primarily help institutions comply with mandates rather than examining how open access policy itself might reproduce inequalities in whose research is valued as worth open-accessing."
144,"deliberAIde","https://www.deliberaide.com",30.1,28,-4,0.55,MEDIUM,NONE,criteria,"AI-supported dialogue analysis in government consultations has genuine deliberative democracy value — structured synthesis of consultation inputs can counteract the well-documented problem of consultation responses from organized interests drowning out individual voices. I apply M4 at weak magnitude because the documented limitations (language model bias in non-English contexts, limited transparency on training data) are acknowledged but not fully resolved."
145,"CivicPress","https://civicpress.dev",30.0,20,0,0.30,HIGH,NONE,[floor],"Underdog protection floor: completeness 0.30 < 0.4; solo self-funded project founded 2025; C6 suspended; minimal dossier data"
146,"Filmot","https://filmot.com",30.0,18,0,0.30,HIGH,NONE,[floor],"Underdog protection floor: completeness 0.30 < 0.4; solo indie YouTube subtitle search; patronage model; C6 suspended; minimal dossier data"
147,"Channel","https://channel.org",30.0,19,0,0.30,HIGH,NONE,[floor],"Underdog protection floor: completeness 0.30 < 0.4; Newsmast Foundation content platform; C6 suspended; minimal dossier data"
148,"CoTSI","https://cyber.fsi.stanford.edu",30.0,17,0,0.30,HIGH,NONE,[floor],"Underdog protection floor: completeness 0.30 < 0.4; Stanford Internet Observatory academic database on verification markets; C6 suspended; minimal dossier data"
149,"Ddocs","https://ddocs.org",30.0,17,0,0.20,HIGH,NONE,[floor],"Underdog protection floor: completeness 0.20 < 0.4; decentralised documentation platform; community_ownership=true; C6 suspended; minimal dossier data"
150,"Dovetail","https://dovetail.uk",30.0,17,0,0.30,HIGH,NONE,[floor],"Underdog protection floor: completeness 0.30 < 0.4; UK nonprofit digital matchmaking; Nesta/Comic Relief; C6 suspended; minimal dossier data"
151,"DoGooder","https://dogooder.co",30.0,20,0,0.35,HIGH,NONE,[floor],"Underdog protection floor: completeness 0.35 < 0.4; civic advocacy platform; dead_link at scrape; C6 suspended; minimal dossier data"
152,"Collab.Land","https://collab.land",30.0,15,0,0.30,HIGH,NONE,[floor],"Underdog protection floor: completeness 0.30 < 0.4; VC-backed token-gated membership; C6 suspended; minimal dossier data"
153,"CivicMatch","https://civicmatch.org",30.0,16,0,0.25,HIGH,NONE,[floor],"Underdog protection floor: completeness 0.25 < 0.4; civic opportunity matching platform; C6 suspended; minimal dossier data"
154,"Dunadyne","https://dunadyne.com",30.0,15,0,0.20,HIGH,NONE,[floor],"Underdog protection floor: completeness 0.20 < 0.4; DUNA collective intelligence SaaS; C6 suspended; minimal dossier data"
155,"Sunlight Foundation Community Methodology","https://communities.sunlightfoundation.com/methodology",30.0,15,0,0.10,HIGH,NONE,[floor],"Underdog protection floor: no dossier file found; completeness 0.10; maximum uncertainty; C6 suspended"
156,"Granitt","https://granitt.io",30.0,13,0,0.15,HIGH,NONE,[floor],"Underdog protection floor applied: dossier_completeness 0.15 < 0.4; minimal dossier data; HIGH uncertainty"
157,"Hand-Written Petition Scanner","https://hand-written-petition-scanner.streamlit.app",30.0,24,0,0.30,HIGH,NONE,[floor],"Underdog protection floor applied: dossier_completeness 0.30 < 0.4; dead link; petition accessibility tool for excluded populations"
158,"Ladder Hub","https://ladderhub.org/",30.0,19,0,0.25,HIGH,NONE,[floor],"Underdog protection floor applied: dossier_completeness 0.25 < 0.4; limited data; apparent community focus"
159,"Mapping.kids","https://mapping.kids",30.0,17,0,0.10,HIGH,NONE,[floor],"Underdog protection floor applied: dossier_completeness 0.10 < 0.4; all null dossier fields; HIGH uncertainty"
160,"liberopinion.com","https://liberopinion.com",30.0,16,0,0.00,HIGH,NONE,[floor],"Underdog protection floor applied: no dossier file found; completeness 0.00; maximum uncertainty"
161,"Membership (prototype)","https://medium.com/@abscond/membership-a-prototype-ea822b2683b",30.0,19,0,0.20,HIGH,NONE,[floor],"Underdog protection floor applied: dossier_completeness 0.20 < 0.4; 403 access; limited dossier data"
162,"Agreement Engine","https://medium.com/metagov/introducing-the-agreement-engine-bf03b6d5c16c",30.0,21,0,0.25,HIGH,NONE,[floor],"Underdog protection floor applied: dossier_completeness 0.25 < 0.4; 403 access; governance tooling"
163,"Local Deep Researcher","https://local-deep-researcher-hnmh.vercel.app/",30.0,12,0,0.20,HIGH,NONE,[floor],"Underdog protection floor applied: dossier_completeness 0.20 < 0.4; 404 access; minimal dossier data"
164,"Unknown Academic Paper (SSRN 5351275)","https://papers.ssrn.com/sol3/papers.cfm?abstract_id=5351275",30.0,23,0,0.1,HIGH,NONE,criteria,"Uncertainty: HIGH. The dossier is effectively empty — no communities served, no issue area, no project description. The underdog protection floor applies because the paper could document important civic tech research that lacks a rich web presence; until the content can be read, I cannot score this project meaningfully and apply the minimum floor."
165,"[Unidentified — tracking-template-38b4c]","https://tracking-template-38b4c.web.app",30.0,0,0,0.0,HIGH,NONE,criteria,"Uncertainty: HIGH. The dossier is entirely blank — the Firebase web app URL provides no identifying information about the project's purpose, communities, or mechanism. I apply the underdog protection floor given the absence of documentation, but this is an abstention in all but formality."
166,"Consciousness Evolution Operating System (ConSoc)","https://www.consoc.io",30.0,20,0,0.15,HIGH,NONE,criteria,"The dossier for ConSoc is almost entirely blank — tagline 'Feel Symbiotic Cooperation' and civic technology practitioners as beneficiaries is all I have to work with. The constitution requires me to apply underdog protection for completeness below 0.4, and the floor of 30 applies. I cannot make any substantive scoring judgment about this project."
167,"We Live It","https://www.welivedit.ai",30.0,20,0,0.2,HIGH,NONE,criteria,"AI-powered community-driven urban planning is a domain I value, but the dossier is almost empty — even the primary_users_or_beneficiaries field appears broken. I apply the underdog floor of 30 because completeness is below 0.4. I cannot assess whether this is a genuinely empowering tool or a commercial AI platform using community engagement language without substance."
168,"Aragon","https://aragon.org",29.9,27,-3,0.70,MEDIUM,NONE,modifier,"M6 applied: DAO governance for VC-backed crypto entities; token holders not excluded populations; Polychain/Dragonfly/Consensys backing; limited civic relevance"
169,"Open Data Editor (ODE)","https://okfn.org/en/projects/open-data-editor/",29.9,27,-3,0.6,MEDIUM,NONE,criteria,"Open Data Editor makes tabular data validation accessible to non-technical actors in civil society and government — a genuine democratisation of data quality. The Global South deployment earns C2 credit. The M6 reduction reflects the tool's framing as technical data hygiene rather than engaging with the political questions of why certain data standards are adopted and whose knowledge gets counted as valid."
170,"Civic Tech Field Guide","https://civictech.guide",29.3,24,0,0.65,MEDIUM,NONE,criteria,"Explicitly acknowledges Western bias and limited Global South representation as core limitation; strongest honest C4 self-examination of type; underdog_signal; FNF funding"
171,"openparliament.ca","https://openparliament.ca/",29.3,24,0,0.6,MEDIUM,NONE,criteria,"openparliament.ca makes Canadian parliamentary activity searchable by individual, making political accountability more accessible to citizens and researchers. The individual/grassroots maintainer gives it genuine C5 underdog credibility. What limits the score is the informs democratic depth — users can search what their representatives said, but the tool gives them no mechanism to influence what happens next."
172,"FixMyStreet","https://www.fixmystreet.com",29.3,24,0,0.65,LOW,NONE,criteria,"FixMyStreet addresses citizen-council accountability gaps in street maintenance — a real if relatively low-stakes power asymmetry. What limits the score is that the mechanism is informational (report a problem) rather than structural (guarantee a response), coverage varies significantly by local authority, and there is no evidence that the design examined which communities are systematically excluded from reporting or receiving responses."
173,"WriteToThem","https://www.writetothem.com",29.3,24,0,0.55,MEDIUM,NONE,criteria,"Making it easier to contact elected representatives is a genuine democratic access mechanism, particularly for people unfamiliar with the political system. The limitation that defines the score is that WriteToThem cannot guarantee or even track responsive rates from elected officials, which means the tool improves access to the mechanism without examining whether that mechanism is itself responsive to ordinary constituents relative to organized interests."
174,"Local Intelligence Hub","https://www.localintelligencehub.com",29.3,24,0,0.5,MEDIUM,NONE,criteria,"Data for climate campaigners to demonstrate public mandate to MPs is useful organizing infrastructure, but the beneficiaries — campaigners and organizers — are already-organized civic actors rather than communities excluded from political processes. The members-only restriction and variable dataset currency limit both the transparency of the tool and the ability to assess its equity impacts."
175,"Constitute Project","https://constituteproject.org",28.0,23,0,0.70,LOW,NONE,criteria,"Constitutional database used in high-stakes design processes; documents limitation of focusing on written documents over informal practices; researchers/courts not excluded populations; NED/OSF/Google.org funding"
176,"Moral Machine","https://moralmachine.net",28.0,23,0,0.70,LOW,NONE,criteria,"Ethical AI crowdsourcing; moderate C3+C4; but limited direct community empowerment or excluded population centering"
177,"Open Letter","https://openletter.earth",28.0,23,0,0.5,MEDIUM,NONE,criteria,"Open Letter facilitates open letter campaigns with documented outcomes like making a Brussels avenue car-free. This is consults level democratic engagement — expressing collective views to decision-makers without binding them to respond. The generic civic beneficiary framing and absence of any self-examination of whether open letter campaigns reach beyond already-engaged civic participants limits the score."
178,"Tech Coops List","https://tech-coops.xyz",28.0,23,0,0.5,MEDIUM,NONE,criteria,"The Tech Coops List documents an alternative model of technology production where workers own the means — directly relevant to my interest in intra-class dynamics and who benefits from digital labour. But this is an information resource rather than a mechanism that redistributes power within the tech sector; the directory format limits the democratic depth score."
179,"Internet Archive Wayback Machine","https://web.archive.org",28.0,23,0,0.7,LOW,HIGH,criteria,"The Internet Archive preserves the historical record against institutional erasure, which is a genuine epistemic power asymmetry correction — governments and corporations can unpublish evidence, but the Archive provides persistent public access. I flag high popularity risk. The primary limitation is that the Archive operates as a passive repository rather than an active contestability mechanism."
180,"TheyWorkForYou","https://www.theyworkforyou.com",28.0,23,0,0.6,LOW,MEDIUM,criteria,"Parliamentary transparency is a genuine democratic need and TheyWorkForYou does it well, but the primary limitation is that making voting records accessible informs citizens without giving them any mechanism to act on that information. The score reflects a solid information asymmetry correction without the structural contestability that would lift it higher."
181,"Campaign Tracker","https://www.campaigntracker.nl/en",28.0,23,0,0.6,MEDIUM,NONE,criteria,"Political advertising spend transparency in Dutch elections with documented policy impact (2023 electoral law changes) is a genuine accountability mechanism. What limits the higher bracket is that journalists and researchers benefit more directly than the voters who are the nominal targets of the advertising — the accountability circuit runs through professional intermediaries rather than directly empowering affected communities."
182,"OpenSanctions","https://www.opensanctions.org",28.0,23,0,0.55,MEDIUM,NONE,criteria,"Open source sanctions and PEP data is useful investigative infrastructure, but the primary beneficiaries — compliance professionals, financial institutions, investigators — are professional and institutional actors rather than populations affected by the sanctioned individuals' actions. The documented LLM error issues and human moderation requirements show methodological honesty."
183,"Full Fact AI","https://fullfact.org/ai",26.9,27,-6,0.80,LOW,NONE,modifier,"M4 applied: AI processing 333k sentences/day with limited transparency on algorithmic decision-making; fact-checkers not excluded populations; strong deployment record; Google/Facebook/Omidyar/NED funding"
184,"youtube-dl","https://github.com/ytdl-org/youtube-dl",26.8,22,0,0.75,LOW,HIGH,criteria,"HIGH pop_risk: infrastructure tool without equity mandate; some C5 underdog signal from copyright battles"
185,"In The News","https://en.wikipedia.org/wiki/Wikipedia:In_the_news",26.8,22,0,0.55,MEDIUM,NONE,criteria,"Volunteer-driven Wikipedia news section; documents Western/coverage bias as limitation; general public as primary users; limited governance depth; Wikimedia Foundation"
186,"Digital Account Management Toolkit","https://digitalcharity.org.uk",26.8,22,0,0.60,MEDIUM,NONE,criteria,"Nonprofit account security for civil society; civil society as indirect beneficiaries; limited excluded population focus; Digital Charity Lab; UK/Ireland only"
187,"GrantNav","https://grantnav.threesixtygiving.org",26.8,22,0,0.70,LOW,NONE,criteria,"Funding transparency tool; moderate C1+C4; limited community participation design"
188,"JOSS","https://joss.theoj.org",26.8,22,0,0.70,LOW,NONE,criteria,"Open source academic publishing; moderate C3+C4; limited excluded population centering"
189,"Open Access – Transparency International UK","https://openaccess.transparency.org.uk",26.8,22,0,0.6,MEDIUM,NONE,criteria,"Open Access TI UK provided beneficial ownership transparency data that supported civil society advocacy on corporate accountability. The platform appears to be offline as of 2026, raising sustainability questions, and the primary beneficiaries (journalists, compliance professionals) are several removes from the communities harmed by financial opacity."
190,"Parse The Bill","https://parsethebill.com",26.8,22,0,0.5,MEDIUM,NONE,criteria,"Parse The Bill reduces the complexity barrier to understanding UK parliamentary legislation — a useful information equity function. The AI-accuracy caveat is honestly stated. What it doesn't address is the structural inequality of who can act on understanding a bill: the legislative participation gap is about access to institutional power, not just bill comprehension."
191,"Spartacus","https://spartacus.app",26.8,22,0,0.4,MEDIUM,NONE,criteria,"Spartacus's conditional commitment mechanism is interesting as a collective action solution, but the dossier gives no evidence of who is using it, what problems it is solving, or whether it actually helps excluded communities overcome collective action barriers rather than helping already-organised groups coordinate more efficiently."
192,"Mastodon C","https://www.mastodonc.com",26.8,22,0,0.5,MEDIUM,NONE,criteria,"Data science and analytics consultancy for open data and civic technology is infrastructure-level work that enables other accountability mechanisms. The documented policy contributions (UK open data standards, EU data governance) show genuine impact. The score is limited by the professional service model — the direct beneficiaries are government and civil society clients."
193,"Who Posted What?","https://whopostedwhat.com",26.8,22,0,0.5,MEDIUM,NONE,criteria,"A grassroots investigative tool enabling fact-checkers to search Facebook content for public interest work — the individual authorship and access restrictions demonstrate both structural disadvantage (high C5) and methodological care (access limited to verified public interest workers). The score is primarily driven by the underdog signal and the genuine epistemic accountability function."
194,"Open Supply Hub","https://opensupplyhub.org",26.1,28,-8,0.7,MEDIUM,MEDIUM,modifier,"Open Supply Hub's global supply chain mapping creates transparency that advocacy organisations can use to pressure brands on worker conditions. The M2 reduction reflects my concern that the data flows primarily to brands and retailers rather than to the workers in those facilities — transparency enabling better institutional management of supply chains is not the same as transparency that gives workers power over their conditions."
195,"Frankenstein Bill","https://gordonguthrie.github.io/frankensteinbill",25.6,21,0,0.70,MEDIUM,NONE,criteria,"Legislative transparency tool; moderate C5 underdog signal; limited participatory design"
196,"Find Local Consultations","https://gov.uk/find-local-consultations",25.6,21,0,0.65,LOW,NONE,criteria,"Government consultation access tool; moderate C1+C6; limited community engagement design"
197,"Remember to Vote","https://remembertovote.org.uk",25.6,21,0,0.5,MEDIUM,NONE,criteria,"Remember to Vote addresses a specific participation barrier — voter ID requirements creating confusion about polling station logistics — with a free SMS reminder service. This is informs level democratic engagement: reminding people of a right they already have rather than addressing why some communities participate less in elections."
198,"The Government Says","https://thegovernmentsays.com",25.6,21,0,0.5,MEDIUM,NONE,criteria,"The Government Says aggregates UK government press releases in real time — a monitoring tool that reduces information asymmetry between government communications professionals and those tracking official messaging. This is primarily useful for journalists and researchers; the community-driven governance is noted but the tool sits firmly at the informs level."
199,"Bluesky Social","https://bsky.app",25.0,23,-3,0.65,LOW,HIGH,modifier,"M6 applied: VC-backed consumer social app without explicit equity mandate; pop_risk HIGH; Sequoia/Benchmark/Khosla backing; general public as primary users limit C2"
200,"Docs Plus","https://docsplus.com",24.4,20,0,0.45,MEDIUM,NONE,criteria,"Open-source collaborative docs with community_ownership; thin dossier reduces confidence; Grant for Web/Nesta; limited excluded population focus"
201,"Logos","https://logos.co/",24.4,20,0,0.50,HIGH,NONE,criteria,"Privacy/censorship resistance tool; moderate C1; limited community centering; HIGH uncertainty from low completeness"
202,"Members' Interests","https://membersinterests.org.uk",24.4,20,0,0.50,HIGH,NONE,criteria,"Parliamentary accountability tool; moderate C1+C4; 404 access; HIGH uncertainty"
203,"OpenBudgets.eu","https://openbudgets.eu",24.4,20,0,0.6,MEDIUM,NONE,criteria,"OpenBudgets.eu made EU budget data more accessible and analysable — a transparency function for fiscal accountability. At informs level democratic depth, this serves analysts rather than giving affected communities any formal mechanism to contest budget allocations."
204,"Turbo Phonebank","https://turbophonebank.com",24.4,20,0,0.5,MEDIUM,NONE,criteria,"Turbo Phonebank is a free grassroots tool for campaign canvassing that lowers the resource barrier for volunteer-driven advocacy. The single-maintainer structure earns C5 credit. The beneficiaries are campaigners and organisers, who are not structurally excluded in the sense this constitution rewards most highly."
205,"Violation Tracker UK","https://violationtrackeruk.goodjobsfirst.org",24.4,20,0,0.4,HIGH,NONE,criteria,"A database of corporate violations and enforcement actions is useful accountability infrastructure, but the thin dossier (JS required to access the database) limits what I can assess. The information is primarily useful to researchers and journalists rather than the workers or communities harmed by the violations."
206,"CKAN","https://ckan.org",23.2,19,0,0.80,LOW,HIGH,criteria,"Government open data management infrastructure without explicit equity mandate; pop_risk HIGH as global government data standard; UK/World Bank/EU Commission backing; researchers/government not excluded populations"
207,"Sugartrail","https://github.com/ribenamaplesyrup/sugartrail",23.2,19,0,0.55,HIGH,NONE,criteria,"Corporate network analysis; moderate C5 underdog signal; limited community engagement"
208,"Kialo","https://kialo.com",23.2,19,0,0.60,MEDIUM,NONE,criteria,"Structured debate platform; moderate C6; limited excluded population focus"
209,"DemTech Navigator","https://navigator.oii.ox.ac.uk",23.2,19,0,0.55,MEDIUM,NONE,criteria,"Democratic technology navigator; moderate C4; academic framing limits community centering"
210,"Citizens Advice Tableau Public Profile","https://public.tableau.com/app/profile/citizensadvice/vizzes",23.2,19,0,0.4,MEDIUM,NONE,criteria,"Citizens Advice's data visualisations track client demographics and advice issues — the underlying data is about people facing financial difficulty, housing problems, and benefit denials. But the visualisations serve researchers and policymakers rather than the affected clients; there is no documented mechanism for the data to feed back into service improvement co-designed with clients."
211,"Go Vocal","https://www.govocal.com",23.0,23,-5,0.45,HIGH,NONE,criteria,"A commercial government engagement platform with some documentation of community consultation outcomes. I apply M4 at moderate magnitude because the proprietary algorithm for AI analysis lacks transparency, which is precisely the governance gap I look for in tools used to synthesize public participation data — the translation from community input to policy recommendation is hidden inside a commercial product."
212,"OA.Report","https://oa.report",22.0,18,0,0.60,MEDIUM,NONE,criteria,"Open access reporting tool; moderate C1+C4; academic infrastructure without community focus"
213,"OSINT Framework","https://osintframework.com",22.0,18,0,0.5,MEDIUM,NONE,criteria,"OSINT Framework provides a curated toolkit for open source intelligence gathering — primarily useful for journalists, investigators, and security researchers. The individual/grassroots maintenance and thin documentation earn C5 credit. The tool is neutral infrastructure that could serve investigative accountability as easily as surveillance."
214,"The List","https://the-list.uk",22.0,18,0,0.5,MEDIUM,NONE,criteria,"The List is a single-person resource tracking UK trust and foundation funding changes — genuinely useful for cash-strapped small charities navigating the funding ecosystem. The reliance on community-submitted data and honest sustainability concerns earn it C5 credit. This is primarily institutional information flow rather than a power correction for the communities that the charities serve."
215,"MyActionCenter","https://www.myaction.center",22.0,18,0,0.4,HIGH,NONE,criteria,"Activist coordination tools for organized campaigns have value in the democratic infrastructure, but the primary users — nonprofits and political organizations — are already-organized actors, and the tool requires NationBuilder platform access with associated fees."
216,"Parallel Parliament","https://www.parallelparliament.co.uk",22.0,18,0,0.45,HIGH,NONE,criteria,"Parliamentary tracking with live transcripts and bill amendment tracking is useful civic infrastructure for researchers and policy professionals. The underdog signal for a small commercial startup is real. The primary limitation is that the beneficiaries are professionals and researchers rather than communities excluded from political processes."
217,"WhatGov","https://www.whatgov.co.uk",22.0,18,0,0.35,HIGH,NONE,criteria,"Parliament, Clearly — a useful simplification layer on parliamentary information, but the sparse dossier and generic citizen framing prevent a higher score. The tool informs rather than empowers, and there is no documented engagement with how it reaches communities excluded from political processes by literacy, language, or digital access barriers."
218,"Public Editor","https://www.publiceditor.io",22.0,18,0,0.35,HIGH,NONE,criteria,"Collaborative fact-checking has epistemic accountability value, but the sparse dossier prevents a full assessment. The beneficiaries (journalists, media organizations, readers) are primarily professional and engaged civic actors. There is no evidence of community engagement with the tool's design or critical examination of whether collaborative fact-checking redistributes epistemic authority or consolidates it in media institutions."
219,"Wikum","https://www.csail.mit.edu/research/wikum-bridging-discussion-systems-and-wikis-collective-summarization",22.0,18,0,0.4,HIGH,NONE,criteria,"Collective summarization of large online discussions is an interesting deliberative infrastructure tool. The academic context limits the evidence base for real-world deployment and community impact. The score reflects genuine democratic depth potential without evidence that this has been deployed at scale with excluded populations."
220,"EDGAR","https://github.com/bellingcat/edgar",21.4,20,-3,0.60,MEDIUM,NONE,modifier,"M6 applied: technical CLI tool for SEC data retrieval; journalists/researchers not excluded populations; Bellingcat backing; no community governance dimension"
221,"Contracts for Data Collaboration","https://theodi.org/article/contracts-for-data-collaboration",21.4,20,-3,0.60,MEDIUM,NONE,modifier,"M6 applied: academic data governance framework document; researchers/policymakers as users; Berkman Klein/Mozilla/NSF funding; technical framing without community engagement"
222,"Fatebook","https://fatebook.io",21.4,20,-3,0.70,MEDIUM,NONE,modifier,"M6 applied: prediction market framing treats civic information as optimisation problem; researchers/forecasters not excluded populations; Open Philanthropy/SFF funding; LLC governance"
223,"Nym","https://nymtech.net",20.7,17,0,0.65,MEDIUM,NONE,criteria,"Privacy network infrastructure; moderate C1; limited community centering and participatory design"
224,"Plinth","https://www.plinth.org.uk",20.7,17,0,0.5,MEDIUM,NONE,criteria,"AI platform for measuring community impact and managing government programs has genuine infrastructure value for charities and local authorities. The HAF programme management use-case is concrete. What limits the score is that the direct beneficiaries are organizations (charities, funders) rather than communities, and there is no evidence that the platform critically examines whether its measurement frameworks capture what matters to the communities being served."
225,"Vote for Policies","https://voteforpolicies.org.uk",20.7,17,0,0.4,HIGH,NONE,criteria,"Blind policy comparison for voters is a genuinely useful epistemic tool for reducing tribal voting. The project is now discontinued after the 2024 election. The underdog signal for a nonprofit tool that shut down is real. The primary limitation is that informing voters without examining which communities have least access to policy information leaves the structural question unanswered."
226,"GovTrack.us","https://www.govtrack.us",20.7,17,0,0.6,LOW,NONE,criteria,"US congressional tracking with voting records and legislative data is a solid transparency platform, but the beneficiaries — citizens, journalists, advocates — are primarily already-engaged civic actors. The score reflects information asymmetry correction without structural power redistribution or community-centring."
227,"CharmVerse","https://charmverse.io",20.2,19,-3,0.65,MEDIUM,NONE,modifier,"M6 applied: web3 community platform for DAO operators; DAO operators not excluded populations; Coinbase Ventures/Polychain backing; no civic governance dimension"
228,"Harmonica","https://harmonica.chat/",19.6,21,-6,0.55,HIGH,NONE,modifier,"M4 applied: AI collecting/synthesising stakeholder views without transparent governance for data use; reduces score from raw 25.6"
229,"NumFOCUS","https://numfocus.org",19.5,16,0,0.70,LOW,NONE,criteria,"Open source scientific computing; moderate C3; limited political/equity framing"
230,"Open Council Data UK","https://opencouncildata.co.uk",19.5,16,0,0.6,MEDIUM,NONE,criteria,"Open Council Data UK provides structured data on UK councillor compositions — useful for researchers and campaigners tracking political representation. The for-profit structure and researcher/campaigner beneficiary framing positions this firmly in the data infrastructure space without engaging with the communities underrepresented in the councils being tracked."
231,"Open Science Framework","https://osf.io",19.5,16,0,0.6,MEDIUM,HIGH,criteria,"OSF improves research transparency and reproducibility — important for the quality of public knowledge, but primarily valuable to researchers, funders, and institutions. The popularity risk flag reflects OSF's well-established position in research infrastructure. The generic beneficiary framing and absent community engagement limit scoring; this is not a disadvantaged project."
232,"PostBug","https://postbug.com",19.5,16,0,0.4,MEDIUM,NONE,criteria,"PostBug enables postcard campaigns to power — a simple tactile advocacy tool. The dossier is thin on evidence of actual use, outcomes, or excluded population targeting. This is a facilitation tool at consults level: it makes expressing opposition or support easier but does nothing structural about whether decision-makers respond."
233,"Shareyourpaper.org","https://shareyourpaper.org",19.5,16,0,0.4,MEDIUM,NONE,criteria,"Shareyourpaper.org helps researchers legally deposit their papers for open access — an important compliance support tool. The benefit flows primarily to researchers and to readers in under-resourced institutions. This is a smoother version of an existing pathway rather than a mechanism that challenges the structural incentives maintaining the paywall publishing model."
234,"UrbanistAI","https://site.urbanistai.com",19.5,25,-11,0.5,HIGH,NONE,modifier,"UrbanistAI's AI-powered participatory planning raises exactly the concern from my SKEPSIS work: collective intelligence framing that could function as a legitimacy tactic for planning decisions already made. The documented absence of any independent evaluation, AI bias transparency, or methodology publication is precisely what M4 penalises."
235,"Spacetube","https://spacetu.be",19.5,16,0,0.4,HIGH,NONE,criteria,"Spacetube's group-to-group Matrix chat enables inter-group communication without both groups needing to share a server — a useful feature for distributed organising. The underdog signal earns C5 credit. Without evidence of who uses it, what communities it serves, or any power analysis, this is infrastructure of uncertain impact."
236,"OpenOrigins","https://www.openorigins.com",19.5,16,0,0.35,HIGH,NONE,criteria,"Content authentication to combat deepfakes addresses a real epistemic power asymmetry in visual media. The sparse dossier prevents a full assessment. The primary beneficiaries are journalists and media organizations; there is no evidence of engagement with communities most affected by deepfake-based disinformation, and no self-examination of whether authentication tools centralize verification authority in institutions."
237,"Agencies for Good","https://www.agenciesforgood.org",19.5,16,0,0.4,HIGH,NONE,criteria,"A network of tech-for-good agencies and freelancers is infrastructure for civic technology supply rather than demand — it helps build better tools rather than directly addressing power asymmetries. The cooperative governance model is a genuine structural signal. The score is limited by the professional-sector beneficiaries."
238,"Shared Digital Guides","https://www.shareddigitalguides.org.uk",19.5,16,0,0.4,HIGH,NONE,criteria,"Guides for nonprofits to use digital tools for social good has infrastructure value for the charity sector. The score is limited by the professional-sector focus and acknowledged absence of a formal evidence base for impact."
239,"Theft Bisect","https://onodi.co/bisect/",19.0,18,-3,0.6,MEDIUM,NONE,criteria,"Theft Bisect is a clever individual tool addressing a specific institutional policy (British Transport Police's footage review limit), and the honest acknowledgement of GDPR concerns shows some critical awareness. The M6 reduction reflects the primarily technical framing — this addresses an efficiency problem rather than examining the structural relationship between policing, surveillance infrastructure, and who bears the costs of bike theft in different communities."
240,"Charity Digital Skills Report","https://mediatrust.org/charity-digital-skills-report",19.0,18,-3,0.65,LOW,NONE,modifier,"M6 applied: annual informational survey of sector professionals; charity professionals not excluded populations; Media Trust project; no community empowerment"
241,"Global Fact-Check Bot","https://globalfactcheck.bot/",18.4,20,-6,0.65,MEDIUM,NONE,modifier,"M4 applied: AI fact-checking expanding epistemic authority without clear governance for contested claims"
242,"MapIt","https://mapit.mysociety.org",18.3,15,0,0.70,LOW,NONE,criteria,"Geographic boundary API; limited equity or community framing; mySociety infrastructure tool"
243,"Metaculus","https://metaculus.com",18.3,15,0,0.65,MEDIUM,NONE,criteria,"Prediction market platform; limited excluded population focus or community empowerment"
244,"Nestr","https://nestr.io",18.3,15,0,0.60,MEDIUM,NONE,criteria,"Organisational governance tool; limited evidence of excluded population centering"
245,"ORCID","https://orcid.org",18.3,15,0,0.6,MEDIUM,HIGH,criteria,"ORCID solves a real attribution problem in research infrastructure, and the effort to monitor adoption disparities across regions and disciplines is noted. But this is infrastructure serving researchers and institutions, not excluded populations; the power asymmetries it addresses (author disambiguation, citation attribution) are internal to the research system rather than structural exclusions with civic consequences."
246,"Open Data Communities","https://opendatacommunities.org",18.3,15,0,0.6,MEDIUM,NONE,criteria,"Open Data Communities published important datasets on deprivation, housing, and planning — data that underpins much civic research. The announced discontinuation in March 2025 means this is infrastructure being withdrawn. The government institutional origin limits C5; the observational methodology and researcher beneficiaries limit C2 and C3."
247,"Timecounts","https://timecounts.org",18.3,15,0,0.4,MEDIUM,NONE,criteria,"Timecounts is a volunteer management platform for nonprofits and community organisations. No mechanism for excluded community voice in design or governance."
248,"Discourse","https://www.discourse.org",18.3,15,0,0.5,MEDIUM,NONE,criteria,"Forum software with community management features. The primary beneficiaries are tech companies and product teams, not communities facing structural exclusion. Discourse enables conversation but is primarily serving resource-rich organizations — the documented challenges around moderation at scale and technical expertise requirements mean it is less accessible to community organizations with limited technical capacity."
249,"Collaborative Data Patterns","https://theodi.org/guides/collaborative-data-patterns",17.7,17,-3,0.65,LOW,NONE,modifier,"M6 applied: technical ODI guidebook for data practitioners; data practitioners not excluded populations; Open Data Institute project; purely informational"
250,"DAO Governance Surfaces","https://github.com/notchia/dao-governance-surfaces",17.7,17,-3,0.55,HIGH,NONE,modifier,"M6 applied: technical blockchain analysis without community engagement framing"
251,"Radicle","https://radicle.xyz",17.7,17,-3,0.4,HIGH,NONE,modifier,"Radicle's peer-to-peer sovereign code forge addresses developer dependency on centralised platforms — a real digital sovereignty concern. The M6 reduction reflects that the technical framing of platform independence doesn't engage with the governance questions of who benefits from open source infrastructure and who is structurally excluded from participating in it."
252,"Viewpoints","https://viewpoints.xyz",17.7,17,-3,0.4,HIGH,NONE,criteria,"AI-powered polls and consensus building for meetings and events. The absence of any published research on poll accuracy or bias, combined with undocumented AI methodology, makes it impossible to assess whether the consensus mechanisms are actually representative or reflect algorithmic artifacts. I apply M6 weakly for the technical framing that doesn't engage with governance dimensions."
253,"semanticClimate","https://semanticclimate.github.io",17.1,14,0,0.4,MEDIUM,NONE,criteria,"semanticClimate provides semantic search over climate science literature — a research accessibility tool. No community engagement and no mechanism that changes who can participate in climate policy debates."
254,"UK Parliament Developer Portal","https://developer.parliament.uk",16.5,16,-3,0.55,HIGH,NONE,modifier,"M6 applied: technical API portal for parliamentary data; developers not excluded populations; government-operated; dead_link at scrape time"
255,"Pear by Holepunch","https://pears.com",16.5,16,-3,0.55,MEDIUM,NONE,modifier,"M6 applied: technical p2p platform for app developers; developers not excluded populations; experimental modules documented as limitation; VC-funded"
256,"Pageviews Analysis","https://pageviews.wmcloud.org",15.9,13,0,0.5,MEDIUM,NONE,criteria,"Pageviews Analysis tracks Wikipedia attention metrics — useful for researchers and editors understanding public interest patterns. The individual/grassroots maintenance earns C5 credit. The tool has no civic power asymmetry dimension and no connection to excluded populations."
257,"Plausible Analytics","https://plausible.io",15.9,13,0,0.5,MEDIUM,NONE,criteria,"Plausible Analytics provides privacy-respecting website analytics — an important digital rights tool for website operators. The beneficiaries are website operators, not communities facing exclusion; this is a market substitution for a surveillance product rather than a structural power redistribution."
258,"River Sentiment Dashboard","https://riversentiment.app",15.9,13,0,0.5,MEDIUM,NONE,criteria,"The River Sentiment Dashboard visualises social media sentiment alongside ecological data for Thames basin rivers — an interesting methodological combination. The tool is primarily academic research infrastructure; there is no mechanism for communities along the rivers to shape assessment of their waterways or use the data to hold polluters accountable."
259,"Open Standards for Data Guidebook","https://standards.theodi.org",15.9,13,0,0.5,MEDIUM,NONE,criteria,"The ODI's guidebook helps practitioners develop and adopt open data standards — valuable technical infrastructure. This operates entirely within the professional civic tech ecosystem and doesn't engage with the communities most affected by how data about them is standardised and shared."
260,"MP Twitter Bios","https://www.mptwitterbios.co.uk",15.9,13,0,0.4,HIGH,NONE,criteria,"A narrow academic research tool examining MP self-presentation on Twitter — whether MPs mention their party affiliation. This is interesting research but has limited structural impact on power asymmetries or excluded populations."
261,"UK Policy Dojo","https://github.com/mikekelly/policy-dojo",15.5,16,-4,0.60,HIGH,NONE,modifier,"M6 applied: AI-only policy deliberation bypassing democratic governance"
262,"Gapminder Worldview Upgrader","https://upgrader.gapminder.org",15.5,16,-4,0.65,MEDIUM,NONE,criteria,"Correcting misconceptions about global development is epistemically valuable but raises the question I bring from SKEPSIS: whose misconceptions are being corrected, towards whose framing of development? The adoption by Fortune 500 companies and educational institutions suggests this tool may function more as legitimacy infrastructure for development sector actors than as structural power redistribution for communities represented in the data. I apply M6 because the technical quiz format frames attitude change as a neutral educational intervention."
263,"GOV.UK Forms","https://www.forms.service.gov.uk",15.5,16,-4,0.55,MEDIUM,NONE,criteria,"Government form creation tools have genuine accessibility value — WCAG compliance reduces barriers for disabled users. However, forms are power-distributing artefacts, and a tool that makes it easier to create forms without examining how those forms distribute access is doing implicit power work while claiming technical neutrality. I apply M6 because the design is framed as a technical efficiency improvement without any documented engagement with how form design choices affect which communities can successfully navigate government services."
264,"Kagi SlopStop","https://kagi.com/slopstop",15.3,18,-3,0.60,MEDIUM,NONE,modifier,"M6 applied: AI content detection tool; internet users not excluded populations; for-profit LLC; methodology not fully published as documented limitation"
265,"CiviClick","https://civiclick.com",15.3,18,-3,0.55,MEDIUM,NONE,modifier,"M6 applied: AI-powered advocacy software for public affairs professionals; professionals not excluded populations; for-profit model; no community governance"
266,"django-collaborative","https://github.com/propublica/django-collaborative",15.3,15,-3,0.65,MEDIUM,NONE,modifier,"M6 applied: technical tip-gathering tool framing without governance/participation dimension"
267,"User Research Library","https://research.localgov.digital",14.6,12,0,0.4,MEDIUM,NONE,criteria,"The local government user research library aggregates research conducted about service users — an evidence base for service improvement. But the evidence is used by service designers and policymakers rather than being accessible to the communities whose needs are being researched; there is no mechanism for community contestability of the research findings."
268,"Pastecal","https://github.com/kazad/pastecal",14.6,12,0,0.55,HIGH,NONE,criteria,"Calendar sharing tool; limited equity or political relevance; primarily technical utility"
269,"Idealist","https://idealist.org",14.6,12,0,0.65,LOW,NONE,criteria,"Nonprofit job board; limited structural equity analysis or community empowerment"
270,"The Guide to Major Trusts 2025/26","https://www.dsc.org.uk/publication/the-guide-to-major-trusts-2025-26/",14.6,12,0,0.35,HIGH,NONE,criteria,"A directory of grant-makers for charities and nonprofits is useful sector infrastructure, but it addresses an information asymmetry within the professional nonprofit sector rather than a power asymmetry affecting communities. The beneficiaries are fundraisers and budget-holders, not the communities served by funded organisations."
271,"Teaching Public Service in the Digital Age","https://www.teachingpublicservice.digital",14.6,12,0,0.3,HIGH,NONE,criteria,"Open-access training for public servants to develop digital-era skills has systemic value — better-trained public servants may design more equitable services. But the direct beneficiaries are educators and public officials, and there is no documented engagement with whether the curriculum addresses how digital service design can exclude communities."
272,"Schema.org","https://schema.org",14.1,14,-3,0.3,MEDIUM,HIGH,modifier,"Schema.org defines how information is structured on the internet — infrastructure that shapes who can be found and represented in machine-readable ways. The M6 reduction reflects the purely technical framing of a governance-heavy problem: how schemas encode assumptions about people, organisations, and events has political consequences the Schema.org process does not examine."
273,"Overton","https://overton.io",13.4,11,0,0.5,MEDIUM,NONE,criteria,"Overton indexes how policy ideas spread and connects researchers with policymakers — a market intelligence tool for people already inside the policy ecosystem. The beneficiary population (policy researchers, think tanks, IGOs) is the opposite of structurally excluded."
274,"Registers and Collaboration: Making Lists We Can Trust","https://theodi.org/insights/reports/registers-and-collaboration-making-lists-we-can-trust-report",13.4,11,0,0.4,MEDIUM,NONE,criteria,"This ODI report on data register governance is valuable technical guidance for practitioners. It sits in the background infrastructure layer of civic data and doesn't engage with who is excluded from the data systems whose governance it discusses, or how register design embeds assumptions about whose existence needs to be formally recorded."
275,"GOV.UK Pay","https://www.payments.service.gov.uk",13.4,11,0,0.5,MEDIUM,NONE,criteria,"Payment processing infrastructure for public services reduces costs and standardizes citizen transactions with government. The score reflects functional public sector infrastructure without structural power asymmetry correction — the beneficiaries are primarily government agencies, and there is no documented examination of how payment systems exclude populations without bank accounts or digital access."
276,"Papertree","https://www.papertree.earth",13.4,11,0,0.3,HIGH,NONE,criteria,"Tree planting data transparency for climate accountability — a sparse dossier prevents full assessment. Climate accountability tools that primarily serve organizations and researchers without examining the communities most affected by deforestation score limited on my C2 criteria."
277,"PatCit","https://github.com/cverluise/patcit",13.1,14,-4,0.65,MEDIUM,NONE,modifier,"M6 applied: purely technical patent citation dataset; no governance engagement"
278,"The DAO (Standard DAO Framework)","https://github.com/vbuterin/dao",13.1,14,-4,0.60,MEDIUM,NONE,modifier,"M6 applied: technical smart contract mechanism without adequate governance analysis"
279,"GRIM (Global Risk Simulator)","https://github.com/sentinelteam/grim",13.1,14,-4,0.65,MEDIUM,NONE,modifier,"M6 applied: technical simulation framing with no governance dimension"
280,"Prolific","https://www.prolific.com",13.1,14,-4,0.55,MEDIUM,NONE,criteria,"Research data collection infrastructure with some documented use in AI governance (Collective Intelligence Project). I apply M4 weakly because the aggregation of participant data for AI training research involves governance questions about whose voices are collected, how, and for whom — the self-selection bias and cost barriers acknowledged in the limitations confirm that the participant pool is not representative of the populations most affected by AI governance decisions."
281,"Polimorphic","https://www.polimorphic.com",13.0,18,-9,0.45,HIGH,NONE,modifier,"AI platform for government operations and resident engagement with case study claims (50% call reduction in Littleton, CO) but no independently verified methodology. I apply both M4 (AI in public services without accountability) and M6 (technical framing bypassing governance) because the proprietary platform obscures how AI is translating resident input into government decisions, and the framing as 'service-first government operations' treats what is fundamentally a political question as a technical efficiency problem."
282,"AI Safety Info","https://aisafety.info",12.9,13,-3,0.70,LOW,NONE,modifier,"M6 applied: technical AI safety FAQ for researchers/students; generic professional audience; Open Philanthropy/FLI funding; no governance analysis or community empowerment"
283,"Responsible Tech Guide 2025","https://responsibletechguide.com",12.9,13,-3,0.60,MEDIUM,NONE,modifier,"M6 applied: annual informational guide for tech sector professionals; generic professional audience; no community engagement or excluded population focus"
284,"UK Elections Leaflets","https://github.com/thicknavyrain/uk_elections_leaflets",12.9,13,-3,0.55,HIGH,NONE,modifier,"M6 applied: technical hackathon data project without community engagement"
285,"PoliMonitor","https://www.polimonitor.com",12.2,10,0,0.35,HIGH,NONE,criteria,"Political monitoring for public affairs professionals is a service for organizations that want to track political discussions — essentially B2B political intelligence. The beneficiaries are communications and public affairs professionals, not communities excluded from political processes."
286,"Local Insight","https://localinsight.org",12.2,10,0,0.55,MEDIUM,NONE,criteria,"Local data intelligence; limited excluded population focus or participatory design"
287,"CAN/DGSI 127 Age Assurance Standard","https://www.csagroup.org/store/product/can-dgsi-127",11.6,12,-3,0.60,MEDIUM,NONE,modifier,"M6 applied: technical Canadian standards document; developers/policymakers as users; government-funded; no community participation or excluded population focus"
288,"Choose a License","https://choosealicense.com",11.6,12,-3,0.50,MEDIUM,NONE,modifier,"M6 applied: technical open source license chooser; developers as users; GitHub-operated; no political or civic governance dimension"
289,"Manifold Markets","https://manifold.markets",11.6,12,-3,0.60,MEDIUM,NONE,modifier,"M6 applied: market mechanism framing treats civic information as tradeable commodity"
290,"GOV.UK Service Manual","https://www.gov.uk/service-manual",11.6,12,-3,0.55,MEDIUM,NONE,criteria,"The Service Standard and Service Manual establish UK government digital service quality norms — including accessibility and user-centred design. I apply M6 weakly because the manual frames good service design as primarily a technical standard ('meeting the 14 points') without examining how design choices distribute access across different communities or how the procurement and political context shapes what services get built for whom."
291,"Public Media Stack","https://publicmediastack.com",11.0,9,0,0.4,MEDIUM,NONE,criteria,"The Public Media Stack maps software tools used in public media workflows — a static inventory resource guide for media organisations. The 2020 launch date and 100-product scope make this a frozen inventory rather than an active power intervention. It exclusively serves media organisations rather than the communities whose stories are or are not told."
292,"soweego","https://soweego.readthedocs.io",11.0,9,0,0.5,MEDIUM,NONE,criteria,"soweego links Wikidata to external catalogs — open data infrastructure maintenance. The apparent inactivity since 2021 and narrow technical scope reflect a tool with no civic power asymmetry dimension and a limited, technical audience."
293,"GOV.UK Notify","https://www.notifications.service.gov.uk",11.0,9,0,0.5,MEDIUM,NONE,criteria,"Government notification infrastructure — emails, texts, letters — is functional public sector tooling. The score reflects its purely informational function: Notify enables government agencies to communicate decisions to citizens without providing any mechanism for citizens to contest those decisions. The one-directional flow is itself a power distribution choice that the tool does not examine."
294,"oTree","https://www.otree.org",11.0,9,0,0.4,HIGH,NONE,criteria,"Open-source behavioral research infrastructure for economists and psychologists. The civic relevance is indirect — research on voter behavior and public goods may inform policy. The direct beneficiaries are academics, not communities."
295,"Urbit","https://urbit.org",10.6,12,-4,0.5,MEDIUM,NONE,criteria,"Personal server operating system for digital self-sovereignty — technically interesting but the beneficiaries are developers and technology enthusiasts who require significant technical expertise to use it. I apply M6 because the technical framing of sovereignty does not engage with the governance dimensions of who can achieve it or what structural conditions would make it accessible."
296,"Gov Reuse Library","https://github.com/ministryofjustice/moj-frontend",10.4,11,-3,0.60,MEDIUM,NONE,modifier,"M6 applied: government internal technical reuse library; government developers not excluded populations; MoJ-funded; no community empowerment"
297,"whatsmeow","https://github.com/tulir/whatsmeow",10.4,11,-3,0.55,HIGH,NONE,modifier,"M6 applied: technical WhatsApp API library; no political or governance dimension"
298,"GreenPT","https://greenpt.ai/",10.4,11,-3,0.55,MEDIUM,NONE,modifier,"M6 applied: technical environmental/privacy framing without governance analysis"
299,"GOV.UK One Login","https://www.sign-in.service.gov.uk",10.2,19,-13,0.6,MEDIUM,NONE,modifier,"Centralized government identity authentication raises concerns that dominate the positive access-enabling function. I apply M4 strongly because centralizing government identity data across all services substantially increases institutional surveillance capacity without commensurate contestability rights for citizens, and I apply M2 partially because 'streamlined access' framing obscures how the platform increases government visibility into citizen service use."
300,"PolicyMogul","https://policymogul.com",9.8,8,0,0.3,MEDIUM,NONE,criteria,"PolicyMogul is a commercial public affairs monitoring tool for people already embedded in the policy process. The for-profit model and professional user base place it at the far end from the concerns this constitution prioritises; policy access tools that serve paid professionals score much lower than those serving communities without institutional representation."
301,"Understanding Your Morality","https://programs.clearerthinking.org/understanding-your-morality/",9.8,8,0,0.3,MEDIUM,NONE,criteria,"Understanding Your Morality is an individual values clarification tool from Clearer Thinking. There is no community, no power asymmetry, no excluded population, and no democratic depth dimension; it is a self-assessment quiz with no structural civic function."
302,"WorkInCharities","https://www.workincharities.co.uk",9.8,8,0,0.3,HIGH,NONE,criteria,"A job board for the charity sector — useful professional infrastructure but with no structural relevance to power asymmetries, excluded populations, or democratic participation."
303,"Bluesky Social","https://github.com/bluesky-social",9.4,11,-4,0.65,LOW,HIGH,modifier,"M6 applied: predominantly technical decentralisation framing; HIGH pop_risk: platform infrastructure without equity mandate"
304,"postcodes.io","https://github.com/ideal-postcodes/postcodes.io",9.2,10,-3,0.60,LOW,NONE,modifier,"M6 applied: geographic API technical framing; no community empowerment dimension"
305,"Empurrando Juntas (EJ)","https://sobre.ejparticipe.org",8.4,20,-16,0.3,HIGH,NONE,modifier,"Empurrando Juntas's AI-powered opinion collection with persona segmentation raises the exact concerns from my Open Banking and SKEPSIS work: framing data collection about communities as participation while the data product (audience personas) primarily benefits institutions wanting to understand and communicate with those communities. The absence of documented community control over how segmentation data is used triggers both M2 and M4."
306,"Esper","https://esper.com",8.2,10,-4,0.50,MEDIUM,NONE,modifier,"M6 applied: proprietary AI-assisted government platform; government agencies not excluded populations; no documented limitations; commercial orientation with no community governance"
307,"GovWise","https://www.govwise.ai/en",8.0,9,-3,0.3,HIGH,NONE,criteria,"AI procurement tender screening for businesses — B2B commercial tool for organizations participating in public procurement. I apply M6 weakly because the framing of procurement as an AI efficiency problem obscures the governance question of which businesses get access to public contracts and how procurement decisions affect public services."
308,"Whoisology","https://whoisology.com",7.4,11,-6,0.5,HIGH,NONE,modifier,"Archived WHOIS domain records searchable by corporate intelligence and cybersecurity teams — M4 applies because this increases institutional capacity to aggregate data about individuals' online activities without commensurate governance structures giving those individuals contestability rights."
309,"Awesome Gov Datasets","https://github.com/i-dot-ai/awesome-gov-datasets",7.0,9,-4,0.60,MEDIUM,NONE,modifier,"M6 applied: purely technical government data catalog; CDDO/government-internal framing"
310,"Journalist Studio","https://journaliststudio.google.com",7.0,9,-4,0.65,LOW,NONE,modifier,"M6 applied: technical Google platform framing; commercial orientation reduces structural equity value"
311,"OpenAudience","https://openaudience.org",6.6,12,-8,0.3,HIGH,HIGH,modifier,"OpenAudience's postcode-based audience profiling for political campaigners increases institutional capacity to target communities without giving those communities any mechanism to understand or contest how they are being classified and communicated with. This is the exact profiling-without-governance pattern M4 penalises; framing postcode demographic analysis as open data empowerment when it primarily serves political targeting also invites M2 scrutiny."
312,"Fission Codes","https://github.com/fission-codes/fission-codes",6.0,9,-5,0.45,HIGH,NONE,modifier,"M6 applied: purely technical Web3 status codes; no civic or governance dimension"
313,"Granicus","https://granicus.com/uk",6.0,9,-5,0.60,LOW,NONE,modifier,"M6 applied: purely commercial technical platform for government communication; no community empowerment"
314,"Yoti","https://www.yoti.com",1.1,14,-16,0.5,MEDIUM,NONE,modifier,"Biometric identity platform framing facial recognition and age estimation as trusted empowerment — M2 applies strongly because the 'trusted identity' framing enables expanded institutional profiling of individuals through biometric data without genuine community control, and M4 applies because facial recognition accuracy disparities across demographics represent governance failures that the platform's independent testing claim does not adequately resolve."
315,"DeepSeek-V3","https://github.com/deepseek-ai/deepseek-v3",0.0,7,-12,0.65,LOW,HIGH,modifier,"M6+M4 applied: purely technical LLM with no governance framework; concerns about state influence without accountability; score floored at 0"
N/A,"DFOS","https://www.dfos.com",N/A,N/A,N/A,0.0,N/A,N/A,N/A,"No dossier available and no accessible web presence establishing any basis for scoring judgment. Abstained per constitution procedural rules."
N/A,"RightsDD","https://www.rightsdd.com",N/A,N/A,N/A,0.0,N/A,N/A,N/A,"No dossier available and no accessible web presence establishing any basis for scoring judgment. Abstained per constitution procedural rules."
N/A,"yrpri","https://yrpri.org",N/A,N/A,N/A,0.0,N/A,N/A,N/A,"No dossier available and no accessible web presence establishing any basis for scoring judgment. Abstained per constitution procedural rules."
