"project_url","project_name","criterion","evidence_field","evidence_value","interpretation","score","max_score","justification"
"https://www.workerinfoexchange.org","Worker Info Exchange","C1","political_relevance_summary","Worker Info Exchange addresses civic data access and transparency. Platform connecting workers with information about labor rights, workplace conditions, and employment resources.","Specific named mechanism; class-level power asymmetry clearly articulated; formal contestation apparatus identified","12","12","Strong power asymmetry framing. Worker Info Exchange addresses civic data access and transparency. Platform connecting workers with information about labor rights, workplace conditions, and employment resources."
"https://www.workerinfoexchange.org","Worker Info Exchange","C2","communities_served","workers; labor advocates; researchers; labor organizations","Named excluded population(s) with specific access mechanism; participatory design documented; disparity tracking present","16","20","Named excluded population with specific mechanisms. Served: workers; labor advocates; researchers; labor organizations"
"https://www.workerinfoexchange.org","Worker Info Exchange","C3","governance_model","foundation","Full lifecycle participation: scoping, design, implementation, evaluation all documented with evidence","10","12","Full participatory lifecycle evidenced. Governance: foundation"
"https://www.workerinfoexchange.org","Worker Info Exchange","C4","documented_limitations","Geographically limited to GDPR jurisdictions; Litigation process is slow and costly; Wins require ongoing enforcement to be effective","Generic limitations referenced; output focus rather than outcomes; minimal self-critique","10","20","Generic limitations, output focus. Limitations: Geographically limited to GDPR jurisdictions; Litigation process is slow and costly; Wins require ongoing enforcement to be effective"
"https://www.workerinfoexchange.org","Worker Info Exchange","C5","underdog_signal","True","Underdog features present; small-medium org; some structural exclusion focus","4","6","Moderate underdog features. True"
"https://www.workerinfoexchange.org","Worker Info Exchange","C6","governance_model","foundation","Consults community (IAP2 level 2); structured feedback mechanisms present","6","12","Consults level IAP2. Governance: foundation"
"https://www.workerinfoexchange.org","Worker Info Exchange","modifier_M1","modifier","M1","Worker/labour advocacy with documented legal wins","12","","Applied M1 (+12): Worker/labour advocacy with documented legal wins"
"https://www.workerinfoexchange.org","Worker Info Exchange","modifier_M3","modifier","M3","Grassroots collective with structural impact","7","","Applied M3 (+7): Grassroots collective with structural impact"
"https://www.workerinfoexchange.org","Worker Info Exchange","modifier_M7","modifier","M7","Legal precedent: Amsterdam court orders re algorithmic transparency","5","","Applied M7 (+5): Legal precedent: Amsterdam court orders re algorithmic transparency"
"https://www.organise.org.uk","Organise","C1","political_relevance_summary","Organise addresses gaps in democratic participation by providing tools or platforms that enable citizens and communities to engage more directly in governance and decision-making processes.","Specific named mechanism; class-level power asymmetry clearly articulated; formal contestation apparatus identified","10","12","Strong power asymmetry framing. Organise addresses gaps in democratic participation by providing tools or platforms that enable citizens and communities to engage more directly in governance and decision-making processes."
"https://www.organise.org.uk","Organise","C2","communities_served","workers; employees; self-employed individuals; gig economy workers","Excluded populations named; some mechanism specificity; limited participatory design evidence","14","20","Populations named with partial mechanism. Served: workers; employees; self-employed individuals; gig economy workers"
"https://www.organise.org.uk","Organise","C3","governance_model","LLC","Multiple lifecycle stages documented; genuine decision-making at some stages","8","12","Multiple participation stages. Governance: LLC"
"https://www.organise.org.uk","Organise","C4","documented_limitations","Limited to UK jurisdiction; Primarily reaches digitally-connected workers; Reliance on user-generated campaigns","Generic limitations referenced; output focus rather than outcomes; minimal self-critique","8","20","Generic limitations, output focus. Limitations: Limited to UK jurisdiction; Primarily reaches digitally-connected workers; Reliance on user-generated campaigns"
"https://www.organise.org.uk","Organise","C5","underdog_signal","For-profit/social enterprise","Underdog features present; small-medium org; some structural exclusion focus","4","6","Moderate underdog features. For-profit/social enterprise"
"https://www.organise.org.uk","Organise","C6","governance_model","LLC","Informs (IAP2 level 1); primarily one-way information flow; limited reciprocity","3","12","Informs level IAP2. Governance: LLC"
"https://www.organise.org.uk","Organise","modifier_M1","modifier","M1","Workers collective infrastructure with Employment Rights Bill influence","11","","Applied M1 (+11): Workers collective infrastructure with Employment Rights Bill influence"
"https://www.organise.org.uk","Organise","modifier_M3","modifier","M3","Grassroots with documented structural outcomes","7","","Applied M3 (+7): Grassroots with documented structural outcomes"
"https://www.organise.org.uk","Organise","modifier_M7","modifier","M7","Influenced Employment Rights Bill banning zero-hours contracts","4","","Applied M7 (+4): Influenced Employment Rights Bill banning zero-hours contracts"
"https://www.hotosm.org","Humanitarian OpenStreetMap Team (HOT)","C1","political_relevance_summary","Humanitarian OpenStreetMap Team (HOT) addresses making civic data accessible and actionable and enabling broader democratic participation. It has documented policy impact.","Power asymmetry named; mechanism partially specified; some formal response mechanism present","9","12","Partial power asymmetry identification. Humanitarian OpenStreetMap Team (HOT) addresses making civic data accessible and actionable and enabling broader democratic participation. It has documented policy impact."
"https://www.hotosm.org","Humanitarian OpenStreetMap Team (HOT)","C2","communities_served","humanitarian organizations; development agencies; government partners; researchers; volunteers; affected communities","Excluded populations named; some mechanism specificity; limited participatory design evidence","14","20","Populations named with partial mechanism. Served: humanitarian organizations; development agencies; government partners; researchers; volunteers; affected communities"
"https://www.hotosm.org","Humanitarian OpenStreetMap Team (HOT)","C3","governance_model","foundation","Multiple lifecycle stages documented; genuine decision-making at some stages","8","12","Multiple participation stages. Governance: foundation"
"https://www.hotosm.org","Humanitarian OpenStreetMap Team (HOT)","C4","documented_limitations","Data quality varies by region and volunteer expertise; Coverage gaps in remote or conflict-affected areas; Sustainability of volunteer engagement over time; Attribution and credit for contributors","Generic limitations referenced; output focus rather than outcomes; minimal self-critique","8","20","Generic limitations, output focus. Limitations: Data quality varies by region and volunteer expertise; Coverage gaps in remote or conflict-affected areas; Sustainability of volunteer engagement over"
"https://www.hotosm.org","Humanitarian OpenStreetMap Team (HOT)","C5","underdog_signal","Nonprofit/charity","Underdog features present; small-medium org; some structural exclusion focus","3","6","Moderate underdog features. Nonprofit/charity"
"https://www.hotosm.org","Humanitarian OpenStreetMap Team (HOT)","C6","governance_model","foundation","Informs (IAP2 level 1); primarily one-way information flow; limited reciprocity","2","12","Informs level IAP2. Governance: foundation"
"https://www.hotosm.org","Humanitarian OpenStreetMap Team (HOT)","modifier_M1","modifier","M1","Geographic exclusion as humanitarian mechanism; communities on maps get aid","10","","Applied M1 (+10): Geographic exclusion as humanitarian mechanism; communities on maps get aid"
"https://www.hotosm.org","Humanitarian OpenStreetMap Team (HOT)","modifier_M3","modifier","M3","Community-led mapping with UN protocol adoption","7","","Applied M3 (+7): Community-led mapping with UN protocol adoption"
"https://www.hotosm.org","Humanitarian OpenStreetMap Team (HOT)","modifier_M5","modifier","M5","Disaster and humanitarian rapid response utility","5","","Applied M5 (+5): Disaster and humanitarian rapid response utility"
"https://www.opencrvs.org","OpenCRVS","C1","political_relevance_summary","OpenCRVS addresses threats to digital rights and online privacy, providing infrastructure that protects civic freedoms in an increasingly surveilled digital environment.","Specific named mechanism; class-level power asymmetry clearly articulated; formal contestation apparatus identified","11","12","Strong power asymmetry framing. OpenCRVS addresses threats to digital rights and online privacy, providing infrastructure that protects civic freedoms in an increasingly surveilled digital environment."
"https://www.opencrvs.org","OpenCRVS","C2","communities_served","governments; civil registration authorities; system integrators; development partners; citizens","Named excluded population(s) with specific access mechanism; participatory design documented; disparity tracking present","16","20","Named excluded population with specific mechanisms. Served: governments; civil registration authorities; system integrators; development partners; citizens"
"https://www.opencrvs.org","OpenCRVS","C3","governance_model","project_of_larger_org","Multiple lifecycle stages documented; genuine decision-making at some stages","9","12","Multiple participation stages. Governance: project_of_larger_org"
"https://www.opencrvs.org","OpenCRVS","C4","documented_limitations","Requires significant local capacity building and infrastructure investment; Dependent on reliable internet connectivity in deployment contexts; Data security and privacy considerations in low-resource settings","Generic limitations referenced; output focus rather than outcomes; minimal self-critique","9","20","Generic limitations, output focus. Limitations: Requires significant local capacity building and infrastructure investment; Dependent on reliable internet connectivity in deployment contexts; Data s"
"https://www.opencrvs.org","OpenCRVS","C5","underdog_signal","True","Underdog features present; small-medium org; some structural exclusion focus","3","6","Moderate underdog features. True"
"https://www.opencrvs.org","OpenCRVS","C6","governance_model","project_of_larger_org","Informs (IAP2 level 1); primarily one-way information flow; limited reciprocity","2","12","Informs level IAP2. Governance: project_of_larger_org"
"https://www.opencrvs.org","OpenCRVS","modifier_M1","modifier","M1","Legal identity as foundational exclusion mechanism; targets unregistered populations","12","","Applied M1 (+12): Legal identity as foundational exclusion mechanism; targets unregistered populations"
"https://www.opencrvs.org","OpenCRVS","modifier_M3","modifier","M3","Civil registration structural impact; govt adoption","7","","Applied M3 (+7): Civil registration structural impact; govt adoption"
"https://www.opencrvs.org","OpenCRVS","modifier_M4","modifier","M4","Government data infrastructure: surveillance and data security risks acknowledged","-5","","Applied M4 (-5): Government data infrastructure: surveillance and data security risks acknowledged"
"https://www.ushahidi.com","Ushahidi","C1","political_relevance_summary","Ushahidi addresses democratic participation and citizen engagement. Crowdsourcing Solutions to Empower Communities.","Power asymmetry named; mechanism partially specified; some formal response mechanism present","9","12","Partial power asymmetry identification. Ushahidi addresses democratic participation and citizen engagement. Crowdsourcing Solutions to Empower Communities."
"https://www.ushahidi.com","Ushahidi","C2","communities_served","citizens; community groups; governments; activists; organizations; journalists","Excluded populations named; some mechanism specificity; limited participatory design evidence","13","20","Populations named with partial mechanism. Served: citizens; community groups; governments; activists; organizations; journalists"
"https://www.ushahidi.com","Ushahidi","C3","governance_model","foundation","Multiple lifecycle stages documented; genuine decision-making at some stages","8","12","Multiple participation stages. Governance: foundation"
"https://www.ushahidi.com","Ushahidi","C4","documented_limitations","Data quality varies by deployment and user base; Digital divide limits participation in regions with low internet access; Verification of crowdsourced information requires manual review; Platform effectiveness depends on critical mass of users","Generic limitations referenced; output focus rather than outcomes; minimal self-critique","8","20","Generic limitations, output focus. Limitations: Data quality varies by deployment and user base; Digital divide limits participation in regions with low internet access; Verification of crowdsourced"
"https://www.ushahidi.com","Ushahidi","C5","underdog_signal","Nonprofit/charity","Underdog features present; small-medium org; some structural exclusion focus","3","6","Moderate underdog features. Nonprofit/charity"
"https://www.ushahidi.com","Ushahidi","C6","governance_model","foundation","Informs (IAP2 level 1); primarily one-way information flow; limited reciprocity","3","12","Informs level IAP2. Governance: foundation"
"https://www.ushahidi.com","Ushahidi","modifier_M1","modifier","M1","Crisis mapping addresses information asymmetry for excluded populations","9","","Applied M1 (+9): Crisis mapping addresses information asymmetry for excluded populations"
"https://www.ushahidi.com","Ushahidi","modifier_M3","modifier","M3","Documented adoption in multiple crises and elections","6","","Applied M3 (+6): Documented adoption in multiple crises and elections"
"https://www.ushahidi.com","Ushahidi","modifier_M5","modifier","M5","Humanitarian rapid response tool","5","","Applied M5 (+5): Humanitarian rapid response tool"
"https://www.oporaua.org","ОПОРА (Opora)","C1","political_relevance_summary","ОПОРА (Opora) addresses gaps in democratic participation by providing tools or platforms that enable citizens and communities to engage more directly in governance and decision-making processes.","Power asymmetry named; mechanism partially specified; some formal response mechanism present","9","12","Partial power asymmetry identification. ОПОРА (Opora) addresses gaps in democratic participation by providing tools or platforms that enable citizens and communities to engage more directly in governance and decision-making processes."
"https://www.oporaua.org","ОПОРА (Opora)","C2","communities_served","citizens; election observers; researchers; civil society organizations; diaspora communities","Excluded populations named; some mechanism specificity; limited participatory design evidence","14","20","Populations named with partial mechanism. Served: citizens; election observers; researchers; civil society organizations; diaspora communities"
"https://www.oporaua.org","ОПОРА (Opora)","C3","governance_model","foundation","Multiple lifecycle stages documented; genuine decision-making at some stages","8","12","Multiple participation stages. Governance: foundation"
"https://www.oporaua.org","ОПОРА (Opora)","C4","documented_limitations","Limited by access to certain election administration data; constrained by security concerns during conflict periods","Generic limitations referenced; output focus rather than outcomes; minimal self-critique","8","20","Generic limitations, output focus. Limitations: Limited by access to certain election administration data; constrained by security concerns during conflict periods"
"https://www.oporaua.org","ОПОРА (Opora)","C5","underdog_signal","True","Underdog features present; small-medium org; some structural exclusion focus","3","6","Moderate underdog features. True"
"https://www.oporaua.org","ОПОРА (Opora)","C6","governance_model","foundation","Informs (IAP2 level 1); primarily one-way information flow; limited reciprocity","3","12","Informs level IAP2. Governance: foundation"
"https://www.oporaua.org","ОПОРА (Opora)","modifier_M1","modifier","M1","Election integrity as power mechanism in authoritarian-adjacent context","10","","Applied M1 (+10): Election integrity as power mechanism in authoritarian-adjacent context"
"https://www.oporaua.org","ОПОРА (Opora)","modifier_M3","modifier","M3","Civic election monitoring with documented accountability outcomes","6","","Applied M3 (+6): Civic election monitoring with documented accountability outcomes"
"https://www.torproject.org","Tor Project","C1","political_relevance_summary","Tor Project addresses digital rights and online freedoms. Anonymity Online - Advance human rights and defend privacy through free and open source anonymity and privacy technologies.","Specific named mechanism; class-level power asymmetry clearly articulated; formal contestation apparatus identified","10","12","Strong power asymmetry framing. Tor Project addresses digital rights and online freedoms. Anonymity Online - Advance human rights and defend privacy through free and open source anonymity and privacy technologies."
"https://www.torproject.org","Tor Project","C2","communities_served","journalists; activists; researchers; citizens; dissidents; privacy-conscious users","Excluded populations named; some mechanism specificity; limited participatory design evidence","14","20","Populations named with partial mechanism. Served: journalists; activists; researchers; citizens; dissidents; privacy-conscious users"
"https://www.torproject.org","Tor Project","C3","governance_model","foundation","Multiple lifecycle stages documented; genuine decision-making at some stages","8","12","Multiple participation stages. Governance: foundation"
"https://www.torproject.org","Tor Project","C4","documented_limitations","Tor exit nodes can be monitored; Timing attacks possible; Slower browsing speeds due to multi-layer encryption","Generic limitations referenced; output focus rather than outcomes; minimal self-critique","7","20","Generic limitations, output focus. Limitations: Tor exit nodes can be monitored; Timing attacks possible; Slower browsing speeds due to multi-layer encryption"
"https://www.torproject.org","Tor Project","C5","underdog_signal","Nonprofit/charity","Underdog features present; small-medium org; some structural exclusion focus","3","6","Moderate underdog features. Nonprofit/charity"
"https://www.torproject.org","Tor Project","C6","governance_model","foundation","Informs (IAP2 level 1); primarily one-way information flow; limited reciprocity","2","12","Informs level IAP2. Governance: foundation"
"https://www.torproject.org","Tor Project","modifier_M1","modifier","M1","Anonymity as mechanism against surveillance power; used by journalists/dissidents","10","","Applied M1 (+10): Anonymity as mechanism against surveillance power; used by journalists/dissidents"
"https://www.torproject.org","Tor Project","modifier_M3","modifier","M3","Infrastructure for global civil society; documented adoption in hostile regimes","7","","Applied M3 (+7): Infrastructure for global civil society; documented adoption in hostile regimes"
"https://yourtracka.org","Tracka","C1","political_relevance_summary","Tracka addresses democratic participation and citizen engagement. Monitor the status of federal and state projects in your community and take action on implementation gaps.","Power asymmetry named; mechanism partially specified; some formal response mechanism present","9","12","Partial power asymmetry identification. Tracka addresses democratic participation and citizen engagement. Monitor the status of federal and state projects in your community and take action on implementation gaps."
"https://yourtracka.org","Tracka","C2","communities_served","citizens; community members; civil society organizations","Excluded populations named; some mechanism specificity; limited participatory design evidence","12","20","Populations named with partial mechanism. Served: citizens; community members; civil society organizations"
"https://yourtracka.org","Tracka","C3","governance_model","foundation","Multiple lifecycle stages documented; genuine decision-making at some stages","7","12","Multiple participation stages. Governance: foundation"
"https://yourtracka.org","Tracka","C4","documented_limitations","Limited government responsiveness in some states; Digital divide affecting rural participation; Sustainability dependent on continued funding","Generic limitations referenced; output focus rather than outcomes; minimal self-critique","8","20","Generic limitations, output focus. Limitations: Limited government responsiveness in some states; Digital divide affecting rural participation; Sustainability dependent on continued funding"
"https://yourtracka.org","Tracka","C5","underdog_signal","Nonprofit/charity","Underdog features present; small-medium org; some structural exclusion focus","3","6","Moderate underdog features. Nonprofit/charity"
"https://yourtracka.org","Tracka","C6","governance_model","foundation","Informs (IAP2 level 1); primarily one-way information flow; limited reciprocity","2","12","Informs level IAP2. Governance: foundation"
"https://yourtracka.org","Tracka","modifier_M1","modifier","M1","Political accountability mechanism in Nigerian governance context","12","","Applied M1 (+12): Political accountability mechanism in Nigerian governance context"
"https://yourtracka.org","Tracka","modifier_M3","modifier","M3","Grassroots community monitoring with documented elected official engagement","8","","Applied M3 (+8): Grassroots community monitoring with documented elected official engagement"
"https://www.martus.org","Martus","C1","political_relevance_summary","Martus addresses empowering advocacy and civic campaigning and protecting digital rights and privacy.","Power asymmetry named; mechanism partially specified; some formal response mechanism present","9","12","Partial power asymmetry identification. Martus addresses empowering advocacy and civic campaigning and protecting digital rights and privacy."
"https://www.martus.org","Martus","C2","communities_served","human rights activists; NGOs; civil liberties organizations; researchers; investigators","Excluded populations named; some mechanism specificity; limited participatory design evidence","14","20","Populations named with partial mechanism. Served: human rights activists; NGOs; civil liberties organizations; researchers; investigators"
"https://www.martus.org","Martus","C3","governance_model","project_of_larger_org","Multiple lifecycle stages documented; genuine decision-making at some stages","7","12","Multiple participation stages. Governance: project_of_larger_org"
"https://www.martus.org","Martus","C4","documented_limitations","No longer receiving security updates or maintenance; Unsupported platform with growing technical demands; Server infrastructure will eventually be discontinued; Users advised to re-evaluate threat model given lack of support","Generic limitations referenced; output focus rather than outcomes; minimal self-critique","8","20","Generic limitations, output focus. Limitations: No longer receiving security updates or maintenance; Unsupported platform with growing technical demands; Server infrastructure will eventually be dis"
"https://www.martus.org","Martus","C5","underdog_signal","True","Underdog features present; small-medium org; some structural exclusion focus","3","6","Moderate underdog features. True"
"https://www.martus.org","Martus","C6","governance_model","project_of_larger_org","Informs (IAP2 level 1); primarily one-way information flow; limited reciprocity","2","12","Informs level IAP2. Governance: project_of_larger_org"
"https://www.martus.org","Martus","modifier_M1","modifier","M1","Human rights documentation for persecuted and at-risk communities","9","","Applied M1 (+9): Human rights documentation for persecuted and at-risk communities"
"https://www.martus.org","Martus","modifier_M3","modifier","M3","NGO adoption in conflict zones and authoritarian contexts","7","","Applied M3 (+7): NGO adoption in conflict zones and authoritarian contexts"
"https://www.globaleaks.org","GlobaLeaks","C1","political_relevance_summary","GlobaLeaks addresses digital rights and online freedoms. Free and open-source whistleblowing software enabling secure anonymous reporting platforms.","Power asymmetry named; mechanism partially specified; some formal response mechanism present","9","12","Partial power asymmetry identification. GlobaLeaks addresses digital rights and online freedoms. Free and open-source whistleblowing software enabling secure anonymous reporting platforms."
"https://www.globaleaks.org","GlobaLeaks","C2","communities_served","journalists; activists; public agencies; corporations; independent media; whistleblowers","Excluded populations named; some mechanism specificity; limited participatory design evidence","13","20","Populations named with partial mechanism. Served: journalists; activists; public agencies; corporations; independent media; whistleblowers"
"https://www.globaleaks.org","GlobaLeaks","C3","governance_model","foundation","Multiple lifecycle stages documented; genuine decision-making at some stages","8","12","Multiple participation stages. Governance: foundation"
"https://www.globaleaks.org","GlobaLeaks","C4","documented_limitations","Limited quantitative impact evaluation; reliance on self-reported outcomes from deploying organizations","Generic limitations referenced; output focus rather than outcomes; minimal self-critique","8","20","Generic limitations, output focus. Limitations: Limited quantitative impact evaluation; reliance on self-reported outcomes from deploying organizations"
"https://www.globaleaks.org","GlobaLeaks","C5","underdog_signal","Nonprofit/charity","Underdog features present; small-medium org; some structural exclusion focus","3","6","Moderate underdog features. Nonprofit/charity"
"https://www.globaleaks.org","GlobaLeaks","C6","governance_model","foundation","Informs (IAP2 level 1); primarily one-way information flow; limited reciprocity","1","12","Informs level IAP2. Governance: foundation"
"https://www.globaleaks.org","GlobaLeaks","modifier_M1","modifier","M1","Whistleblowing infrastructure against institutional power","9","","Applied M1 (+9): Whistleblowing infrastructure against institutional power"
"https://www.globaleaks.org","GlobaLeaks","modifier_M3","modifier","M3","Deployed across multiple high-stakes anti-corruption contexts","7","","Applied M3 (+7): Deployed across multiple high-stakes anti-corruption contexts"
"https://www.open-contracting.org","Open Contracting Partnership","C1","political_relevance_summary","Open Contracting Partnership addresses the civic need for government transparency and open data access, enabling citizens, journalists, and researchers to hold public institutions accountable.","Power asymmetry named; mechanism partially specified; some formal response mechanism present","8","12","Partial power asymmetry identification. Open Contracting Partnership addresses the civic need for government transparency and open data access, enabling citizens, journalists, and researchers to hold public institutions accountable."
"https://www.open-contracting.org","Open Contracting Partnership","C2","communities_served","government procurement officials; civil society organizations; researchers; journalists; citizens; businesses","Excluded populations named; some mechanism specificity; limited participatory design evidence","12","20","Populations named with partial mechanism. Served: government procurement officials; civil society organizations; researchers; journalists; citizens; businesses"
"https://www.open-contracting.org","Open Contracting Partnership","C3","governance_model","foundation","Multiple lifecycle stages documented; genuine decision-making at some stages","7","12","Multiple participation stages. Governance: foundation"
"https://www.open-contracting.org","Open Contracting Partnership","C4","documented_limitations","Outcome attribution challenges due to multiple concurrent reforms; data quality varies significantly by country; limited long-term impact studies; difficulty isolating OCP's specific contribution from broader transparency initiatives","Generic limitations referenced; output focus rather than outcomes; minimal self-critique","8","20","Generic limitations, output focus. Limitations: Outcome attribution challenges due to multiple concurrent reforms; data quality varies significantly by country; limited long-term impact studies; dif"
"https://www.open-contracting.org","Open Contracting Partnership","C5","underdog_signal","True","Underdog features present; small-medium org; some structural exclusion focus","3","6","Moderate underdog features. True"
"https://www.open-contracting.org","Open Contracting Partnership","C6","governance_model","foundation","Informs (IAP2 level 1); primarily one-way information flow; limited reciprocity","2","12","Informs level IAP2. Governance: foundation"
"https://www.open-contracting.org","Open Contracting Partnership","modifier_M1","modifier","M1","Procurement opacity as power asymmetry mechanism enabling corruption","9","","Applied M1 (+9): Procurement opacity as power asymmetry mechanism enabling corruption"
"https://www.open-contracting.org","Open Contracting Partnership","modifier_M3","modifier","M3","Policy adoption across multiple governments with documented savings","7","","Applied M3 (+7): Policy adoption across multiple governments with documented savings"
"https://www.marksoutoftenancy.com","Marks Out Of Tenancy","C1","political_relevance_summary","Marks Out Of Tenancy addresses making civic data accessible and actionable and empowering advocacy and civic campaigning.","Power asymmetry named; mechanism partially specified; some formal response mechanism present","7","12","Partial power asymmetry identification. Marks Out Of Tenancy addresses making civic data accessible and actionable and empowering advocacy and civic campaigning."
"https://www.marksoutoftenancy.com","Marks Out Of Tenancy","C2","communities_served","renters; tenants; local authorities; universities; students' unions","Excluded populations named; some mechanism specificity; limited participatory design evidence","11","20","Populations named with partial mechanism. Served: renters; tenants; local authorities; universities; students' unions"
"https://www.marksoutoftenancy.com","Marks Out Of Tenancy","C3","governance_model","social enterprise","Some participation documented; primarily delivery-stage or consultation-only","6","12","Some participation, limited to delivery or consultation. Governance: social enterprise"
"https://www.marksoutoftenancy.com","Marks Out Of Tenancy","C4","documented_limitations","No information on review verification mechanisms; No published methodology for landlord/agency rating calculation; No disclosed data on review authenticity or moderation practices","Generic limitations referenced; output focus rather than outcomes; minimal self-critique","8","20","Generic limitations, output focus. Limitations: No information on review verification mechanisms; No published methodology for landlord/agency rating calculation; No disclosed data on review authent"
"https://www.marksoutoftenancy.com","Marks Out Of Tenancy","C5","underdog_signal","True","Underdog features present; small-medium org; some structural exclusion focus","3","6","Moderate underdog features. True"
"https://www.marksoutoftenancy.com","Marks Out Of Tenancy","C6","governance_model","social enterprise","Informs (IAP2 level 1); primarily one-way information flow; limited reciprocity","1","12","Informs level IAP2. Governance: social enterprise"
"https://www.marksoutoftenancy.com","Marks Out Of Tenancy","modifier_M1","modifier","M1","Landlord power asymmetry in private rental market; tenants historically voiceless","10","","Applied M1 (+10): Landlord power asymmetry in private rental market; tenants historically voiceless"
"https://www.marksoutoftenancy.com","Marks Out Of Tenancy","modifier_M3","modifier","M3","Grassroots tenant information platform with review aggregation","7","","Applied M3 (+7): Grassroots tenant information platform with review aggregation"
"https://www.meet.coop","meet.coop","C1","political_relevance_summary","meet.coop addresses enabling broader democratic participation and protecting digital rights and privacy.","Power asymmetry named; mechanism partially specified; some formal response mechanism present","8","12","Partial power asymmetry identification. meet.coop addresses enabling broader democratic participation and protecting digital rights and privacy."
"https://www.meet.coop","meet.coop","C2","communities_served","activists; educators; housing cooperatives; progressive organizations; social movements","Broad population implied; mechanism general; no documented participatory design process","10","20","Broad population implied without mechanism specificity. Served: activists; educators; housing cooperatives; progressive organizations; social movements"
"https://www.meet.coop","meet.coop","C3","governance_model","cooperative","Multiple lifecycle stages documented; genuine decision-making at some stages","8","12","Multiple participation stages. Governance: cooperative"
"https://www.meet.coop","meet.coop","C4","documented_limitations","Limited feature parity with commercial alternatives; Smaller user base than mainstream platforms","Generic limitations referenced; output focus rather than outcomes; minimal self-critique","7","20","Generic limitations, output focus. Limitations: Limited feature parity with commercial alternatives; Smaller user base than mainstream platforms"
"https://www.meet.coop","meet.coop","C5","underdog_signal","True","Underdog features present; small-medium org; some structural exclusion focus","3","6","Moderate underdog features. True"
"https://www.meet.coop","meet.coop","C6","governance_model","cooperative","Informs (IAP2 level 1); primarily one-way information flow; limited reciprocity","2","12","Informs level IAP2. Governance: cooperative"
"https://www.meet.coop","meet.coop","modifier_M1","modifier","M1","Platform co-op model challenges tech oligopoly in video conferencing","7","","Applied M1 (+7): Platform co-op model challenges tech oligopoly in video conferencing"
"https://www.meet.coop","meet.coop","modifier_M3","modifier","M3","Worker-owned infrastructure alternative to corporate platforms","6","","Applied M3 (+6): Worker-owned infrastructure alternative to corporate platforms"
"https://www.openownership.org","Open Ownership","C1","political_relevance_summary","Open Ownership addresses the civic need for government transparency and open data access, enabling citizens, journalists, and researchers to hold public institutions accountable.","Power asymmetry named; mechanism partially specified; some formal response mechanism present","8","12","Partial power asymmetry identification. Open Ownership addresses the civic need for government transparency and open data access, enabling citizens, journalists, and researchers to hold public institutions accountable."
"https://www.openownership.org","Open Ownership","C2","communities_served","governments; researchers; civil society organizations; extractive industry stakeholders; policymakers","Excluded populations named; some mechanism specificity; limited participatory design evidence","11","20","Populations named with partial mechanism. Served: governments; researchers; civil society organizations; extractive industry stakeholders; policymakers"
"https://www.openownership.org","Open Ownership","C3","governance_model","foundation","Some participation documented; primarily delivery-stage or consultation-only","6","12","Some participation, limited to delivery or consultation. Governance: foundation"
"https://www.openownership.org","Open Ownership","C4","documented_limitations","Variation in government capacity and political will to implement reforms; Data quality and completeness challenges across jurisdictions; Limited enforcement mechanisms in some countries","Generic limitations referenced; output focus rather than outcomes; minimal self-critique","7","20","Generic limitations, output focus. Limitations: Variation in government capacity and political will to implement reforms; Data quality and completeness challenges across jurisdictions; Limited enfor"
"https://www.openownership.org","Open Ownership","C5","underdog_signal","Nonprofit/charity","Weak underdog signal; institutional or well-resourced context; limited exclusion specificity","2","6","Weak underdog signal. Nonprofit/charity"
"https://www.openownership.org","Open Ownership","C6","governance_model","foundation","Informs (IAP2 level 1); primarily one-way information flow; limited reciprocity","2","12","Informs level IAP2. Governance: foundation"
"https://www.openownership.org","Open Ownership","modifier_M1","modifier","M1","Beneficial ownership opacity as mechanism enabling kleptocracy and tax avoidance","8","","Applied M1 (+8): Beneficial ownership opacity as mechanism enabling kleptocracy and tax avoidance"
"https://www.openownership.org","Open Ownership","modifier_M3","modifier","M3","Policy adoption in multiple jurisdictions via Beneficial Ownership Data Standard","7","","Applied M3 (+7): Policy adoption in multiple jurisdictions via Beneficial Ownership Data Standard"
"https://www.shineyoureye.org","ShineYourEye","C1","political_relevance_summary","Addresses government transparency and democratic accountability by tracking Nigerian politicians' activities and enabling citizen engagement with elected representatives.","Power asymmetry named; mechanism partially specified; some formal response mechanism present","7","12","Partial power asymmetry identification. Addresses government transparency and democratic accountability by tracking Nigerian politicians' activities and enabling citizen engagement with elected representatives."
"https://www.shineyoureye.org","ShineYourEye","C2","communities_served","citizens; voters; campaigners","Excluded populations named; some mechanism specificity; limited participatory design evidence","11","20","Populations named with partial mechanism. Served: citizens; voters; campaigners"
"https://www.shineyoureye.org","ShineYourEye","C3","governance_model","foundation","Some participation documented; primarily delivery-stage or consultation-only","6","12","Some participation, limited to delivery or consultation. Governance: foundation"
"https://www.shineyoureye.org","ShineYourEye","C4","documented_limitations","Not documented","Generic limitations referenced; output focus rather than outcomes; minimal self-critique","7","20","Generic limitations, output focus. Limitations: Not documented"
"https://www.shineyoureye.org","ShineYourEye","C5","underdog_signal","True","Underdog features present; small-medium org; some structural exclusion focus","3","6","Moderate underdog features. True"
"https://www.shineyoureye.org","ShineYourEye","C6","governance_model","foundation","Informs (IAP2 level 1); primarily one-way information flow; limited reciprocity","1","12","Informs level IAP2. Governance: foundation"
"https://www.shineyoureye.org","ShineYourEye","modifier_M1","modifier","M1","Civic accountability tool for Nigerian electoral and parliamentary context","7","","Applied M1 (+7): Civic accountability tool for Nigerian electoral and parliamentary context"
"https://www.shineyoureye.org","ShineYourEye","modifier_M3","modifier","M3","Grassroots voter information platform with elections monitoring","6","","Applied M3 (+6): Grassroots voter information platform with elections monitoring"
"https://www.communitytech.network","Community Tech","C1","political_relevance_summary","Addresses barriers to meaningful citizen participation in democratic decision-making by providing tools for public engagement and deliberation.","Power asymmetry named; mechanism partially specified; some formal response mechanism present","7","12","Partial power asymmetry identification. Addresses barriers to meaningful citizen participation in democratic decision-making by providing tools for public engagement and deliberation."
"https://www.communitytech.network","Community Tech","C2","communities_served","community organisations; local communities; citizens","Broad population implied; mechanism general; no documented participatory design process","10","20","Broad population implied without mechanism specificity. Served: community organisations; local communities; citizens"
"https://www.communitytech.network","Community Tech","C3","governance_model","project_of_larger_org","Some participation documented; primarily delivery-stage or consultation-only","6","12","Some participation, limited to delivery or consultation. Governance: project_of_larger_org"
"https://www.communitytech.network","Community Tech","C4","documented_limitations","{'description': ""Report 'Tech for Today - and for Tomorrow' calls on UK government to ensure technology and innovation work for everyone across Britain"", 'link': None, 'year': None}","Generic limitations referenced; output focus rather than outcomes; minimal self-critique","8","20","Generic limitations, output focus. Limitations: {'description': ""Report 'Tech for Today - and for Tomorrow' calls on UK government to ensure technology and innovation work for everyone across Britai"
"https://www.communitytech.network","Community Tech","C5","underdog_signal","True","Weak underdog signal; institutional or well-resourced context; limited exclusion specificity","2","6","Weak underdog signal. True"
"https://www.communitytech.network","Community Tech","C6","governance_model","project_of_larger_org","Informs (IAP2 level 1); primarily one-way information flow; limited reciprocity","2","12","Informs level IAP2. Governance: project_of_larger_org"
"https://www.communitytech.network","Community Tech","modifier_M1","modifier","M1","Digital exclusion as power asymmetry; builds capacity in underserved communities","7","","Applied M1 (+7): Digital exclusion as power asymmetry; builds capacity in underserved communities"
"https://www.communitytech.network","Community Tech","modifier_M3","modifier","M3","Network for grassroots tech capacity building","6","","Applied M3 (+6): Network for grassroots tech capacity building"
"https://www.crowdjustice.com","CrowdJustice","C1","political_relevance_summary","Addresses barriers to meaningful citizen participation in democratic decision-making by providing tools for public engagement and deliberation.","Power asymmetry named; mechanism partially specified; some formal response mechanism present","7","12","Partial power asymmetry identification. Addresses barriers to meaningful citizen participation in democratic decision-making by providing tools for public engagement and deliberation."
"https://www.crowdjustice.com","CrowdJustice","C2","communities_served","citizens; campaigners; legal advocates; civil rights organizations","Broad population implied; mechanism general; no documented participatory design process","10","20","Broad population implied without mechanism specificity. Served: citizens; campaigners; legal advocates; civil rights organizations"
"https://www.crowdjustice.com","CrowdJustice","C3","governance_model","LLC","Some participation documented; primarily delivery-stage or consultation-only","6","12","Some participation, limited to delivery or consultation. Governance: LLC"
"https://www.crowdjustice.com","CrowdJustice","C4","documented_limitations","Page content unavailable - JavaScript required","Generic limitations referenced; output focus rather than outcomes; minimal self-critique","6","20","Generic limitations, output focus. Limitations: Page content unavailable - JavaScript required"
"https://www.crowdjustice.com","CrowdJustice","C5","underdog_signal","For-profit/social enterprise","Weak underdog signal; institutional or well-resourced context; limited exclusion specificity","2","6","Weak underdog signal. For-profit/social enterprise"
"https://www.crowdjustice.com","CrowdJustice","C6","governance_model","LLC","Informs (IAP2 level 1); primarily one-way information flow; limited reciprocity","2","12","Informs level IAP2. Governance: LLC"
"https://www.crowdjustice.com","CrowdJustice","modifier_M1","modifier","M1","Cost of justice as access barrier; crowdfunding enables challenges against powerful actors","8","","Applied M1 (+8): Cost of justice as access barrier; crowdfunding enables challenges against powerful actors"
"https://www.crowdjustice.com","CrowdJustice","modifier_M3","modifier","M3","Funded significant public interest cases including landmark judicial reviews","7","","Applied M3 (+7): Funded significant public interest cases including landmark judicial reviews"
"https://www.givefood.org.uk","Give Food","C1","political_relevance_summary","Give Food addresses civic data access and transparency. UK charity using data to highlight and alleviate local food insecurity.","Power asymmetry named; mechanism partially specified; some formal response mechanism present","7","12","Partial power asymmetry identification. Give Food addresses civic data access and transparency. UK charity using data to highlight and alleviate local food insecurity."
"https://www.givefood.org.uk","Give Food","C2","communities_served","citizens; food banks; journalists; researchers; campaigners","Broad population implied; mechanism general; no documented participatory design process","10","20","Broad population implied without mechanism specificity. Served: citizens; food banks; journalists; researchers; campaigners"
"https://www.givefood.org.uk","Give Food","C3","governance_model","foundation","Some participation documented; primarily delivery-stage or consultation-only","6","12","Some participation, limited to delivery or consultation. Governance: foundation"
"https://www.givefood.org.uk","Give Food","C4","documented_limitations","Data coverage varies by region; some areas have incomplete food bank listings; Relies on self-reported data from food banks and donors; Does not capture informal food assistance networks","Generic limitations referenced; output focus rather than outcomes; minimal self-critique","7","20","Generic limitations, output focus. Limitations: Data coverage varies by region; some areas have incomplete food bank listings; Relies on self-reported data from food banks and donors; Does not captu"
"https://www.givefood.org.uk","Give Food","C5","underdog_signal","True","Underdog features present; small-medium org; some structural exclusion focus","3","6","Moderate underdog features. True"
"https://www.givefood.org.uk","Give Food","C6","governance_model","foundation","Informs (IAP2 level 1); primarily one-way information flow; limited reciprocity","1","12","Informs level IAP2. Governance: foundation"
"https://www.givefood.org.uk","Give Food","modifier_M1","modifier","M1","Food insecurity data gap as policy invisibility mechanism","7","","Applied M1 (+7): Food insecurity data gap as policy invisibility mechanism"
"https://www.givefood.org.uk","Give Food","modifier_M3","modifier","M3","Open data for food bank visibility enabling advocacy and policy change","6","","Applied M3 (+6): Open data for food bank visibility enabling advocacy and policy change"
"https://www.loomio.org","Loomio","C1","political_relevance_summary","Loomio addresses enabling broader democratic participation and improving government service delivery and transparency. It has documented policy impact.","Power imbalance implied; mechanism underspecified; informal or indirect response only","6","12","Implied rather than named power asymmetry. Loomio addresses enabling broader democratic participation and improving government service delivery and transparency. It has documented policy impact"
"https://www.loomio.org","Loomio","C2","communities_served","membership organizations; governance boards; self-managing companies; political movements; cooperatives; nonprofits","Broad population implied; mechanism general; no documented participatory design process","10","20","Broad population implied without mechanism specificity. Served: membership organizations; governance boards; self-managing companies; political movements; cooperatives; nonprofits"
"https://www.loomio.org","Loomio","C3","governance_model","LLC","Multiple lifecycle stages documented; genuine decision-making at some stages","7","12","Multiple participation stages. Governance: LLC"
"https://www.loomio.org","Loomio","C4","documented_limitations","Limited evidence on long-term decision quality outcomes; Primarily used by already-engaged communities; Scalability challenges for very large groups","Generic limitations referenced; output focus rather than outcomes; minimal self-critique","6","20","Generic limitations, output focus. Limitations: Limited evidence on long-term decision quality outcomes; Primarily used by already-engaged communities; Scalability challenges for very large groups"
"https://www.loomio.org","Loomio","C5","underdog_signal","For-profit/social enterprise","Weak underdog signal; institutional or well-resourced context; limited exclusion specificity","2","6","Weak underdog signal. For-profit/social enterprise"
"https://www.loomio.org","Loomio","C6","governance_model","LLC","Informs (IAP2 level 1); primarily one-way information flow; limited reciprocity","3","12","Informs level IAP2. Governance: LLC"
"https://www.loomio.org","Loomio","modifier_M1","modifier","M1","Deliberative infrastructure for collective decision-making","6","","Applied M1 (+6): Deliberative infrastructure for collective decision-making"
"https://www.loomio.org","Loomio","modifier_M3","modifier","M3","Co-op model with documented adoption in civic and union contexts","6","","Applied M3 (+6): Co-op model with documented adoption in civic and union contexts"
"https://vframe.io","VFRAME","C1","political_relevance_summary","VFRAME addresses digital rights and online freedoms. Computer vision for OSINT: detecting illegal munitions and documenting war crimes through AI-powered video analysis.","Power asymmetry named; mechanism partially specified; some formal response mechanism present","8","12","Partial power asymmetry identification. VFRAME addresses digital rights and online freedoms. Computer vision for OSINT: detecting illegal munitions and documenting war crimes through AI-powered video analysis."
"https://vframe.io","VFRAME","C2","communities_served","human rights researchers; journalists; war crimes investigators; NGOs","Broad population implied; mechanism general; no documented participatory design process","10","20","Broad population implied without mechanism specificity. Served: human rights researchers; journalists; war crimes investigators; NGOs"
"https://vframe.io","VFRAME","C3","governance_model","project_of_larger_org","Some participation documented; primarily delivery-stage or consultation-only","6","12","Some participation, limited to delivery or consultation. Governance: project_of_larger_org"
"https://vframe.io","VFRAME","C4","documented_limitations","Requires high-quality video source material; Synthetic data generation dependent on accurate 3D models; Limited to specific object classes currently trained","Generic limitations referenced; output focus rather than outcomes; minimal self-critique","6","20","Generic limitations, output focus. Limitations: Requires high-quality video source material; Synthetic data generation dependent on accurate 3D models; Limited to specific object classes currently t"
"https://vframe.io","VFRAME","C5","underdog_signal","True","Weak underdog signal; institutional or well-resourced context; limited exclusion specificity","2","6","Weak underdog signal. True"
"https://vframe.io","VFRAME","C6","governance_model","project_of_larger_org","Informs (IAP2 level 1); primarily one-way information flow; limited reciprocity","1","12","Informs level IAP2. Governance: project_of_larger_org"
"https://vframe.io","VFRAME","modifier_M1","modifier","M1","Open source weapons documentation tool against state violence and impunity","7","","Applied M1 (+7): Open source weapons documentation tool against state violence and impunity"
"https://vframe.io","VFRAME","modifier_M3","modifier","M3","Used by journalists and human rights organisations for accountability","6","","Applied M3 (+6): Used by journalists and human rights organisations for accountability"
"https://www.objector.ai","Objector.ai","C1","political_relevance_summary","Objector.ai addresses gaps in democratic participation by providing tools or platforms that enable citizens and communities to engage more directly in governance and decision-making processes.","Power asymmetry named; mechanism partially specified; some formal response mechanism present","7","12","Partial power asymmetry identification. Objector.ai addresses gaps in democratic participation by providing tools or platforms that enable citizens and communities to engage more directly in governance and decision-making processes."
"https://www.objector.ai","Objector.ai","C2","communities_served","citizens; community groups; individuals objecting to planning applications","Excluded populations named; some mechanism specificity; limited participatory design evidence","11","20","Populations named with partial mechanism. Served: citizens; community groups; individuals objecting to planning applications"
"https://www.objector.ai","Objector.ai","C3","governance_model","LLC","Some participation documented; primarily delivery-stage or consultation-only","6","12","Some participation, limited to delivery or consultation. Governance: LLC"
"https://www.objector.ai","Objector.ai","C4","documented_limitations","Limited to UK planning system; Requires users to upload planning documents manually; Effectiveness depends on quality of AI policy interpretation","Generic limitations referenced; output focus rather than outcomes; minimal self-critique","8","20","Generic limitations, output focus. Limitations: Limited to UK planning system; Requires users to upload planning documents manually; Effectiveness depends on quality of AI policy interpretation"
"https://www.objector.ai","Objector.ai","C5","underdog_signal","True","Weak underdog signal; institutional or well-resourced context; limited exclusion specificity","2","6","Weak underdog signal. True"
"https://www.objector.ai","Objector.ai","C6","governance_model","LLC","Informs (IAP2 level 1); primarily one-way information flow; limited reciprocity","2","12","Informs level IAP2. Governance: LLC"
"https://www.objector.ai","Objector.ai","modifier_M1","modifier","M1","Planning system opacity as mechanism excluding residents from development decisions","5","","Applied M1 (+5): Planning system opacity as mechanism excluding residents from development decisions"
"https://www.objector.ai","Objector.ai","modifier_M3","modifier","M3","AI-assisted tool for local planning objectors","4","","Applied M3 (+4): AI-assisted tool for local planning objectors"
"https://www.whatdotheyknow.com","WhatDoTheyKnow","C1","political_relevance_summary","WhatDoTheyKnow addresses government technology and public service delivery. Make freedom of information requests and see responses from UK public authorities.","Power asymmetry named; mechanism partially specified; some formal response mechanism present","7","12","Partial power asymmetry identification. WhatDoTheyKnow addresses government technology and public service delivery. Make freedom of information requests and see responses from UK public authorities."
"https://www.whatdotheyknow.com","WhatDoTheyKnow","C2","communities_served","journalists; researchers; citizens; campaigners; civil society organizations","Broad population implied; mechanism general; no documented participatory design process","10","20","Broad population implied without mechanism specificity. Served: journalists; researchers; citizens; campaigners; civil society organizations"
"https://www.whatdotheyknow.com","WhatDoTheyKnow","C3","governance_model","project_of_larger_org","Some participation documented; primarily delivery-stage or consultation-only","6","12","Some participation, limited to delivery or consultation. Governance: project_of_larger_org"
"https://www.whatdotheyknow.com","WhatDoTheyKnow","C4","documented_limitations","Limited to UK jurisdiction; Dependent on public authority compliance with Freedom of Information Act","Generic limitations referenced; output focus rather than outcomes; minimal self-critique","7","20","Generic limitations, output focus. Limitations: Limited to UK jurisdiction; Dependent on public authority compliance with Freedom of Information Act"
"https://www.whatdotheyknow.com","WhatDoTheyKnow","C5","underdog_signal","True","Weak underdog signal; institutional or well-resourced context; limited exclusion specificity","2","6","Weak underdog signal. True"
"https://www.whatdotheyknow.com","WhatDoTheyKnow","C6","governance_model","project_of_larger_org","Informs (IAP2 level 1); primarily one-way information flow; limited reciprocity","2","12","Informs level IAP2. Governance: project_of_larger_org"
"https://www.whatdotheyknow.com","WhatDoTheyKnow","modifier_M1","modifier","M1","FOI as mechanism against institutional opacity","5","","Applied M1 (+5): FOI as mechanism against institutional opacity"
"https://www.whatdotheyknow.com","WhatDoTheyKnow","modifier_M3","modifier","M3","Significant FOI request volume documented; public interest disclosures","4","","Applied M3 (+4): Significant FOI request volume documented; public interest disclosures"
"https://www.watchduty.org","Watch Duty","C1","political_relevance_summary","Watch Duty addresses civic data access and transparency. Real-time wildfire maps and alerts powered by volunteer first responders.","Power imbalance implied; mechanism underspecified; informal or indirect response only","6","12","Implied rather than named power asymmetry. Watch Duty addresses civic data access and transparency. Real-time wildfire maps and alerts powered by volunteer first responders."
"https://www.watchduty.org","Watch Duty","C2","communities_served","residents in wildfire-prone areas; first responders; firefighters; dispatchers","Broad population implied; mechanism general; no documented participatory design process","9","20","Broad population implied without mechanism specificity. Served: residents in wildfire-prone areas; first responders; firefighters; dispatchers"
"https://www.watchduty.org","Watch Duty","C3","governance_model","foundation","Some participation documented; primarily delivery-stage or consultation-only","5","12","Some participation, limited to delivery or consultation. Governance: foundation"
"https://www.watchduty.org","Watch Duty","C4","documented_limitations","Not documented","Claims made without critique; output-only framing; no failure acknowledgement","5","20","Weak self-examination. Limitations: Not documented"
"https://www.watchduty.org","Watch Duty","C5","underdog_signal","Nonprofit/charity","Weak underdog signal; institutional or well-resourced context; limited exclusion specificity","2","6","Weak underdog signal. Nonprofit/charity"
"https://www.watchduty.org","Watch Duty","C6","governance_model","foundation","Informs (IAP2 level 1); primarily one-way information flow; limited reciprocity","2","12","Informs level IAP2. Governance: foundation"
"https://www.watchduty.org","Watch Duty","modifier_M1","modifier","M1","Wildfire information asymmetry leaving at-risk communities without real-time alerts","5","","Applied M1 (+5): Wildfire information asymmetry leaving at-risk communities without real-time alerts"
"https://www.watchduty.org","Watch Duty","modifier_M5","modifier","M5","Emergency rapid response utility for fire evacuation","5","","Applied M5 (+5): Emergency rapid response utility for fire evacuation"
"https://www.mysociety.org/climate/neighbourhood-warmth","Neighbourhood Warmth","C1","political_relevance_summary","Neighbourhood Warmth addresses making civic data accessible and actionable and enabling broader democratic participation.","Power imbalance implied; mechanism underspecified; informal or indirect response only","6","12","Implied rather than named power asymmetry. Neighbourhood Warmth addresses making civic data accessible and actionable and enabling broader democratic participation."
"https://www.mysociety.org/climate/neighbourhood-warmth","Neighbourhood Warmth","C2","communities_served","homeowners; local authorities; local energy service cooperatives; citizens","Broad population implied; mechanism general; no documented participatory design process","9","20","Broad population implied without mechanism specificity. Served: homeowners; local authorities; local energy service cooperatives; citizens"
"https://www.mysociety.org/climate/neighbourhood-warmth","Neighbourhood Warmth","C3","governance_model","project_of_larger_org","Some participation documented; primarily delivery-stage or consultation-only","5","12","Some participation, limited to delivery or consultation. Governance: project_of_larger_org"
"https://www.mysociety.org/climate/neighbourhood-warmth","Neighbourhood Warmth","C4","documented_limitations","Project appears to be in early/prototype stage with limited deployment data; No published metrics on team formation, participation, or energy outcomes","Generic limitations referenced; output focus rather than outcomes; minimal self-critique","7","20","Generic limitations, output focus. Limitations: Project appears to be in early/prototype stage with limited deployment data; No published metrics on team formation, participation, or energy outcomes"
"https://www.mysociety.org/climate/neighbourhood-warmth","Neighbourhood Warmth","C5","underdog_signal","True","Weak underdog signal; institutional or well-resourced context; limited exclusion specificity","2","6","Weak underdog signal. True"
"https://www.mysociety.org/climate/neighbourhood-warmth","Neighbourhood Warmth","C6","governance_model","project_of_larger_org","Informs (IAP2 level 1); primarily one-way information flow; limited reciprocity","2","12","Informs level IAP2. Governance: project_of_larger_org"
"https://www.mysociety.org/climate/neighbourhood-warmth","Neighbourhood Warmth","modifier_M1","modifier","M1","Energy poverty information gap as policy invisibility mechanism","4","","Applied M1 (+4): Energy poverty information gap as policy invisibility mechanism"
"https://www.donotpay.com","DoNotPay","C1","political_relevance_summary","DoNotPay addresses civic data access and transparency. AI-powered legal assistance and consumer advocacy platform.","Power imbalance implied; mechanism underspecified; informal or indirect response only","6","12","Implied rather than named power asymmetry. DoNotPay addresses civic data access and transparency. AI-powered legal assistance and consumer advocacy platform."
"https://www.donotpay.com","DoNotPay","C2","communities_served","consumers; citizens; individuals seeking legal assistance","Broad population implied; mechanism general; no documented participatory design process","8","20","Broad population implied without mechanism specificity. Served: consumers; citizens; individuals seeking legal assistance"
"https://www.donotpay.com","DoNotPay","C3","governance_model","LLC","Some participation documented; primarily delivery-stage or consultation-only","5","12","Some participation, limited to delivery or consultation. Governance: LLC"
"https://www.donotpay.com","DoNotPay","C4","documented_limitations","Limited to specific legal domains; Not a substitute for licensed attorney advice; Regulatory restrictions on AI-generated legal documents","Claims made without critique; output-only framing; no failure acknowledgement","5","20","Weak self-examination. Limitations: Limited to specific legal domains; Not a substitute for licensed attorney advice; Regulatory restrictions on AI-generated legal documents"
"https://www.donotpay.com","DoNotPay","C5","underdog_signal","For-profit/social enterprise","Weak underdog signal; institutional or well-resourced context; limited exclusion specificity","2","6","Weak underdog signal. For-profit/social enterprise"
"https://www.donotpay.com","DoNotPay","C6","governance_model","LLC","Informs (IAP2 level 1); primarily one-way information flow; limited reciprocity","2","12","Informs level IAP2. Governance: LLC"
"https://www.donotpay.com","DoNotPay","modifier_M1","modifier","M1","Legal cost asymmetry addressed at margins; well-funded commercial context limits underdog status","2","","Applied M1 (+2): Legal cost asymmetry addressed at margins; well-funded commercial context limits underdog status"
"https://www.demnext.org/projects/delibtech-network","Deliberation & Technology (DelibTech) Network","C1","political_relevance_summary","Deliberation & Technology (DelibTech) Network addresses democratic participation and citizen engagement. International network of technologists and practitioners building and studying technology to enhance deliberation and digital infrastructure for deliberative democracy.","Power imbalance implied; mechanism underspecified; informal or indirect response only","5","12","Implied rather than named power asymmetry. Deliberation & Technology (DelibTech) Network addresses democratic participation and citizen engagement. International network of technologists and pr"
"https://www.demnext.org/projects/delibtech-network","Deliberation & Technology (DelibTech) Network","C2","communities_served","technologists; practitioners; experts; citizens' assembly organizers","Broad population implied; mechanism general; no documented participatory design process","7","20","Broad population implied without mechanism specificity. Served: technologists; practitioners; experts; citizens' assembly organizers"
"https://www.demnext.org/projects/delibtech-network","Deliberation & Technology (DelibTech) Network","C3","governance_model","project_of_larger_org","Some participation documented; primarily delivery-stage or consultation-only","5","12","Some participation, limited to delivery or consultation. Governance: project_of_larger_org"
"https://www.demnext.org/projects/delibtech-network","Deliberation & Technology (DelibTech) Network","C4","documented_limitations","Not documented","Claims made without critique; output-only framing; no failure acknowledgement","5","20","Weak self-examination. Limitations: Not documented"
"https://www.demnext.org/projects/delibtech-network","Deliberation & Technology (DelibTech) Network","C5","underdog_signal","True","Weak underdog signal; institutional or well-resourced context; limited exclusion specificity","2","6","Weak underdog signal. True"
"https://www.demnext.org/projects/delibtech-network","Deliberation & Technology (DelibTech) Network","C6","governance_model","project_of_larger_org","Informs (IAP2 level 1); primarily one-way information flow; limited reciprocity","2","12","Informs level IAP2. Governance: project_of_larger_org"
"https://www.mpwatch.org","MP Watch","C1","political_relevance_summary","MP Watch addresses enabling broader democratic participation and empowering advocacy and civic campaigning.","Power imbalance implied; mechanism underspecified; informal or indirect response only","5","12","Implied rather than named power asymmetry. MP Watch addresses enabling broader democratic participation and empowering advocacy and civic campaigning."
"https://www.mpwatch.org","MP Watch","C2","communities_served","citizens; campaigners; MPs; constituents","Broad population implied; mechanism general; no documented participatory design process","7","20","Broad population implied without mechanism specificity. Served: citizens; campaigners; MPs; constituents"
"https://www.mpwatch.org","MP Watch","C3","governance_model","Centralized advocacy organization","Some participation documented; primarily delivery-stage or consultation-only","4","12","Some participation, limited to delivery or consultation. Governance: Centralized advocacy organization"
"https://www.mpwatch.org","MP Watch","C4","documented_limitations","Not documented","Claims made without critique; output-only framing; no failure acknowledgement","5","20","Weak self-examination. Limitations: Not documented"
"https://www.mpwatch.org","MP Watch","C5","underdog_signal","True","Weak underdog signal; institutional or well-resourced context; limited exclusion specificity","2","6","Weak underdog signal. True"
"https://www.mpwatch.org","MP Watch","C6","governance_model","Centralized advocacy organization","Informs (IAP2 level 1); primarily one-way information flow; limited reciprocity","2","12","Informs level IAP2. Governance: Centralized advocacy organization"
"https://www.wikidata.org","Wikidata","C1","political_relevance_summary","Wikidata addresses civic data access and transparency. A free and open knowledge base that can be read and edited by both machines and humans.","Power imbalance implied; mechanism underspecified; informal or indirect response only","4","12","Implied rather than named power asymmetry. Wikidata addresses civic data access and transparency. A free and open knowledge base that can be read and edited by both machines and humans."
"https://www.wikidata.org","Wikidata","C2","communities_served","researchers; journalists; citizens; developers; knowledge workers","Broad population implied; mechanism general; no documented participatory design process","8","20","Broad population implied without mechanism specificity. Served: researchers; journalists; citizens; developers; knowledge workers"
"https://www.wikidata.org","Wikidata","C3","governance_model","project_of_larger_org","Some participation documented; primarily delivery-stage or consultation-only","5","12","Some participation, limited to delivery or consultation. Governance: project_of_larger_org"
"https://www.wikidata.org","Wikidata","C4","documented_limitations","Data quality varies by language and topic; Vandalism and misinformation risks; Coverage gaps in non-Western topics","Claims made without critique; output-only framing; no failure acknowledgement","5","20","Weak self-examination. Limitations: Data quality varies by language and topic; Vandalism and misinformation risks; Coverage gaps in non-Western topics"
"https://www.wikidata.org","Wikidata","C5","underdog_signal","Nonprofit/charity","Weak underdog signal; institutional or well-resourced context; limited exclusion specificity","1","6","Weak underdog signal. Nonprofit/charity"
"https://www.wikidata.org","Wikidata","C6","governance_model","project_of_larger_org","Informs (IAP2 level 1); primarily one-way information flow; limited reciprocity","2","12","Informs level IAP2. Governance: project_of_larger_org"
"https://www.deliberaide.com","deliberAIde","C1","political_relevance_summary","deliberAIde addresses democratic participation and citizen engagement. Human-Centred AI That Supports Dialogue at Every Step.","Power imbalance implied; mechanism underspecified; informal or indirect response only","5","12","Implied rather than named power asymmetry. deliberAIde addresses democratic participation and citizen engagement. Human-Centred AI That Supports Dialogue at Every Step."
"https://www.deliberaide.com","deliberAIde","C2","communities_served","governments; organizations; communities; citizens","Broad population implied; mechanism general; no documented participatory design process","9","20","Broad population implied without mechanism specificity. Served: governments; organizations; communities; citizens"
"https://www.deliberaide.com","deliberAIde","C3","governance_model","LLC","Some participation documented; primarily delivery-stage or consultation-only","5","12","Some participation, limited to delivery or consultation. Governance: LLC"
"https://www.deliberaide.com","deliberAIde","C4","documented_limitations","Language model biases in non-English contexts; potential for algorithmic bias in theme clustering; limited transparency on training data","Claims made without critique; output-only framing; no failure acknowledgement","5","20","Weak self-examination. Limitations: Language model biases in non-English contexts; potential for algorithmic bias in theme clustering; limited transparency on training data"
"https://www.deliberaide.com","deliberAIde","C5","underdog_signal","True","Weak underdog signal; institutional or well-resourced context; limited exclusion specificity","2","6","Weak underdog signal. True"
"https://www.deliberaide.com","deliberAIde","C6","governance_model","LLC","Informs (IAP2 level 1); primarily one-way information flow; limited reciprocity","2","12","Informs level IAP2. Governance: LLC"
"https://www.deliberaide.com","deliberAIde","modifier_M4","modifier","M4","AI-mediated deliberation with engagement capture and homogenisation risk","-4","","Applied M4 (-4): AI-mediated deliberation with engagement capture and homogenisation risk"
"https://www.consoc.io","Consciousness Evolution Operating System (ConSoc)","C1","political_relevance_summary","Addresses challenges in cooperative digital infrastructure by serving civic actors.","Generic inequality reference; no specific mechanism named; no formal contestation pathway","3","12","Weak or absent power asymmetry framing. Addresses challenges in cooperative digital infrastructure by serving civic actors."
"https://www.consoc.io","Consciousness Evolution Operating System (ConSoc)","C2","communities_served","civic technology practitioners","Broad population implied; mechanism general; no documented participatory design process","6","20","Broad population implied without mechanism specificity. Served: civic technology practitioners"
"https://www.consoc.io","Consciousness Evolution Operating System (ConSoc)","C3","governance_model","Not documented","Some participation documented; primarily delivery-stage or consultation-only","4","12","Some participation, limited to delivery or consultation. Governance: Not documented"
"https://www.consoc.io","Consciousness Evolution Operating System (ConSoc)","C4","documented_limitations","Not documented","Claims made without critique; output-only framing; no failure acknowledgement","4","20","Weak self-examination. Limitations: Not documented"
"https://www.consoc.io","Consciousness Evolution Operating System (ConSoc)","C5","underdog_signal","Not documented","Weak underdog signal; institutional or well-resourced context; limited exclusion specificity","1","6","Weak underdog signal. Not documented"
"https://www.consoc.io","Consciousness Evolution Operating System (ConSoc)","C6","governance_model","Addresses challenges in cooperative digital infrastructure by serving civic actors.","Informs (IAP2 level 1); primarily one-way information flow; limited reciprocity","2","12","Informs level IAP2. Governance: Addresses challenges in cooperative digital infrastructure by serving civic actors."
"https://www.welivedit.ai","We Live It","C1","political_relevance_summary","We Live It addresses civic technology. AI-powered platform for community-driven urban planning and civic engagement.","Generic inequality reference; no specific mechanism named; no formal contestation pathway","3","12","Weak or absent power asymmetry framing. We Live It addresses civic technology. AI-powered platform for community-driven urban planning and civic engagement."
"https://www.welivedit.ai","We Live It","C2","communities_served","Urban residents, city planners, community organizations","Broad population implied; mechanism general; no documented participatory design process","6","20","Broad population implied without mechanism specificity. Served: Urban residents, city planners, community organizations"
"https://www.welivedit.ai","We Live It","C3","governance_model","LLC","Some participation documented; primarily delivery-stage or consultation-only","4","12","Some participation, limited to delivery or consultation. Governance: LLC"
"https://www.welivedit.ai","We Live It","C4","documented_limitations","Not documented","Claims made without critique; output-only framing; no failure acknowledgement","4","20","Weak self-examination. Limitations: Not documented"
"https://www.welivedit.ai","We Live It","C5","underdog_signal","For-profit/social enterprise","Weak underdog signal; institutional or well-resourced context; limited exclusion specificity","1","6","Weak underdog signal. For-profit/social enterprise"
"https://www.welivedit.ai","We Live It","C6","governance_model","LLC","Informs (IAP2 level 1); primarily one-way information flow; limited reciprocity","2","12","Informs level IAP2. Governance: LLC"
"https://www.fixmystreet.com","FixMyStreet","C1","political_relevance_summary","FixMyStreet addresses democratic participation and citizen engagement. Report, view, and discuss local street problems with UK councils.","Power imbalance implied; mechanism underspecified; informal or indirect response only","4","12","Implied rather than named power asymmetry. FixMyStreet addresses democratic participation and citizen engagement. Report, view, and discuss local street problems with UK councils."
"https://www.fixmystreet.com","FixMyStreet","C2","communities_served","citizens; local councils; developers","Broad population implied; mechanism general; no documented participatory design process","7","20","Broad population implied without mechanism specificity. Served: citizens; local councils; developers"
"https://www.fixmystreet.com","FixMyStreet","C3","governance_model","project_of_larger_org","Some participation documented; primarily delivery-stage or consultation-only","5","12","Some participation, limited to delivery or consultation. Governance: project_of_larger_org"
"https://www.fixmystreet.com","FixMyStreet","C4","documented_limitations","Dependent on council responsiveness and integration; Coverage varies significantly by local authority; Limited ability to track actual problem resolution vs. reporting","Claims made without critique; output-only framing; no failure acknowledgement","4","20","Weak self-examination. Limitations: Dependent on council responsiveness and integration; Coverage varies significantly by local authority; Limited ability to track actual problem resolut"
"https://www.fixmystreet.com","FixMyStreet","C5","underdog_signal","Nonprofit/charity","Weak underdog signal; institutional or well-resourced context; limited exclusion specificity","1","6","Weak underdog signal. Nonprofit/charity"
"https://www.fixmystreet.com","FixMyStreet","C6","governance_model","project_of_larger_org","Informs (IAP2 level 1); primarily one-way information flow; limited reciprocity","3","12","Informs level IAP2. Governance: project_of_larger_org"
"https://www.writetothem.com","WriteToThem","C1","political_relevance_summary","WriteToThem addresses democratic participation and citizen engagement. Email your Councillor, MP, MSP, MS, MLA or London Assembly Member for free.","Power imbalance implied; mechanism underspecified; informal or indirect response only","4","12","Implied rather than named power asymmetry. WriteToThem addresses democratic participation and citizen engagement. Email your Councillor, MP, MSP, MS, MLA or London Assembly Member for free."
"https://www.writetothem.com","WriteToThem","C2","communities_served","citizens; campaigners; constituents","Broad population implied; mechanism general; no documented participatory design process","7","20","Broad population implied without mechanism specificity. Served: citizens; campaigners; constituents"
"https://www.writetothem.com","WriteToThem","C3","governance_model","project_of_larger_org","Some participation documented; primarily delivery-stage or consultation-only","5","12","Some participation, limited to delivery or consultation. Governance: project_of_larger_org"
"https://www.writetothem.com","WriteToThem","C4","documented_limitations","Limited to UK political system; Dependent on accurate representative contact data; No guarantee of response from elected officials","Claims made without critique; output-only framing; no failure acknowledgement","4","20","Weak self-examination. Limitations: Limited to UK political system; Dependent on accurate representative contact data; No guarantee of response from elected officials"
"https://www.writetothem.com","WriteToThem","C5","underdog_signal","True","Weak underdog signal; institutional or well-resourced context; limited exclusion specificity","1","6","Weak underdog signal. True"
"https://www.writetothem.com","WriteToThem","C6","governance_model","project_of_larger_org","Informs (IAP2 level 1); primarily one-way information flow; limited reciprocity","3","12","Informs level IAP2. Governance: project_of_larger_org"
"https://www.localintelligencehub.com","Local Intelligence Hub","C1","political_relevance_summary","Local Intelligence Hub addresses enabling broader democratic participation and making civic data accessible and actionable. It has documented policy impact.","Power imbalance implied; mechanism underspecified; informal or indirect response only","4","12","Implied rather than named power asymmetry. Local Intelligence Hub addresses enabling broader democratic participation and making civic data accessible and actionable. It has documented policy i"
"https://www.localintelligencehub.com","Local Intelligence Hub","C2","communities_served","campaigners; organizers; climate advocates; researchers","Broad population implied; mechanism general; no documented participatory design process","7","20","Broad population implied without mechanism specificity. Served: campaigners; organizers; climate advocates; researchers"
"https://www.localintelligencehub.com","Local Intelligence Hub","C3","governance_model","project_of_larger_org","Some participation documented; primarily delivery-stage or consultation-only","4","12","Some participation, limited to delivery or consultation. Governance: project_of_larger_org"
"https://www.localintelligencehub.com","Local Intelligence Hub","C4","documented_limitations","Members-only data not publicly redistributable; Dataset currency varies by partner update frequency","Claims made without critique; output-only framing; no failure acknowledgement","5","20","Weak self-examination. Limitations: Members-only data not publicly redistributable; Dataset currency varies by partner update frequency"
"https://www.localintelligencehub.com","Local Intelligence Hub","C5","underdog_signal","True","Weak underdog signal; institutional or well-resourced context; limited exclusion specificity","2","6","Weak underdog signal. True"
"https://www.localintelligencehub.com","Local Intelligence Hub","C6","governance_model","project_of_larger_org","Informs (IAP2 level 1); primarily one-way information flow; limited reciprocity","2","12","Informs level IAP2. Governance: project_of_larger_org"
"https://web.archive.org","Internet Archive Wayback Machine","C1","political_relevance_summary","Internet Archive Wayback Machine addresses preserving digital information for public accountability and ensuring freedom of information and public access to knowledge. It has documented policy impact.","Power imbalance implied; mechanism underspecified; informal or indirect response only","5","12","Implied rather than named power asymmetry. Internet Archive Wayback Machine addresses preserving digital information for public accountability and ensuring freedom of information and public acc"
"https://web.archive.org","Internet Archive Wayback Machine","C2","communities_served","researchers; journalists; historians; legal professionals; general public; print-disabled users","Broad population implied; mechanism general; no documented participatory design process","7","20","Broad population implied without mechanism specificity. Served: researchers; journalists; historians; legal professionals; general public; print-disabled users"
"https://web.archive.org","Internet Archive Wayback Machine","C3","governance_model","foundation","Some participation documented; primarily delivery-stage or consultation-only","4","12","Some participation, limited to delivery or consultation. Governance: foundation"
"https://web.archive.org","Internet Archive Wayback Machine","C4","documented_limitations","Robots.txt exclusions allow sites to opt out of archiving; Not all web content is preserved (dark web, paywalled, dynamic content); DDoS vulnerability demonstrated October 2024","Claims made without critique; output-only framing; no failure acknowledgement","4","20","Weak self-examination. Limitations: Robots.txt exclusions allow sites to opt out of archiving; Not all web content is preserved (dark web, paywalled, dynamic content); DDoS vulnerability"
"https://web.archive.org","Internet Archive Wayback Machine","C5","underdog_signal","Nonprofit/charity","Weak underdog signal; institutional or well-resourced context; limited exclusion specificity","2","6","Weak underdog signal. Nonprofit/charity"
"https://web.archive.org","Internet Archive Wayback Machine","C6","governance_model","foundation","Informs (IAP2 level 1); primarily one-way information flow; limited reciprocity","1","12","Informs level IAP2. Governance: foundation"
"https://www.theyworkforyou.com","TheyWorkForYou","C1","political_relevance_summary","TheyWorkForYou addresses democratic participation and citizen engagement. Hansard and Official Reports for the UK Parliament, Scottish Parliament, and Northern Ireland Assembly - done right.","Power imbalance implied; mechanism underspecified; informal or indirect response only","4","12","Implied rather than named power asymmetry. TheyWorkForYou addresses democratic participation and citizen engagement. Hansard and Official Reports for the UK Parliament, Scottish Parliament, and"
"https://www.theyworkforyou.com","TheyWorkForYou","C2","communities_served","citizens; researchers; journalists; campaigners; parliamentarians","Broad population implied; mechanism general; no documented participatory design process","7","20","Broad population implied without mechanism specificity. Served: citizens; researchers; journalists; campaigners; parliamentarians"
"https://www.theyworkforyou.com","TheyWorkForYou","C3","governance_model","project_of_larger_org","Some participation documented; primarily delivery-stage or consultation-only","4","12","Some participation, limited to delivery or consultation. Governance: project_of_larger_org"
"https://www.theyworkforyou.com","TheyWorkForYou","C4","documented_limitations","Limited to official parliamentary records; Dependent on data feed quality from parliamentary sources; Coverage gaps for historical records prior to 2004","Claims made without critique; output-only framing; no failure acknowledgement","4","20","Weak self-examination. Limitations: Limited to official parliamentary records; Dependent on data feed quality from parliamentary sources; Coverage gaps for historical records prior to 20"
"https://www.theyworkforyou.com","TheyWorkForYou","C5","underdog_signal","True","Weak underdog signal; institutional or well-resourced context; limited exclusion specificity","1","6","Weak underdog signal. True"
"https://www.theyworkforyou.com","TheyWorkForYou","C6","governance_model","project_of_larger_org","Informs (IAP2 level 1); primarily one-way information flow; limited reciprocity","3","12","Informs level IAP2. Governance: project_of_larger_org"
"https://www.campaigntracker.nl/en","Campaign Tracker","C1","political_relevance_summary","Addresses information asymmetry by improving access to structured knowledge and civic data for informed public participation.","Power imbalance implied; mechanism underspecified; informal or indirect response only","4","12","Implied rather than named power asymmetry. Addresses information asymmetry by improving access to structured knowledge and civic data for informed public participation."
"https://www.campaigntracker.nl/en","Campaign Tracker","C2","communities_served","journalists; researchers; citizens; campaigners; civil society organizations","Broad population implied; mechanism general; no documented participatory design process","7","20","Broad population implied without mechanism specificity. Served: journalists; researchers; citizens; campaigners; civil society organizations"
"https://www.campaigntracker.nl/en","Campaign Tracker","C3","governance_model","foundation","Some participation documented; primarily delivery-stage or consultation-only","4","12","Some participation, limited to delivery or consultation. Governance: foundation"
"https://www.campaigntracker.nl/en","Campaign Tracker","C4","documented_limitations","Coverage limited to major parties and campaigns; Data collection relies on public disclosures which vary in completeness; Real-time data availability constraints","Claims made without critique; output-only framing; no failure acknowledgement","4","20","Weak self-examination. Limitations: Coverage limited to major parties and campaigns; Data collection relies on public disclosures which vary in completeness; Real-time data availability "
"https://www.campaigntracker.nl/en","Campaign Tracker","C5","underdog_signal","True","Weak underdog signal; institutional or well-resourced context; limited exclusion specificity","2","6","Weak underdog signal. True"
"https://www.campaigntracker.nl/en","Campaign Tracker","C6","governance_model","foundation","Informs (IAP2 level 1); primarily one-way information flow; limited reciprocity","2","12","Informs level IAP2. Governance: foundation"
"https://www.opensanctions.org","OpenSanctions","C1","political_relevance_summary","OpenSanctions addresses the civic need for government transparency and open data access, enabling citizens, journalists, and researchers to hold public institutions accountable.","Power imbalance implied; mechanism underspecified; informal or indirect response only","5","12","Implied rather than named power asymmetry. OpenSanctions addresses the civic need for government transparency and open data access, enabling citizens, journalists, and researchers to hold publi"
"https://www.opensanctions.org","OpenSanctions","C2","communities_served","investigators; companies; technologists; financial institutions; researchers; compliance professionals","Broad population implied; mechanism general; no documented participatory design process","7","20","Broad population implied without mechanism specificity. Served: investigators; companies; technologists; financial institutions; researchers; compliance professionals"
"https://www.opensanctions.org","OpenSanctions","C3","governance_model","Open governance with community contributions and advisory board oversight","Some participation documented; primarily delivery-stage or consultation-only","4","12","Some participation, limited to delivery or consultation. Governance: Open governance with community contributions and advisory board oversight"
"https://www.opensanctions.org","OpenSanctions","C4","documented_limitations","Data extraction from free text sources prone to LLM errors including dropped middle names and hallucinated details; Requires human moderation for accuracy","Claims made without critique; output-only framing; no failure acknowledgement","4","20","Weak self-examination. Limitations: Data extraction from free text sources prone to LLM errors including dropped middle names and hallucinated details; Requires human moderation for accu"
"https://www.opensanctions.org","OpenSanctions","C5","underdog_signal","True","Weak underdog signal; institutional or well-resourced context; limited exclusion specificity","2","6","Weak underdog signal. True"
"https://www.opensanctions.org","OpenSanctions","C6","governance_model","Open governance with community contributions and advisory board oversight","Informs (IAP2 level 1); primarily one-way information flow; limited reciprocity","1","12","Informs level IAP2. Governance: Open governance with community contributions and advisory board oversight"
"https://www.mastodonc.com","Mastodon C","C1","political_relevance_summary","Mastodon C addresses making civic data accessible and actionable and improving government service delivery and transparency. It has documented policy impact.","Power imbalance implied; mechanism underspecified; informal or indirect response only","4","12","Implied rather than named power asymmetry. Mastodon C addresses making civic data accessible and actionable and improving government service delivery and transparency. It has documented policy "
"https://www.mastodonc.com","Mastodon C","C2","communities_served","government agencies; civil society organizations; researchers; policymakers","Broad population implied; mechanism general; no documented participatory design process","6","20","Broad population implied without mechanism specificity. Served: government agencies; civil society organizations; researchers; policymakers"
"https://www.mastodonc.com","Mastodon C","C3","governance_model","LLC","Some participation documented; primarily delivery-stage or consultation-only","4","12","Some participation, limited to delivery or consultation. Governance: LLC"
"https://www.mastodonc.com","Mastodon C","C4","documented_limitations","Limited transparency on proprietary analytics methods; Dependency on government contract renewals","Claims made without critique; output-only framing; no failure acknowledgement","5","20","Weak self-examination. Limitations: Limited transparency on proprietary analytics methods; Dependency on government contract renewals"
"https://www.mastodonc.com","Mastodon C","C5","underdog_signal","True","Weak underdog signal; institutional or well-resourced context; limited exclusion specificity","2","6","Weak underdog signal. True"
"https://www.mastodonc.com","Mastodon C","C6","governance_model","LLC","Informs (IAP2 level 1); primarily one-way information flow; limited reciprocity","1","12","Informs level IAP2. Governance: LLC"
"https://whopostedwhat.com","Who Posted What?","C1","political_relevance_summary","Who Posted What? addresses civic data access and transparency. Non-public Facebook keyword search tool for researchers and public interest workers.","Power imbalance implied; mechanism underspecified; informal or indirect response only","5","12","Implied rather than named power asymmetry. Who Posted What? addresses civic data access and transparency. Non-public Facebook keyword search tool for researchers and public interest workers."
"https://whopostedwhat.com","Who Posted What?","C2","communities_served","journalists; researchers; public interest workers; fact-checkers","Broad population implied; mechanism general; no documented participatory design process","7","20","Broad population implied without mechanism specificity. Served: journalists; researchers; public interest workers; fact-checkers"
"https://whopostedwhat.com","Who Posted What?","C3","governance_model","individual","Some participation documented; primarily delivery-stage or consultation-only","4","12","Some participation, limited to delivery or consultation. Governance: individual"
"https://whopostedwhat.com","Who Posted What?","C4","documented_limitations","Instagram date-filtering feature removed May 12, 2021 after Facebook disabled it; Subject to Facebook's anti-scraping detection; Access restricted to approved users working in public interest","Claims made without critique; output-only framing; no failure acknowledgement","4","20","Weak self-examination. Limitations: Instagram date-filtering feature removed May 12, 2021 after Facebook disabled it; Subject to Facebook's anti-scraping detection; Access restricted to "
"https://whopostedwhat.com","Who Posted What?","C5","underdog_signal","True","Weak underdog signal; institutional or well-resourced context; limited exclusion specificity","1","6","Weak underdog signal. True"
"https://whopostedwhat.com","Who Posted What?","C6","governance_model","individual","Informs (IAP2 level 1); primarily one-way information flow; limited reciprocity","1","12","Informs level IAP2. Governance: individual"
"https://violationtrackeruk.goodjobsfirst.org","Violation Tracker UK","C1","political_relevance_summary","Violation Tracker UK addresses civic data access and transparency. Database tracking corporate violations and enforcement actions in the United Kingdom.","Power imbalance implied; mechanism underspecified; informal or indirect response only","4","12","Implied rather than named power asymmetry. Violation Tracker UK addresses civic data access and transparency. Database tracking corporate violations and enforcement actions in the United Kingdo"
"https://violationtrackeruk.goodjobsfirst.org","Violation Tracker UK","C2","communities_served","researchers; journalists; campaigners; citizens; policymakers","Broad population implied; mechanism general; no documented participatory design process","6","20","Broad population implied without mechanism specificity. Served: researchers; journalists; campaigners; citizens; policymakers"
"https://violationtrackeruk.goodjobsfirst.org","Violation Tracker UK","C3","governance_model","project_of_larger_org","Some participation documented; primarily delivery-stage or consultation-only","4","12","Some participation, limited to delivery or consultation. Governance: project_of_larger_org"
"https://violationtrackeruk.goodjobsfirst.org","Violation Tracker UK","C4","documented_limitations","Page content unavailable - JavaScript required to access database","Claims made without critique; output-only framing; no failure acknowledgement","4","20","Weak self-examination. Limitations: Page content unavailable - JavaScript required to access database"
"https://violationtrackeruk.goodjobsfirst.org","Violation Tracker UK","C5","underdog_signal","Nonprofit/charity","Weak underdog signal; institutional or well-resourced context; limited exclusion specificity","1","6","Weak underdog signal. Nonprofit/charity"
"https://violationtrackeruk.goodjobsfirst.org","Violation Tracker UK","C6","governance_model","project_of_larger_org","Informs (IAP2 level 1); primarily one-way information flow; limited reciprocity","1","12","Informs level IAP2. Governance: project_of_larger_org"
"https://www.govocal.com","Go Vocal","C1","political_relevance_summary","Go Vocal addresses democratic participation and citizen engagement. Online community engagement platform for governments.","Power imbalance implied; mechanism underspecified; informal or indirect response only","4","12","Implied rather than named power asymmetry. Go Vocal addresses democratic participation and citizen engagement. Online community engagement platform for governments."
"https://www.govocal.com","Go Vocal","C2","communities_served","government agencies; residents; citizens","Broad population implied; mechanism general; no documented participatory design process","7","20","Broad population implied without mechanism specificity. Served: government agencies; residents; citizens"
"https://www.govocal.com","Go Vocal","C3","governance_model","LLC","Some participation documented; primarily delivery-stage or consultation-only","4","12","Some participation, limited to delivery or consultation. Governance: LLC"
"https://www.govocal.com","Go Vocal","C4","documented_limitations","Limited independent evaluation of impact claims; Proprietary algorithm for AI analysis lacks transparency","Claims made without critique; output-only framing; no failure acknowledgement","4","20","Weak self-examination. Limitations: Limited independent evaluation of impact claims; Proprietary algorithm for AI analysis lacks transparency"
"https://www.govocal.com","Go Vocal","C5","underdog_signal","For-profit/social enterprise","Weak underdog signal; institutional or well-resourced context; limited exclusion specificity","1","6","Weak underdog signal. For-profit/social enterprise"
"https://www.govocal.com","Go Vocal","C6","governance_model","LLC","Informs (IAP2 level 1); primarily one-way information flow; limited reciprocity","3","12","Informs level IAP2. Governance: LLC"
"https://www.govocal.com","Go Vocal","modifier_M4","modifier","M4","Commercial civic engagement platform: institutional and commercial capture risk","-5","","Applied M4 (-5): Commercial civic engagement platform: institutional and commercial capture risk"
"https://www.myaction.center","MyActionCenter","C1","political_relevance_summary","MyActionCenter addresses enabling broader democratic participation and empowering advocacy and civic campaigning.","Generic inequality reference; no specific mechanism named; no formal contestation pathway","3","12","Weak or absent power asymmetry framing. MyActionCenter addresses enabling broader democratic participation and empowering advocacy and civic campaigning."
"https://www.myaction.center","MyActionCenter","C2","communities_served","campaigners; activists; nonprofit organizations; political organizations","Generic beneficiary claims; no named mechanism; no design participation documented","5","20","Generic beneficiaries without exclusion specificity. Served: campaigners; activists; nonprofit organizations; political organizations"
"https://www.myaction.center","MyActionCenter","C3","governance_model","LLC","Minimal participation claims; no multi-stage lifecycle evidence","3","12","Minimal participation claims. Governance: LLC"
"https://www.myaction.center","MyActionCenter","C4","documented_limitations","Requires NationBuilder platform and associated fees; Limited public information on effectiveness metrics","Claims made without critique; output-only framing; no failure acknowledgement","4","20","Weak self-examination. Limitations: Requires NationBuilder platform and associated fees; Limited public information on effectiveness metrics"
"https://www.myaction.center","MyActionCenter","C5","underdog_signal","True","Weak underdog signal; institutional or well-resourced context; limited exclusion specificity","1","6","Weak underdog signal. True"
"https://www.myaction.center","MyActionCenter","C6","governance_model","LLC","Informs (IAP2 level 1); primarily one-way information flow; limited reciprocity","2","12","Informs level IAP2. Governance: LLC"
"https://www.parallelparliament.co.uk","Parallel Parliament","C1","political_relevance_summary","Parallel Parliament addresses gaps in democratic participation by providing tools or platforms that enable citizens and communities to engage more directly in governance and decision-making processes.","Generic inequality reference; no specific mechanism named; no formal contestation pathway","3","12","Weak or absent power asymmetry framing. Parallel Parliament addresses gaps in democratic participation by providing tools or platforms that enable citizens and communities to engage more dir"
"https://www.parallelparliament.co.uk","Parallel Parliament","C2","communities_served","researchers; journalists; campaigners; parliamentarians; policy professionals; citizens","Generic beneficiary claims; no named mechanism; no design participation documented","5","20","Generic beneficiaries without exclusion specificity. Served: researchers; journalists; campaigners; parliamentarians; policy professionals; citizens"
"https://www.parallelparliament.co.uk","Parallel Parliament","C3","governance_model","LLC","Minimal participation claims; no multi-stage lifecycle evidence","3","12","Minimal participation claims. Governance: LLC"
"https://www.parallelparliament.co.uk","Parallel Parliament","C4","documented_limitations","Not documented","Claims made without critique; output-only framing; no failure acknowledgement","4","20","Weak self-examination. Limitations: Not documented"
"https://www.parallelparliament.co.uk","Parallel Parliament","C5","underdog_signal","True","Weak underdog signal; institutional or well-resourced context; limited exclusion specificity","1","6","Weak underdog signal. True"
"https://www.parallelparliament.co.uk","Parallel Parliament","C6","governance_model","LLC","Informs (IAP2 level 1); primarily one-way information flow; limited reciprocity","2","12","Informs level IAP2. Governance: LLC"
"https://www.whatgov.co.uk","WhatGov","C1","political_relevance_summary","WhatGov addresses democratic participation and citizen engagement. Parliament, Clearly.","Generic inequality reference; no specific mechanism named; no formal contestation pathway","3","12","Weak or absent power asymmetry framing. WhatGov addresses democratic participation and citizen engagement. Parliament, Clearly."
"https://www.whatgov.co.uk","WhatGov","C2","communities_served","citizens; researchers; campaigners; journalists","Generic beneficiary claims; no named mechanism; no design participation documented","5","20","Generic beneficiaries without exclusion specificity. Served: citizens; researchers; campaigners; journalists"
"https://www.whatgov.co.uk","WhatGov","C3","governance_model","foundation","Minimal participation claims; no multi-stage lifecycle evidence","3","12","Minimal participation claims. Governance: foundation"
"https://www.whatgov.co.uk","WhatGov","C4","documented_limitations","Not documented","Claims made without critique; output-only framing; no failure acknowledgement","4","20","Weak self-examination. Limitations: Not documented"
"https://www.whatgov.co.uk","WhatGov","C5","underdog_signal","Nonprofit/charity","Weak underdog signal; institutional or well-resourced context; limited exclusion specificity","1","6","Weak underdog signal. Nonprofit/charity"
"https://www.whatgov.co.uk","WhatGov","C6","governance_model","foundation","Informs (IAP2 level 1); primarily one-way information flow; limited reciprocity","2","12","Informs level IAP2. Governance: foundation"
"https://www.publiceditor.io","Public Editor","C1","political_relevance_summary","Public Editor addresses civic technology. Platform for collaborative fact-checking and editorial transparency in journalism.","Generic inequality reference; no specific mechanism named; no formal contestation pathway","3","12","Weak or absent power asymmetry framing. Public Editor addresses civic technology. Platform for collaborative fact-checking and editorial transparency in journalism."
"https://www.publiceditor.io","Public Editor","C2","communities_served","journalists; media organizations; readers","Generic beneficiary claims; no named mechanism; no design participation documented","5","20","Generic beneficiaries without exclusion specificity. Served: journalists; media organizations; readers"
"https://www.publiceditor.io","Public Editor","C3","governance_model","centralized","Some participation documented; primarily delivery-stage or consultation-only","4","12","Some participation, limited to delivery or consultation. Governance: centralized"
"https://www.publiceditor.io","Public Editor","C4","documented_limitations","Not documented","Claims made without critique; output-only framing; no failure acknowledgement","4","20","Weak self-examination. Limitations: Not documented"
"https://www.publiceditor.io","Public Editor","C5","underdog_signal","For-profit/social enterprise","Weak underdog signal; institutional or well-resourced context; limited exclusion specificity","1","6","Weak underdog signal. For-profit/social enterprise"
"https://www.publiceditor.io","Public Editor","C6","governance_model","centralized","Informs (IAP2 level 1); primarily one-way information flow; limited reciprocity","1","12","Informs level IAP2. Governance: centralized"
"https://www.csail.mit.edu/research/wikum-bridging-discussion-systems-and-wikis-collective-summarization","Wikum","C1","political_relevance_summary","Wikum addresses democratic participation and citizen engagement. Tools for communities to collectively summarize large online discussions and manage embedded knowledge.","Generic inequality reference; no specific mechanism named; no formal contestation pathway","3","12","Weak or absent power asymmetry framing. Wikum addresses democratic participation and citizen engagement. Tools for communities to collectively summarize large online discussions and manage e"
"https://www.csail.mit.edu/research/wikum-bridging-discussion-systems-and-wikis-collective-summarization","Wikum","C2","communities_served","researchers; online communities; discussion participants","Generic beneficiary claims; no named mechanism; no design participation documented","5","20","Generic beneficiaries without exclusion specificity. Served: researchers; online communities; discussion participants"
"https://www.csail.mit.edu/research/wikum-bridging-discussion-systems-and-wikis-collective-summarization","Wikum","C3","governance_model","project_of_larger_org","Some participation documented; primarily delivery-stage or consultation-only","4","12","Some participation, limited to delivery or consultation. Governance: project_of_larger_org"
"https://www.csail.mit.edu/research/wikum-bridging-discussion-systems-and-wikis-collective-summarization","Wikum","C4","documented_limitations","Research paper documents limitations of recursive summarization approach","Claims made without critique; output-only framing; no failure acknowledgement","4","20","Weak self-examination. Limitations: Research paper documents limitations of recursive summarization approach"
"https://www.csail.mit.edu/research/wikum-bridging-discussion-systems-and-wikis-collective-summarization","Wikum","C5","underdog_signal","True","Weak underdog signal; institutional or well-resourced context; limited exclusion specificity","1","6","Weak underdog signal. True"
"https://www.csail.mit.edu/research/wikum-bridging-discussion-systems-and-wikis-collective-summarization","Wikum","C6","governance_model","project_of_larger_org","Informs (IAP2 level 1); primarily one-way information flow; limited reciprocity","1","12","Informs level IAP2. Governance: project_of_larger_org"
"https://www.plinth.org.uk","Plinth","C1","political_relevance_summary","Plinth addresses civic data access and transparency. AI-powered platform helping organisations deliver, measure and fund community impact.","Generic inequality reference; no specific mechanism named; no formal contestation pathway","3","12","Weak or absent power asymmetry framing. Plinth addresses civic data access and transparency. AI-powered platform helping organisations deliver, measure and fund community impact."
"https://www.plinth.org.uk","Plinth","C2","communities_served","charities; community organisations; local authorities; grantmaking funders; housing associations; family hubs","Generic beneficiary claims; no named mechanism; no design participation documented","5","20","Generic beneficiaries without exclusion specificity. Served: charities; community organisations; local authorities; grantmaking funders; housing associations; family hubs"
"https://www.plinth.org.uk","Plinth","C3","governance_model","LLC","Minimal participation claims; no multi-stage lifecycle evidence","3","12","Minimal participation claims. Governance: LLC"
"https://www.plinth.org.uk","Plinth","C4","documented_limitations","{'description': 'Used by local authorities for Holiday & Activity Food (HAF) programme management and DfE reporting', 'link': None, 'year': None}; {'description': 'Deployed for Crisis & Resilience Fund delivery with multi-agency referral coordination', 'link': None, 'year': None}","Claims made without critique; output-only framing; no failure acknowledgement","4","20","Weak self-examination. Limitations: {'description': 'Used by local authorities for Holiday & Activity Food (HAF) programme management and DfE reporting', 'link': None, 'year': None}; {'d"
"https://www.plinth.org.uk","Plinth","C5","underdog_signal","For-profit/social enterprise","Weak underdog signal; institutional or well-resourced context; limited exclusion specificity","1","6","Weak underdog signal. For-profit/social enterprise"
"https://www.plinth.org.uk","Plinth","C6","governance_model","LLC","Informs (IAP2 level 1); primarily one-way information flow; limited reciprocity","1","12","Informs level IAP2. Governance: LLC"
"https://voteforpolicies.org.uk","Vote for Policies","C1","political_relevance_summary","Vote for Policies addresses democratic participation and citizen engagement. Compare political party policies without knowing which party they belong to, helping voters make informed decisions.","Generic inequality reference; no specific mechanism named; no formal contestation pathway","3","12","Weak or absent power asymmetry framing. Vote for Policies addresses democratic participation and citizen engagement. Compare political party policies without knowing which party they belong "
"https://voteforpolicies.org.uk","Vote for Policies","C2","communities_served","voters; citizens","Generic beneficiary claims; no named mechanism; no design participation documented","5","20","Generic beneficiaries without exclusion specificity. Served: voters; citizens"
"https://voteforpolicies.org.uk","Vote for Policies","C3","governance_model","foundation","Minimal participation claims; no multi-stage lifecycle evidence","3","12","Minimal participation claims. Governance: foundation"
"https://voteforpolicies.org.uk","Vote for Policies","C4","documented_limitations","Project discontinued after 2024 election; No longer developing Manifesto Tracker","Claims made without critique; output-only framing; no failure acknowledgement","3","20","Weak self-examination. Limitations: Project discontinued after 2024 election; No longer developing Manifesto Tracker"
"https://voteforpolicies.org.uk","Vote for Policies","C5","underdog_signal","True","Weak underdog signal; institutional or well-resourced context; limited exclusion specificity","1","6","Weak underdog signal. True"
"https://voteforpolicies.org.uk","Vote for Policies","C6","governance_model","foundation","Informs (IAP2 level 1); primarily one-way information flow; limited reciprocity","2","12","Informs level IAP2. Governance: foundation"
"https://www.govtrack.us","GovTrack.us","C1","political_relevance_summary","GovTrack.us addresses democratic participation and citizen engagement. Tracking the U.S. Congress and the White House to make a more open and accountable government.","Generic inequality reference; no specific mechanism named; no formal contestation pathway","3","12","Weak or absent power asymmetry framing. GovTrack.us addresses democratic participation and citizen engagement. Tracking the U.S. Congress and the White House to make a more open and accounta"
"https://www.govtrack.us","GovTrack.us","C2","communities_served","citizens; journalists; researchers; educators; advocates; congressional staff","Generic beneficiary claims; no named mechanism; no design participation documented","5","20","Generic beneficiaries without exclusion specificity. Served: citizens; journalists; researchers; educators; advocates; congressional staff"
"https://www.govtrack.us","GovTrack.us","C3","governance_model","project_of_larger_org","Minimal participation claims; no multi-stage lifecycle evidence","3","12","Minimal participation claims. Governance: project_of_larger_org"
"https://www.govtrack.us","GovTrack.us","C4","documented_limitations","Limited real-time data updates; Incomplete historical legislative data for early sessions; Dependent on external data sources for accuracy","Claims made without critique; output-only framing; no failure acknowledgement","4","20","Weak self-examination. Limitations: Limited real-time data updates; Incomplete historical legislative data for early sessions; Dependent on external data sources for accuracy"
"https://www.govtrack.us","GovTrack.us","C5","underdog_signal","Nonprofit/charity","Weak underdog signal; institutional or well-resourced context; limited exclusion specificity","1","6","Weak underdog signal. Nonprofit/charity"
"https://www.govtrack.us","GovTrack.us","C6","governance_model","project_of_larger_org","Informs (IAP2 level 1); primarily one-way information flow; limited reciprocity","1","12","Informs level IAP2. Governance: project_of_larger_org"
"https://www.openorigins.com","OpenOrigins","C1","political_relevance_summary","OpenOrigins addresses the erosion of trust in visual media by providing content authentication tools that help verify the provenance of images and video, combating deepfakes and manipulated content in political discourse.","Generic inequality reference; no specific mechanism named; no formal contestation pathway","3","12","Weak or absent power asymmetry framing. OpenOrigins addresses the erosion of trust in visual media by providing content authentication tools that help verify the provenance of images and vid"
"https://www.openorigins.com","OpenOrigins","C2","communities_served","journalists; media organizations; researchers; citizens","Generic beneficiary claims; no named mechanism; no design participation documented","5","20","Generic beneficiaries without exclusion specificity. Served: journalists; media organizations; researchers; citizens"
"https://www.openorigins.com","OpenOrigins","C3","governance_model","LLC","Minimal participation claims; no multi-stage lifecycle evidence","3","12","Minimal participation claims. Governance: LLC"
"https://www.openorigins.com","OpenOrigins","C4","documented_limitations","Not documented","Claims made without critique; output-only framing; no failure acknowledgement","3","20","Weak self-examination. Limitations: Not documented"
"https://www.openorigins.com","OpenOrigins","C5","underdog_signal","For-profit/social enterprise","Weak underdog signal; institutional or well-resourced context; limited exclusion specificity","1","6","Weak underdog signal. For-profit/social enterprise"
"https://www.openorigins.com","OpenOrigins","C6","governance_model","LLC","Informs (IAP2 level 1); primarily one-way information flow; limited reciprocity","1","12","Informs level IAP2. Governance: LLC"
"https://www.agenciesforgood.org","Agencies for Good","C1","political_relevance_summary","Addresses barriers to meaningful citizen participation in democratic decision-making by providing tools for public engagement and deliberation.","Generic inequality reference; no specific mechanism named; no formal contestation pathway","3","12","Weak or absent power asymmetry framing. Addresses barriers to meaningful citizen participation in democratic decision-making by providing tools for public engagement and deliberation."
"https://www.agenciesforgood.org","Agencies for Good","C2","communities_served","tech agencies; consultancies; freelancers; social impact organizations","Generic beneficiary claims; no named mechanism; no design participation documented","5","20","Generic beneficiaries without exclusion specificity. Served: tech agencies; consultancies; freelancers; social impact organizations"
"https://www.agenciesforgood.org","Agencies for Good","C3","governance_model","cooperative","Minimal participation claims; no multi-stage lifecycle evidence","3","12","Minimal participation claims. Governance: cooperative"
"https://www.agenciesforgood.org","Agencies for Good","C4","documented_limitations","Community-based network with no published impact metrics; No documented policy influence or civic tech outcomes","Claims made without critique; output-only framing; no failure acknowledgement","3","20","Weak self-examination. Limitations: Community-based network with no published impact metrics; No documented policy influence or civic tech outcomes"
"https://www.agenciesforgood.org","Agencies for Good","C5","underdog_signal","Grassroots/indie","Weak underdog signal; institutional or well-resourced context; limited exclusion specificity","1","6","Weak underdog signal. Grassroots/indie"
"https://www.agenciesforgood.org","Agencies for Good","C6","governance_model","cooperative","Informs (IAP2 level 1); primarily one-way information flow; limited reciprocity","1","12","Informs level IAP2. Governance: cooperative"
"https://www.shareddigitalguides.org.uk","Shared Digital Guides","C1","political_relevance_summary","Shared Digital Guides addresses government technology and public service delivery. Non-profit organisations share step-by-step guides to using digital tools for social good.","Generic inequality reference; no specific mechanism named; no formal contestation pathway","3","12","Weak or absent power asymmetry framing. Shared Digital Guides addresses government technology and public service delivery. Non-profit organisations share step-by-step guides to using digital"
"https://www.shareddigitalguides.org.uk","Shared Digital Guides","C2","communities_served","non-profit organisations; charities; social enterprises","Generic beneficiary claims; no named mechanism; no design participation documented","4","20","Generic beneficiaries without exclusion specificity. Served: non-profit organisations; charities; social enterprises"
"https://www.shareddigitalguides.org.uk","Shared Digital Guides","C3","governance_model","project_of_larger_org","Minimal participation claims; no multi-stage lifecycle evidence","3","12","Minimal participation claims. Governance: project_of_larger_org"
"https://www.shareddigitalguides.org.uk","Shared Digital Guides","C4","documented_limitations","limited to UK charity sector context; content quality depends on contributing organisations; no formal evidence base for impact","Claims made without critique; output-only framing; no failure acknowledgement","4","20","Weak self-examination. Limitations: limited to UK charity sector context; content quality depends on contributing organisations; no formal evidence base for impact"
"https://www.shareddigitalguides.org.uk","Shared Digital Guides","C5","underdog_signal","Nonprofit/charity","Weak underdog signal; institutional or well-resourced context; limited exclusion specificity","1","6","Weak underdog signal. Nonprofit/charity"
"https://www.shareddigitalguides.org.uk","Shared Digital Guides","C6","governance_model","project_of_larger_org","Informs (IAP2 level 1); primarily one-way information flow; limited reciprocity","1","12","Informs level IAP2. Governance: project_of_larger_org"
"https://www.discourse.org","Discourse","C1","political_relevance_summary","Discourse addresses democratic participation and citizen engagement. Customizable, scalable community platform for building knowledge through conversation.","Generic inequality reference; no specific mechanism named; no formal contestation pathway","2","12","Weak or absent power asymmetry framing. Discourse addresses democratic participation and citizen engagement. Customizable, scalable community platform for building knowledge through conversa"
"https://www.discourse.org","Discourse","C2","communities_served","tech companies; developers; product teams; support teams; community managers","Generic beneficiary claims; no named mechanism; no design participation documented","4","20","Generic beneficiaries without exclusion specificity. Served: tech companies; developers; product teams; support teams; community managers"
"https://www.discourse.org","Discourse","C3","governance_model","LLC","Minimal participation claims; no multi-stage lifecycle evidence","3","12","Minimal participation claims. Governance: LLC"
"https://www.discourse.org","Discourse","C4","documented_limitations","Moderation at scale remains challenging; Requires technical expertise for deployment and customization; Dependency on active community management for healthy discourse","Claims made without critique; output-only framing; no failure acknowledgement","4","20","Weak self-examination. Limitations: Moderation at scale remains challenging; Requires technical expertise for deployment and customization; Dependency on active community management for "
"https://www.discourse.org","Discourse","C5","underdog_signal","For-profit/social enterprise","Weak underdog signal; institutional or well-resourced context; limited exclusion specificity","1","6","Weak underdog signal. For-profit/social enterprise"
"https://www.discourse.org","Discourse","C6","governance_model","LLC","Informs (IAP2 level 1); primarily one-way information flow; limited reciprocity","1","12","Informs level IAP2. Governance: LLC"
"https://viewpoints.xyz","Viewpoints","C1","political_relevance_summary","Viewpoints addresses democratic participation and citizen engagement. Effortless AI-powered polls and consensus building for meetings, events, and communities.","Generic inequality reference; no specific mechanism named; no formal contestation pathway","3","12","Weak or absent power asymmetry framing. Viewpoints addresses democratic participation and citizen engagement. Effortless AI-powered polls and consensus building for meetings, events, and com"
"https://viewpoints.xyz","Viewpoints","C2","communities_served","teams and organizations; event organizers; educators; community leaders; researchers","Generic beneficiary claims; no named mechanism; no design participation documented","5","20","Generic beneficiaries without exclusion specificity. Served: teams and organizations; event organizers; educators; community leaders; researchers"
"https://viewpoints.xyz","Viewpoints","C3","governance_model","LLC","Minimal participation claims; no multi-stage lifecycle evidence","3","12","Minimal participation claims. Governance: LLC"
"https://viewpoints.xyz","Viewpoints","C4","documented_limitations","No published research on poll accuracy or bias; No documentation of AI model training data or methodology; Limited information on data retention and security practices","Claims made without critique; output-only framing; no failure acknowledgement","4","20","Weak self-examination. Limitations: No published research on poll accuracy or bias; No documentation of AI model training data or methodology; Limited information on data retention and s"
"https://viewpoints.xyz","Viewpoints","C5","underdog_signal","True","Weak underdog signal; institutional or well-resourced context; limited exclusion specificity","1","6","Weak underdog signal. True"
"https://viewpoints.xyz","Viewpoints","C6","governance_model","LLC","Informs (IAP2 level 1); primarily one-way information flow; limited reciprocity","1","12","Informs level IAP2. Governance: LLC"
"https://viewpoints.xyz","Viewpoints","modifier_M6","modifier","M6","Commercial wrapper on civic deliberation technology; civic mission secondary to product","-3","","Applied M6 (-3): Commercial wrapper on civic deliberation technology; civic mission secondary to product"
"https://www.mptwitterbios.co.uk","MP Twitter Bios","C1","political_relevance_summary","MP Twitter Bios addresses making civic data accessible and actionable and enabling broader democratic participation.","Generic inequality reference; no specific mechanism named; no formal contestation pathway","2","12","Weak or absent power asymmetry framing. MP Twitter Bios addresses making civic data accessible and actionable and enabling broader democratic participation."
"https://www.mptwitterbios.co.uk","MP Twitter Bios","C2","communities_served","researchers; citizens; journalists","Generic beneficiary claims; no named mechanism; no design participation documented","4","20","Generic beneficiaries without exclusion specificity. Served: researchers; citizens; journalists"
"https://www.mptwitterbios.co.uk","MP Twitter Bios","C3","governance_model","project_of_larger_org","Minimal participation claims; no multi-stage lifecycle evidence","2","12","Minimal participation claims. Governance: project_of_larger_org"
"https://www.mptwitterbios.co.uk","MP Twitter Bios","C4","documented_limitations","Data snapshot as of 18/11/2023; Twitter/X API changes may affect ongoing updates; Relies on manual or automated parsing of Twitter bios which may miss implicit party references","Claims made without critique; output-only framing; no failure acknowledgement","3","20","Weak self-examination. Limitations: Data snapshot as of 18/11/2023; Twitter/X API changes may affect ongoing updates; Relies on manual or automated parsing of Twitter bios which may miss"
"https://www.mptwitterbios.co.uk","MP Twitter Bios","C5","underdog_signal","True","Weak underdog signal; institutional or well-resourced context; limited exclusion specificity","1","6","Weak underdog signal. True"
"https://www.mptwitterbios.co.uk","MP Twitter Bios","C6","governance_model","project_of_larger_org","Informs (IAP2 level 1); primarily one-way information flow; limited reciprocity","1","12","Informs level IAP2. Governance: project_of_larger_org"
"https://upgrader.gapminder.org","Gapminder Worldview Upgrader","C1","political_relevance_summary","Gapminder Worldview Upgrader addresses combating misinformation and protecting information integrity. Important stuff most people get wrong — a free educational tool to help people rid themselves of common systematic misconceptions about global development.","Generic inequality reference; no specific mechanism named; no formal contestation pathway","2","12","Weak or absent power asymmetry framing. Gapminder Worldview Upgrader addresses combating misinformation and protecting information integrity. Important stuff most people get wrong — a free e"
"https://upgrader.gapminder.org","Gapminder Worldview Upgrader","C2","communities_served","general public; educators; students; policymakers; corporate learners","Generic beneficiary claims; no named mechanism; no design participation documented","5","20","Generic beneficiaries without exclusion specificity. Served: general public; educators; students; policymakers; corporate learners"
"https://upgrader.gapminder.org","Gapminder Worldview Upgrader","C3","governance_model","foundation","Minimal participation claims; no multi-stage lifecycle evidence","3","12","Minimal participation claims. Governance: foundation"
"https://upgrader.gapminder.org","Gapminder Worldview Upgrader","C4","documented_limitations","misconceptions tested are global averages; may not reflect local context; quiz format limits depth of understanding","Claims made without critique; output-only framing; no failure acknowledgement","4","20","Weak self-examination. Limitations: misconceptions tested are global averages; may not reflect local context; quiz format limits depth of understanding"
"https://upgrader.gapminder.org","Gapminder Worldview Upgrader","C5","underdog_signal","Nonprofit/charity","Weak underdog signal; institutional or well-resourced context; limited exclusion specificity","1","6","Weak underdog signal. Nonprofit/charity"
"https://upgrader.gapminder.org","Gapminder Worldview Upgrader","C6","governance_model","foundation","Informs (IAP2 level 1); primarily one-way information flow; limited reciprocity","1","12","Informs level IAP2. Governance: foundation"
"https://upgrader.gapminder.org","Gapminder Worldview Upgrader","modifier_M4","modifier","M4","Worldview upgrading framing carries epistemic paternalism risk; whose worldview is being upgraded?","-4","","Applied M4 (-4): Worldview upgrading framing carries epistemic paternalism risk; whose worldview is being upgraded?"
"https://www.forms.service.gov.uk","GOV.UK Forms","C1","political_relevance_summary","GOV.UK Forms addresses government technology and public service delivery. Create accessible online forms for UK government without technical knowledge.","Generic inequality reference; no specific mechanism named; no formal contestation pathway","2","12","Weak or absent power asymmetry framing. GOV.UK Forms addresses government technology and public service delivery. Create accessible online forms for UK government without technical knowledge"
"https://www.forms.service.gov.uk","GOV.UK Forms","C2","communities_served","central government organisations; public sector agencies; citizens","Generic beneficiary claims; no named mechanism; no design participation documented","5","20","Generic beneficiaries without exclusion specificity. Served: central government organisations; public sector agencies; citizens"
"https://www.forms.service.gov.uk","GOV.UK Forms","C3","governance_model","project_of_larger_org","Minimal participation claims; no multi-stage lifecycle evidence","3","12","Minimal participation claims. Governance: project_of_larger_org"
"https://www.forms.service.gov.uk","GOV.UK Forms","C4","documented_limitations","Limited to UK central government use cases; Requires integration with existing government systems; Dependent on GDS infrastructure and support","Claims made without critique; output-only framing; no failure acknowledgement","4","20","Weak self-examination. Limitations: Limited to UK central government use cases; Requires integration with existing government systems; Dependent on GDS infrastructure and support"
"https://www.forms.service.gov.uk","GOV.UK Forms","C5","underdog_signal","Government/public sector","Weak underdog signal; institutional or well-resourced context; limited exclusion specificity","1","6","Weak underdog signal. Government/public sector"
"https://www.forms.service.gov.uk","GOV.UK Forms","C6","governance_model","project_of_larger_org","Informs (IAP2 level 1); primarily one-way information flow; limited reciprocity","1","12","Informs level IAP2. Governance: project_of_larger_org"
"https://www.forms.service.gov.uk","GOV.UK Forms","modifier_M4","modifier","M4","Government digital infrastructure: homogenisation of civic access patterns; single state form layer","-4","","Applied M4 (-4): Government digital infrastructure: homogenisation of civic access patterns; single state form layer"
"https://www.dsc.org.uk/publication/the-guide-to-major-trusts-2025-26/","The Guide to Major Trusts 2025/26","C1","political_relevance_summary","The Guide to Major Trusts 2025/26 addresses civic data access and transparency. UK's definitive directory of over 1,000 largest grant-makers awarding £7.23 billion annually.","Generic inequality reference; no specific mechanism named; no formal contestation pathway","2","12","Weak or absent power asymmetry framing. The Guide to Major Trusts 2025/26 addresses civic data access and transparency. UK's definitive directory of over 1,000 largest grant-makers awarding "
"https://www.dsc.org.uk/publication/the-guide-to-major-trusts-2025-26/","The Guide to Major Trusts 2025/26","C2","communities_served","fundraisers; charities; nonprofits; budget-holding staff; funders","Generic beneficiary claims; no named mechanism; no design participation documented","4","20","Generic beneficiaries without exclusion specificity. Served: fundraisers; charities; nonprofits; budget-holding staff; funders"
"https://www.dsc.org.uk/publication/the-guide-to-major-trusts-2025-26/","The Guide to Major Trusts 2025/26","C3","governance_model","project_of_larger_org","Minimal participation claims; no multi-stage lifecycle evidence","2","12","Minimal participation claims. Governance: project_of_larger_org"
"https://www.dsc.org.uk/publication/the-guide-to-major-trusts-2025-26/","The Guide to Major Trusts 2025/26","C4","documented_limitations","Not documented","Claims made without critique; output-only framing; no failure acknowledgement","2","20","Weak self-examination. Limitations: Not documented"
"https://www.dsc.org.uk/publication/the-guide-to-major-trusts-2025-26/","The Guide to Major Trusts 2025/26","C5","underdog_signal","Nonprofit/charity","Weak underdog signal; institutional or well-resourced context; limited exclusion specificity","1","6","Weak underdog signal. Nonprofit/charity"
"https://www.dsc.org.uk/publication/the-guide-to-major-trusts-2025-26/","The Guide to Major Trusts 2025/26","C6","governance_model","project_of_larger_org","Informs (IAP2 level 1); primarily one-way information flow; limited reciprocity","1","12","Informs level IAP2. Governance: project_of_larger_org"
"https://www.teachingpublicservice.digital","Teaching Public Service in the Digital Age","C1","political_relevance_summary","Teaching Public Service in the Digital Age addresses government technology and public service delivery. Open-access syllabus and training to equip public servants with digital-era skills.","Generic inequality reference; no specific mechanism named; no formal contestation pathway","2","12","Weak or absent power asymmetry framing. Teaching Public Service in the Digital Age addresses government technology and public service delivery. Open-access syllabus and training to equip pub"
"https://www.teachingpublicservice.digital","Teaching Public Service in the Digital Age","C2","communities_served","educators; public servants; public officials; MPA/MPP students","Generic beneficiary claims; no named mechanism; no design participation documented","3","20","Generic beneficiaries without exclusion specificity. Served: educators; public servants; public officials; MPA/MPP students"
"https://www.teachingpublicservice.digital","Teaching Public Service in the Digital Age","C3","governance_model","project_of_larger_org","Minimal participation claims; no multi-stage lifecycle evidence","2","12","Minimal participation claims. Governance: project_of_larger_org"
"https://www.teachingpublicservice.digital","Teaching Public Service in the Digital Age","C4","documented_limitations","Not documented","Claims made without critique; output-only framing; no failure acknowledgement","3","20","Weak self-examination. Limitations: Not documented"
"https://www.teachingpublicservice.digital","Teaching Public Service in the Digital Age","C5","underdog_signal","Academic/research","Weak underdog signal; institutional or well-resourced context; limited exclusion specificity","1","6","Weak underdog signal. Academic/research"
"https://www.teachingpublicservice.digital","Teaching Public Service in the Digital Age","C6","governance_model","project_of_larger_org","Informs (IAP2 level 1); primarily one-way information flow; limited reciprocity","1","12","Informs level IAP2. Governance: project_of_larger_org"
"https://www.payments.service.gov.uk","GOV.UK Pay","C1","political_relevance_summary","GOV.UK Pay addresses government technology and public service delivery. A payment processing platform for UK public services.","Generic inequality reference; no specific mechanism named; no formal contestation pathway","2","12","Weak or absent power asymmetry framing. GOV.UK Pay addresses government technology and public service delivery. A payment processing platform for UK public services."
"https://www.payments.service.gov.uk","GOV.UK Pay","C2","communities_served","government agencies; local authorities; police services; NHS; citizens","Generic beneficiary claims; no named mechanism; no design participation documented","3","20","Generic beneficiaries without exclusion specificity. Served: government agencies; local authorities; police services; NHS; citizens"
"https://www.payments.service.gov.uk","GOV.UK Pay","C3","governance_model","project_of_larger_org","Minimal participation claims; no multi-stage lifecycle evidence","2","12","Minimal participation claims. Governance: project_of_larger_org"
"https://www.payments.service.gov.uk","GOV.UK Pay","C4","documented_limitations","Limited to UK public sector services; Requires integration with existing government systems","Claims made without critique; output-only framing; no failure acknowledgement","2","20","Weak self-examination. Limitations: Limited to UK public sector services; Requires integration with existing government systems"
"https://www.payments.service.gov.uk","GOV.UK Pay","C5","underdog_signal","Government/public sector","Weak underdog signal; institutional or well-resourced context; limited exclusion specificity","1","6","Weak underdog signal. Government/public sector"
"https://www.payments.service.gov.uk","GOV.UK Pay","C6","governance_model","project_of_larger_org","Informs (IAP2 level 1); primarily one-way information flow; limited reciprocity","1","12","Informs level IAP2. Governance: project_of_larger_org"
"https://www.papertree.earth","Papertree","C1","political_relevance_summary","Papertree addresses barriers to civic data access and transparency, making public or institutional data more available for accountability, research, and informed civic engagement.","Generic inequality reference; no specific mechanism named; no formal contestation pathway","2","12","Weak or absent power asymmetry framing. Papertree addresses barriers to civic data access and transparency, making public or institutional data more available for accountability, research, a"
"https://www.papertree.earth","Papertree","C2","communities_served","tree planting organisations; climate advocates; researchers","Generic beneficiary claims; no named mechanism; no design participation documented","3","20","Generic beneficiaries without exclusion specificity. Served: tree planting organisations; climate advocates; researchers"
"https://www.papertree.earth","Papertree","C3","governance_model","Not documented","Minimal participation claims; no multi-stage lifecycle evidence","2","12","Minimal participation claims. Governance: Not documented"
"https://www.papertree.earth","Papertree","C4","documented_limitations","Not documented","Claims made without critique; output-only framing; no failure acknowledgement","2","20","Weak self-examination. Limitations: Not documented"
"https://www.papertree.earth","Papertree","C5","underdog_signal","For-profit/social enterprise","Weak underdog signal; institutional or well-resourced context; limited exclusion specificity","1","6","Weak underdog signal. For-profit/social enterprise"
"https://www.papertree.earth","Papertree","C6","governance_model","Papertree addresses barriers to civic data access and transparency, making public or institutional data more available for accountability, research, and informed civic engagement.","Informs (IAP2 level 1); primarily one-way information flow; limited reciprocity","1","12","Informs level IAP2. Governance: Papertree addresses barriers to civic data access and transparency, making public or institutional data more available for accountability, research, a"
"https://www.prolific.com","Prolific","C1","political_relevance_summary","Prolific addresses civic data access and transparency. Easily collect high-quality data from real people.","Generic inequality reference; no specific mechanism named; no formal contestation pathway","2","12","Weak or absent power asymmetry framing. Prolific addresses civic data access and transparency. Easily collect high-quality data from real people."
"https://www.prolific.com","Prolific","C2","communities_served","AI/ML developers; researchers; academic institutions; organizations; participants","Generic beneficiary claims; no named mechanism; no design participation documented","4","20","Generic beneficiaries without exclusion specificity. Served: AI/ML developers; researchers; academic institutions; organizations; participants"
"https://www.prolific.com","Prolific","C3","governance_model","LLC","Minimal participation claims; no multi-stage lifecycle evidence","3","12","Minimal participation claims. Governance: LLC"
"https://www.prolific.com","Prolific","C4","documented_limitations","Participant pool may not be fully representative of global populations; Self-selection bias in crowdsourced research; Cost barriers may limit accessibility for some researchers","Claims made without critique; output-only framing; no failure acknowledgement","3","20","Weak self-examination. Limitations: Participant pool may not be fully representative of global populations; Self-selection bias in crowdsourced research; Cost barriers may limit accessib"
"https://www.prolific.com","Prolific","C5","underdog_signal","For-profit/social enterprise","Weak underdog signal; institutional or well-resourced context; limited exclusion specificity","1","6","Weak underdog signal. For-profit/social enterprise"
"https://www.prolific.com","Prolific","C6","governance_model","LLC","Informs (IAP2 level 1); primarily one-way information flow; limited reciprocity","1","12","Informs level IAP2. Governance: LLC"
"https://www.prolific.com","Prolific","modifier_M4","modifier","M4","Commercial research platform: participant commodification and labour extraction risk","-4","","Applied M4 (-4): Commercial research platform: participant commodification and labour extraction risk"
"https://www.polimorphic.com","Polimorphic","C1","political_relevance_summary","Polimorphic addresses government technology and public service delivery. AI-powered platform for service-first government operations and resident engagement.","Generic inequality reference; no specific mechanism named; no formal contestation pathway","3","12","Weak or absent power asymmetry framing. Polimorphic addresses government technology and public service delivery. AI-powered platform for service-first government operations and resident enga"
"https://www.polimorphic.com","Polimorphic","C2","communities_served","local government agencies; city and county administrators; residents; government IT departments","Broad population implied; mechanism general; no documented participatory design process","6","20","Broad population implied without mechanism specificity. Served: local government agencies; city and county administrators; residents; government IT departments"
"https://www.polimorphic.com","Polimorphic","C3","governance_model","LLC","Minimal participation claims; no multi-stage lifecycle evidence","3","12","Minimal participation claims. Governance: LLC"
"https://www.polimorphic.com","Polimorphic","C4","documented_limitations","Proprietary platform limits independent verification of claims; Case study outcomes lack rigorous methodology documentation; No publicly available impact evaluation framework","Claims made without critique; output-only framing; no failure acknowledgement","4","20","Weak self-examination. Limitations: Proprietary platform limits independent verification of claims; Case study outcomes lack rigorous methodology documentation; No publicly available imp"
"https://www.polimorphic.com","Polimorphic","C5","underdog_signal","For-profit/social enterprise","Weak underdog signal; institutional or well-resourced context; limited exclusion specificity","1","6","Weak underdog signal. For-profit/social enterprise"
"https://www.polimorphic.com","Polimorphic","C6","governance_model","LLC","Informs (IAP2 level 1); primarily one-way information flow; limited reciprocity","1","12","Informs level IAP2. Governance: LLC"
"https://www.polimorphic.com","Polimorphic","modifier_M4","modifier","M4","AI political content generation aligned with state/institutional actors","-6","","Applied M4 (-6): AI political content generation aligned with state/institutional actors"
"https://www.polimorphic.com","Polimorphic","modifier_M6","modifier","M6","Commercial wrapper undermines democratic neutrality claims","-3","","Applied M6 (-3): Commercial wrapper undermines democratic neutrality claims"
"https://www.polimonitor.com","PoliMonitor","C1","political_relevance_summary","PoliMonitor addresses government technology and public service delivery. Political monitoring service enabling organisations to understand, engage and shape political discussions.","Generic inequality reference; no specific mechanism named; no formal contestation pathway","2","12","Weak or absent power asymmetry framing. PoliMonitor addresses government technology and public service delivery. Political monitoring service enabling organisations to understand, engage and"
"https://www.polimonitor.com","PoliMonitor","C2","communities_served","public affairs professionals; communications professionals; organizations","Generic beneficiary claims; no named mechanism; no design participation documented","3","20","Generic beneficiaries without exclusion specificity. Served: public affairs professionals; communications professionals; organizations"
"https://www.polimonitor.com","PoliMonitor","C3","governance_model","LLC","Minimal participation claims; no multi-stage lifecycle evidence","2","12","Minimal participation claims. Governance: LLC"
"https://www.polimonitor.com","PoliMonitor","C4","documented_limitations","Not documented","Claims made without critique; output-only framing; no failure acknowledgement","2","20","Weak self-examination. Limitations: Not documented"
"https://www.polimonitor.com","PoliMonitor","C5","underdog_signal","True","Weak underdog signal; institutional or well-resourced context; limited exclusion specificity","1","6","Weak underdog signal. True"
"https://www.polimonitor.com","PoliMonitor","C6","governance_model","LLC","No democratic engagement mechanism present","0","12","No democratic engagement. Governance: LLC"
"https://www.gov.uk/service-manual","GOV.UK Service Manual","C1","political_relevance_summary","Service Manual addresses government technology and public service delivery. Guidance for UK government teams to create and run great public services meeting the Service Standard.","Generic inequality reference; no specific mechanism named; no formal contestation pathway","2","12","Weak or absent power asymmetry framing. Service Manual addresses government technology and public service delivery. Guidance for UK government teams to create and run great public services m"
"https://www.gov.uk/service-manual","GOV.UK Service Manual","C2","communities_served","government teams; digital service designers; public sector employees","Generic beneficiary claims; no named mechanism; no design participation documented","3","20","Generic beneficiaries without exclusion specificity. Served: government teams; digital service designers; public sector employees"
"https://www.gov.uk/service-manual","GOV.UK Service Manual","C3","governance_model","project_of_larger_org","Minimal participation claims; no multi-stage lifecycle evidence","2","12","Minimal participation claims. Governance: project_of_larger_org"
"https://www.gov.uk/service-manual","GOV.UK Service Manual","C4","documented_limitations","Limited to UK government context; Primarily advisory rather than enforceable","Claims made without critique; output-only framing; no failure acknowledgement","3","20","Weak self-examination. Limitations: Limited to UK government context; Primarily advisory rather than enforceable"
"https://www.gov.uk/service-manual","GOV.UK Service Manual","C5","underdog_signal","Government/public sector","Weak underdog signal; institutional or well-resourced context; limited exclusion specificity","1","6","Weak underdog signal. Government/public sector"
"https://www.gov.uk/service-manual","GOV.UK Service Manual","C6","governance_model","project_of_larger_org","Informs (IAP2 level 1); primarily one-way information flow; limited reciprocity","1","12","Informs level IAP2. Governance: project_of_larger_org"
"https://www.gov.uk/service-manual","GOV.UK Service Manual","modifier_M6","modifier","M6","Institutional standard-setting with limited civic engagement; serves government implementers not citizens","-3","","Applied M6 (-3): Institutional standard-setting with limited civic engagement; serves government implementers not citizens"
"https://www.notifications.service.gov.uk","GOV.UK Notify","C1","political_relevance_summary","GOV.UK Notify addresses government technology and public service delivery. A free notification service for UK government, local authorities, and NHS to send emails, text messages, and letters.","Generic inequality reference; no specific mechanism named; no formal contestation pathway","1","12","Weak or absent power asymmetry framing. GOV.UK Notify addresses government technology and public service delivery. A free notification service for UK government, local authorities, and NHS t"
"https://www.notifications.service.gov.uk","GOV.UK Notify","C2","communities_served","central government agencies; local authorities; NHS organizations; public sector services","Generic beneficiary claims; no named mechanism; no design participation documented","3","20","Generic beneficiaries without exclusion specificity. Served: central government agencies; local authorities; NHS organizations; public sector services"
"https://www.notifications.service.gov.uk","GOV.UK Notify","C3","governance_model","project_of_larger_org","Minimal participation claims; no multi-stage lifecycle evidence","2","12","Minimal participation claims. Governance: project_of_larger_org"
"https://www.notifications.service.gov.uk","GOV.UK Notify","C4","documented_limitations","Limited to UK public sector organizations; Dependent on Government Digital Service for ongoing maintenance; Text message costs apply after free tier","Claims made without critique; output-only framing; no failure acknowledgement","2","20","Weak self-examination. Limitations: Limited to UK public sector organizations; Dependent on Government Digital Service for ongoing maintenance; Text message costs apply after free tier"
"https://www.notifications.service.gov.uk","GOV.UK Notify","C5","underdog_signal","Government/public sector","Weak underdog signal; institutional or well-resourced context; limited exclusion specificity","1","6","Weak underdog signal. Government/public sector"
"https://www.notifications.service.gov.uk","GOV.UK Notify","C6","governance_model","project_of_larger_org","No democratic engagement mechanism present","0","12","No democratic engagement. Governance: project_of_larger_org"
"https://www.otree.org","oTree","C1","political_relevance_summary","oTree provides research infrastructure for behavioral experiments that inform evidence-based policymaking on voter behavior, public goods, and institutional design, though it is primarily an academic tool.","Generic inequality reference; no specific mechanism named; no formal contestation pathway","1","12","Weak or absent power asymmetry framing. oTree provides research infrastructure for behavioral experiments that inform evidence-based policymaking on voter behavior, public goods, and institu"
"https://www.otree.org","oTree","C2","communities_served","researchers; academics; economists; psychologists; students","Generic beneficiary claims; no named mechanism; no design participation documented","3","20","Generic beneficiaries without exclusion specificity. Served: researchers; academics; economists; psychologists; students"
"https://www.otree.org","oTree","C3","governance_model","Academic open-source with core maintainers","Minimal participation claims; no multi-stage lifecycle evidence","1","12","Minimal participation claims. Governance: Academic open-source with core maintainers"
"https://www.otree.org","oTree","C4","documented_limitations","Requires technical knowledge for complex experiments; Limited built-in statistical analysis tools","Claims made without critique; output-only framing; no failure acknowledgement","2","20","Weak self-examination. Limitations: Requires technical knowledge for complex experiments; Limited built-in statistical analysis tools"
"https://www.otree.org","oTree","C5","underdog_signal","Academic/research","Weak underdog signal; institutional or well-resourced context; limited exclusion specificity","1","6","Weak underdog signal. Academic/research"
"https://www.otree.org","oTree","C6","governance_model","Academic open-source with core maintainers","Informs (IAP2 level 1); primarily one-way information flow; limited reciprocity","1","12","Informs level IAP2. Governance: Academic open-source with core maintainers"
"https://urbit.org","Urbit","C1","political_relevance_summary","Urbit addresses digital rights and online freedoms. A personal server operating system designed for self-sovereignty and decentralized computing.","Generic inequality reference; no specific mechanism named; no formal contestation pathway","2","12","Weak or absent power asymmetry framing. Urbit addresses digital rights and online freedoms. A personal server operating system designed for self-sovereignty and decentralized computing."
"https://urbit.org","Urbit","C2","communities_served","developers; technology enthusiasts; individuals seeking digital sovereignty","Generic beneficiary claims; no named mechanism; no design participation documented","3","20","Generic beneficiaries without exclusion specificity. Served: developers; technology enthusiasts; individuals seeking digital sovereignty"
"https://urbit.org","Urbit","C3","governance_model","LLC","Minimal participation claims; no multi-stage lifecycle evidence","2","12","Minimal participation claims. Governance: LLC"
"https://urbit.org","Urbit","C4","documented_limitations","Self-hosting requires technical expertise; Not yet as simple as intended for average users; Adoption appears limited based on available information","Claims made without critique; output-only framing; no failure acknowledgement","3","20","Weak self-examination. Limitations: Self-hosting requires technical expertise; Not yet as simple as intended for average users; Adoption appears limited based on available information"
"https://urbit.org","Urbit","C5","underdog_signal","For-profit/social enterprise","Weak underdog signal; institutional or well-resourced context; limited exclusion specificity","1","6","Weak underdog signal. For-profit/social enterprise"
"https://urbit.org","Urbit","C6","governance_model","LLC","Informs (IAP2 level 1); primarily one-way information flow; limited reciprocity","1","12","Informs level IAP2. Governance: LLC"
"https://urbit.org","Urbit","modifier_M4","modifier","M4","Libertarian techno-sovereignty model structurally excludes non-technical users from governance","-4","","Applied M4 (-4): Libertarian techno-sovereignty model structurally excludes non-technical users from governance"
"https://www.sign-in.service.gov.uk","GOV.UK One Login","C1","political_relevance_summary","GOV.UK One Login addresses government technology and public service delivery. Centralized digital identity and authentication platform for UK government services.","Generic inequality reference; no specific mechanism named; no formal contestation pathway","3","12","Weak or absent power asymmetry framing. GOV.UK One Login addresses government technology and public service delivery. Centralized digital identity and authentication platform for UK governme"
"https://www.sign-in.service.gov.uk","GOV.UK One Login","C2","communities_served","citizens; government service users; central government agencies","Broad population implied; mechanism general; no documented participatory design process","6","20","Broad population implied without mechanism specificity. Served: citizens; government service users; central government agencies"
"https://www.sign-in.service.gov.uk","GOV.UK One Login","C3","governance_model","project_of_larger_org","Minimal participation claims; no multi-stage lifecycle evidence","3","12","Minimal participation claims. Governance: project_of_larger_org"
"https://www.sign-in.service.gov.uk","GOV.UK One Login","C4","documented_limitations","Digital divide affecting elderly and non-tech-savvy citizens; Accessibility challenges for users with disabilities; Limited offline authentication options","Claims made without critique; output-only framing; no failure acknowledgement","5","20","Weak self-examination. Limitations: Digital divide affecting elderly and non-tech-savvy citizens; Accessibility challenges for users with disabilities; Limited offline authentication opt"
"https://www.sign-in.service.gov.uk","GOV.UK One Login","C5","underdog_signal","Government/public sector","Weak underdog signal; institutional or well-resourced context; limited exclusion specificity","1","6","Weak underdog signal. Government/public sector"
"https://www.sign-in.service.gov.uk","GOV.UK One Login","C6","governance_model","project_of_larger_org","Informs (IAP2 level 1); primarily one-way information flow; limited reciprocity","1","12","Informs level IAP2. Governance: project_of_larger_org"
"https://www.sign-in.service.gov.uk","GOV.UK One Login","modifier_M2","modifier","M2","Centralised identity infrastructure creates surveillance choke point for entire public service access","-10","","Applied M2 (-10): Centralised identity infrastructure creates surveillance choke point for entire public service access"
"https://www.sign-in.service.gov.uk","GOV.UK One Login","modifier_M4","modifier","M4","State monopoly on digital identity: single point of failure and coercion","-3","","Applied M4 (-3): State monopoly on digital identity: single point of failure and coercion"
"https://www.workincharities.co.uk","WorkInCharities","C1","political_relevance_summary","WorkInCharities addresses civic technology. Job board platform connecting charity and nonprofit sector workers with employment opportunities.","Generic inequality reference; no specific mechanism named; no formal contestation pathway","1","12","Weak or absent power asymmetry framing. WorkInCharities addresses civic technology. Job board platform connecting charity and nonprofit sector workers with employment opportunities."
"https://www.workincharities.co.uk","WorkInCharities","C2","communities_served","nonprofit workers; charity sector employees; job seekers in social sector","Generic beneficiary claims; no named mechanism; no design participation documented","3","20","Generic beneficiaries without exclusion specificity. Served: nonprofit workers; charity sector employees; job seekers in social sector"
"https://www.workincharities.co.uk","WorkInCharities","C3","governance_model","proprietary","Minimal participation claims; no multi-stage lifecycle evidence","1","12","Minimal participation claims. Governance: proprietary"
"https://www.workincharities.co.uk","WorkInCharities","C4","documented_limitations","Not documented","Claims made without critique; output-only framing; no failure acknowledgement","2","20","Weak self-examination. Limitations: Not documented"
"https://www.workincharities.co.uk","WorkInCharities","C5","underdog_signal","For-profit/social enterprise","Weak underdog signal; institutional or well-resourced context; limited exclusion specificity","1","6","Weak underdog signal. For-profit/social enterprise"
"https://www.workincharities.co.uk","WorkInCharities","C6","governance_model","proprietary","No democratic engagement mechanism present","0","12","No democratic engagement. Governance: proprietary"
"https://www.govwise.ai/en","GovWise","C1","political_relevance_summary","GovWise addresses government technology and public service delivery. AI-powered platform for automating public procurement tender screening and bid management.","Generic inequality reference; no specific mechanism named; no formal contestation pathway","1","12","Weak or absent power asymmetry framing. GovWise addresses government technology and public service delivery. AI-powered platform for automating public procurement tender screening and bid ma"
"https://www.govwise.ai/en","GovWise","C2","communities_served","businesses; public procurement teams; sales teams; management teams","Generic beneficiary claims; no named mechanism; no design participation documented","3","20","Generic beneficiaries without exclusion specificity. Served: businesses; public procurement teams; sales teams; management teams"
"https://www.govwise.ai/en","GovWise","C3","governance_model","LLC","Minimal participation claims; no multi-stage lifecycle evidence","1","12","Minimal participation claims. Governance: LLC"
"https://www.govwise.ai/en","GovWise","C4","documented_limitations","Not documented","Claims made without critique; output-only framing; no failure acknowledgement","2","20","Weak self-examination. Limitations: Not documented"
"https://www.govwise.ai/en","GovWise","C5","underdog_signal","True","Weak underdog signal; institutional or well-resourced context; limited exclusion specificity","1","6","Weak underdog signal. True"
"https://www.govwise.ai/en","GovWise","C6","governance_model","LLC","Informs (IAP2 level 1); primarily one-way information flow; limited reciprocity","1","12","Informs level IAP2. Governance: LLC"
"https://www.govwise.ai/en","GovWise","modifier_M4","modifier","M4","AI governance advisory tool: risk of laundering institutional preferences as neutral recommendations","-3","","Applied M4 (-3): AI governance advisory tool: risk of laundering institutional preferences as neutral recommendations"
"https://whoisology.com","Whoisology","C1","political_relevance_summary","Whoisology addresses civic data access and transparency. Billions of archived domain name whois records searchable and cross-referenced for reverse lookups.","Generic inequality reference; no specific mechanism named; no formal contestation pathway","2","12","Weak or absent power asymmetry framing. Whoisology addresses civic data access and transparency. Billions of archived domain name whois records searchable and cross-referenced for reverse lo"
"https://whoisology.com","Whoisology","C2","communities_served","cybersecurity researchers; investigators; legal professionals; business development professionals; corporate intelligence teams","Generic beneficiary claims; no named mechanism; no design participation documented","4","20","Generic beneficiaries without exclusion specificity. Served: cybersecurity researchers; investigators; legal professionals; business development professionals; corporate intelligence teams"
"https://whoisology.com","Whoisology","C3","governance_model","LLC","Minimal participation claims; no multi-stage lifecycle evidence","2","12","Minimal participation claims. Governance: LLC"
"https://whoisology.com","Whoisology","C4","documented_limitations","Data updated only every few months, not real-time; Does not provide current domain ownership lookup functionality; Cannot update WHOIS information directly","Claims made without critique; output-only framing; no failure acknowledgement","2","20","Weak self-examination. Limitations: Data updated only every few months, not real-time; Does not provide current domain ownership lookup functionality; Cannot update WHOIS information dir"
"https://whoisology.com","Whoisology","C5","underdog_signal","True","Weak underdog signal; institutional or well-resourced context; limited exclusion specificity","1","6","Weak underdog signal. True"
"https://whoisology.com","Whoisology","C6","governance_model","LLC","No democratic engagement mechanism present","0","12","No democratic engagement. Governance: LLC"
"https://whoisology.com","Whoisology","modifier_M2","modifier","M2","Domain intelligence aggregation: dual-use surveillance potential without accountability mechanism","-4","","Applied M2 (-4): Domain intelligence aggregation: dual-use surveillance potential without accountability mechanism"
"https://whoisology.com","Whoisology","modifier_M6","modifier","M6","Commercial data aggregation without civic mandate or community oversight","-2","","Applied M6 (-2): Commercial data aggregation without civic mandate or community oversight"
"https://www.yoti.com","Yoti","C1","political_relevance_summary","Yoti addresses digital rights and online freedoms. Building the world's trusted identity platform.","Generic inequality reference; no specific mechanism named; no formal contestation pathway","2","12","Weak or absent power asymmetry framing. Yoti addresses digital rights and online freedoms. Building the world's trusted identity platform."
"https://www.yoti.com","Yoti","C2","communities_served","businesses; individuals; financial institutions; retailers; government agencies","Generic beneficiary claims; no named mechanism; no design participation documented","4","20","Generic beneficiaries without exclusion specificity. Served: businesses; individuals; financial institutions; retailers; government agencies"
"https://www.yoti.com","Yoti","C3","governance_model","LLC","Minimal participation claims; no multi-stage lifecycle evidence","2","12","Minimal participation claims. Governance: LLC"
"https://www.yoti.com","Yoti","C4","documented_limitations","Facial recognition accuracy varies by demographic groups; age estimation has known limitations in edge cases","Claims made without critique; output-only framing; no failure acknowledgement","4","20","Weak self-examination. Limitations: Facial recognition accuracy varies by demographic groups; age estimation has known limitations in edge cases"
"https://www.yoti.com","Yoti","C5","underdog_signal","For-profit/social enterprise","Weak underdog signal; institutional or well-resourced context; limited exclusion specificity","1","6","Weak underdog signal. For-profit/social enterprise"
"https://www.yoti.com","Yoti","C6","governance_model","LLC","Informs (IAP2 level 1); primarily one-way information flow; limited reciprocity","1","12","Informs level IAP2. Governance: LLC"
"https://www.yoti.com","Yoti","modifier_M2","modifier","M2","Biometric identity infrastructure: surveillance and exclusion by design; ages and faces as verification gates","-10","","Applied M2 (-10): Biometric identity infrastructure: surveillance and exclusion by design; ages and faces as verification gates"
"https://www.yoti.com","Yoti","modifier_M4","modifier","M4","Corporate identity monopoly undermines digital autonomy and creates single point of coercion","-6","","Applied M4 (-6): Corporate identity monopoly undermines digital autonomy and creates single point of coercion"
"https://www.dfos.com","DFOS","ABSTAIN","dossier","Not found","No dossier or web presence found; insufficient basis for scoring","N/A","N/A","No dossier file located in data/enriched; abstained per constitution rule"
"https://www.rightsdd.com","RightsDD","ABSTAIN","dossier","Not found","No dossier or web presence found; insufficient basis for scoring","N/A","N/A","No dossier file located in data/enriched; abstained per constitution rule"
"https://yrpri.org","yrpri","ABSTAIN","dossier","Not found","No dossier or web presence found; insufficient basis for scoring","N/A","N/A","No dossier file located in data/enriched; abstained per constitution rule"
