project_url,project_name,criterion,evidence_field,evidence_value,interpretation,score,max_score,justification
https://github.com/g0v/vue.vtaiwan.tw,vTaiwan,C1,political_relevance_summary,Formal gov consultation platform used in Uber/ShareLaw regulations,Direct legislative power asymmetry correction,11,12,Formal state mechanism; documented policy outcomes reduce power gap
https://github.com/g0v/vue.vtaiwan.tw,vTaiwan,C2,communities_served,Citizens in formal consultation processes; underrepresented civic voices,Named populations in named exclusion mechanism (locked out of legislation),9,20,Moderate: general public centering but named mechanisms present
https://github.com/g0v/vue.vtaiwan.tw,vTaiwan,C3,governance_model,Polis-based open consultation; g0v volunteer infrastructure,Multi-stage participatory design across project lifecycle,10,12,Strong: community co-design with civil society documented
https://github.com/g0v/vue.vtaiwan.tw,vTaiwan,C4,outcome_methodology,Transparent opinion clustering; public deliberation logs,Critical self-examination of power in consultation design,9,20,Strong: explicit structural critique embedded in methodology
https://github.com/g0v/vue.vtaiwan.tw,vTaiwan,C5,underdog_signal,g0v civic tech volunteer network; counter-hegemonic origin,Structural underdog signal present,3,6,Moderate: g0v origin is civic counter-power but state adoption dilutes signal
https://github.com/g0v/vue.vtaiwan.tw,vTaiwan,C6,governance_model,Formal legislative consultation — triggers binding policy review,IAP2 ladder: collaborates/empowers level,11,12,Highest tier: formal state binding mechanism
https://github.com/g0v/vue.vtaiwan.tw,vTaiwan,M1,political_relevance_summary,Formal legislative consultation with documented policy outcomes,+10: structural power asymmetry correction via formal state mechanism,+10,,M1 applied at upper range
https://github.com/g0v/vue.vtaiwan.tw,vTaiwan,M5,governance_model,Multi-stage g0v community engagement documented,+6: multi-stage lifecycle community engagement,+6,,M5 applied
https://guardianproject.info,Guardian Project,C1,political_relevance_summary,Secure comms for journalists/activists in repressive regimes,Direct correction of surveillance power asymmetry,10,12,Strong: addresses structural surveillance asymmetry for high-risk populations
https://guardianproject.info,Guardian Project,C2,communities_served,Journalists; activists; human rights defenders in repressive states,Named populations with named exclusion mechanism (state surveillance),14,20,Strong: explicit named populations and named threat mechanism
https://guardianproject.info,Guardian Project,C3,governance_model,Open source; civil society partnerships; activist co-design,Participatory design with target communities,8,12,Good: community involvement documented but lifecycle scope unclear
https://guardianproject.info,Guardian Project,C4,documented_limitations,Threat model transparency; limitations on state-actor adversaries documented,Critical self-examination of power limits,9,20,Moderate-strong: explicit threat model honesty
https://guardianproject.info,Guardian Project,C5,underdog_signal,Non-profit; counter-surveillance mission; primarily serves persecuted populations,Structural underdog signal strong,3,6,Moderate: non-profit counter-surveillance but institutionally stable
https://guardianproject.info,Guardian Project,C6,governance_model,Tool provision for activists to act autonomously vs state power,IAP2 ladder: empowers level,7,12,Strong democratic type: empowers excluded to act
https://guardianproject.info,Guardian Project,M1,communities_served,Structural correction of surveillance power for repressive regime targets,+10: structural power asymmetry correction,+10,,M1 applied
https://guardianproject.info,Guardian Project,M3,communities_served,Named populations facing named repression mechanisms,+6: named excluded populations by named exclusion mechanism,+6,,M3 applied
https://github.com/podemos-info/participa,Participa (Podemos),C1,political_relevance_summary,Binding participation for 500k+ Podemos members; 30+ binding decisions,Formal structural redistribution of decision-making authority,9,12,Strong: formal binding mechanism at scale
https://github.com/podemos-info/participa,Participa (Podemos),C2,communities_served,Party members; working class political participants,Named populations with participatory access mechanism,10,20,Moderate: named populations but party membership limits scope
https://github.com/podemos-info/participa,Participa (Podemos),C3,governance_model,Member-designed platform; iterative co-development with Podemos base,Multi-stage participatory design,9,12,Good: documented member involvement in design
https://github.com/podemos-info/participa,Participa (Podemos),C4,outcome_methodology,Transparent voting records; deliberation logs; accountability mechanisms,Critical self-examination embedded in design,7,20,Moderate: transparency but limited self-critique of power within party
https://github.com/podemos-info/participa,Participa (Podemos),C5,underdog_signal,Podemos origin as counter-establishment party; member-owned,Structural underdog signal present,4,6,Good: counter-establishment origin clear
https://github.com/podemos-info/participa,Participa (Podemos),C6,governance_model,Binding member votes on party policy — formal empowerment mechanism,IAP2 ladder: empowers level,11,12,Highest tier: formal binding democratic mechanism
https://github.com/podemos-info/participa,Participa (Podemos),M1,governance_model,Formal binding democratic mechanism for 500k+ members,+9: structural power redistribution at scale,+9,,M1 applied
https://github.com/stanfordcdt/pb,Stanford PB Platform,C1,political_relevance_summary,Participatory budgeting giving citizens formal budget decision authority,Formal power redistribution over resource allocation,8,12,Strong: formal citizen authority over budget
https://github.com/stanfordcdt/pb,Stanford PB Platform,C2,communities_served,Community members in PB processes; historically excluded from budget decisions,Named populations in named exclusion mechanism,8,20,Moderate: named populations but platform-neutral by design
https://github.com/stanfordcdt/pb,Stanford PB Platform,C3,outcome_methodology,Multi-city deployment; community facilitator model,Participatory design across project lifecycle,8,12,Good: documented multi-stage engagement model
https://github.com/stanfordcdt/pb,Stanford PB Platform,C4,documented_limitations,PB equity concerns acknowledged; power dynamics of facilitation documented,Critical self-examination present,6,20,Moderate: some self-critique but limited depth
https://github.com/stanfordcdt/pb,Stanford PB Platform,C5,underdog_signal,Academic origin; equity-focused PB model,Moderate underdog signal,3,6,Moderate: equity framing but academic/institutional origin
https://github.com/stanfordcdt/pb,Stanford PB Platform,C6,governance_model,Citizens vote on budget allocation — formal empowerment,IAP2 ladder: empowers level,11,12,Strong democratic type: formal citizen budget authority
https://github.com/stanfordcdt/pb,Stanford PB Platform,M1,governance_model,Formal citizen budget decision authority,+8: structural power redistribution,+8,,M1 applied
https://github.com/stanfordcdt/pb,Stanford PB Platform,M5,outcome_methodology,Multi-city deployment with documented community facilitation,+4: multi-stage lifecycle community engagement,+4,,M5 applied
https://github.com/huridocs,HURIDOCS,C1,political_relevance_summary,Human rights documentation for accountability; enables formal legal processes,Epistemic redress for suppressed testimony,10,12,Strong: enables formal accountability mechanisms
https://github.com/huridocs,HURIDOCS,C2,communities_served,Survivors; witnesses; human rights victims; suppressed testimony holders,Named populations with named documentation exclusion mechanism,12,20,Strong: explicit named populations and named suppression mechanism
https://github.com/huridocs,HURIDOCS,C3,governance_model,NGO partnerships; community documentation training,Participatory engagement with testimony communities,8,12,Good: documented community training but lifecycle depth unclear
https://github.com/huridocs,HURIDOCS,C4,documented_limitations,Trauma-informed documentation limitations; adversarial context awareness,Critical self-examination of power in documentation,9,20,Moderate-strong: explicit limits documented
https://github.com/huridocs,HURIDOCS,C5,underdog_signal,Non-profit; serves persecuted/suppressed communities,Structural underdog signal present,0,6,Weak: institutionally stable; signal diluted by NGO-sector positioning
https://github.com/huridocs,HURIDOCS,C6,governance_model,Enables formal accountability processes and legal documentation,IAP2 ladder: empowers level,8,12,Strong: empowers testimony holders in formal processes
https://github.com/huridocs,HURIDOCS,M1,political_relevance_summary,Enables formal accountability processes; epistemic redress for suppressed testimony,+8: structural power asymmetry correction,+8,,M1 applied
https://nyaaya.org,Nyaaya,C1,political_relevance_summary,Free legal information platform correcting epistemic legal power asymmetry in India,Formal epistemic power correction for legal access,8,12,Strong: addresses structural legal knowledge asymmetry
https://nyaaya.org,Nyaaya,C2,communities_served,Rural poor; women; marginalised castes excluded from legal knowledge,Named populations with named exclusion mechanism (legal language barriers),14,20,Strong: highly specific named populations and named mechanism
https://nyaaya.org,Nyaaya,C3,governance_model,Community legal education; multi-language design,Participatory engagement with excluded communities,5,12,Moderate: engagement present but lifecycle depth limited
https://nyaaya.org,Nyaaya,C4,documented_limitations,Legal system critique embedded; power of legal professionals vs citizens addressed,Critical self-examination of structural legal power,7,20,Moderate: systemic critique present but limited self-critique
https://nyaaya.org,Nyaaya,C5,underdog_signal,Non-profit; serves legally excluded Indian populations,Moderate underdog signal,1,6,Weak: Vidhi Centre institutional backing dilutes signal
https://nyaaya.org,Nyaaya,C6,governance_model,Informs and educates on legal rights — enables citizen action,IAP2 ladder: informs/consults level,5,12,Moderate: strong informing function but limited direct empowerment mechanism
https://nyaaya.org,Nyaaya,M1,political_relevance_summary,Formal legal knowledge access correcting epistemic power asymmetry,+9: structural power asymmetry correction,+9,,M1 applied
https://nyaaya.org,Nyaaya,M3,communities_served,Highly specific named populations with named exclusion mechanism,+7: named excluded populations by named exclusion mechanism,+7,,M3 applied at upper range
https://liquidfeedback.com,LiquidFeedback,C1,political_relevance_summary,Liquid democracy platform for formal binding delegation,Structural redistribution of political decision authority,9,12,Strong: formal binding democratic mechanism
https://liquidfeedback.com,LiquidFeedback,C2,communities_served,Party/organization members; civic participants,Named populations with formal democratic access mechanism,7,20,Moderate: named populations but limited excluded-group specificity
https://liquidfeedback.com,LiquidFeedback,C3,governance_model,Member-designed; used by Pirate Party and civic organizations,Participatory design with target communities,8,12,Good: documented community adoption and co-design
https://liquidfeedback.com,LiquidFeedback,C4,documented_limitations,Delegation mechanics transparency; sybil resistance limitations documented,Critical self-examination present,7,20,Moderate: technical transparency but limited power critique
https://liquidfeedback.com,LiquidFeedback,C5,underdog_signal,Pirate Party origin; counter-establishment democratic model,Structural underdog signal present,3,6,Moderate: counter-establishment origin but adopted by mainstream
https://liquidfeedback.com,LiquidFeedback,C6,governance_model,Liquid delegation enables binding decisions — formal empowerment,IAP2 ladder: empowers/collaborates level,11,12,Strong democratic type: formal binding delegation mechanism
https://liquidfeedback.com,LiquidFeedback,M1,governance_model,Formal binding democratic delegation mechanism,+9: structural power redistribution,+9,,M1 applied
https://newpublic.substack.com/p/introducing-roundabout-built-for,New_ Public Roundabout,C1,political_relevance_summary,Platform for underestimated communities; counter to extractive social media,Moderate power asymmetry correction,5,12,Moderate: framing present but limited formal mechanism
https://newpublic.substack.com/p/introducing-roundabout-built-for,New_ Public Roundabout,C2,communities_served,Underestimated communities; communities of color; low-income communities,Named populations with named exclusion mechanism (platform extraction),8,20,Good: explicit named populations but mechanism specificity moderate
https://newpublic.substack.com/p/introducing-roundabout-built-for,New_ Public Roundabout,C3,governance_model,Co-designed with community stewards; multi-stage engagement,Participatory design across lifecycle,10,12,Strong: documented community steward co-design model
https://newpublic.substack.com/p/introducing-roundabout-built-for,New_ Public Roundabout,C4,documented_limitations,Platform power critique embedded in design rationale,Critical self-examination of extractive platform dynamics,8,20,Good: explicit critique of extractive social media power
https://newpublic.substack.com/p/introducing-roundabout-built-for,New_ Public Roundabout,C5,underdog_signal,Non-profit; counter-extractive platform model,Structural underdog signal present,5,6,Strong: explicitly counter-extractive model with equity mission
https://newpublic.substack.com/p/introducing-roundabout-built-for,New_ Public Roundabout,C6,governance_model,Community steward governance model; participatory design,IAP2 ladder: involves/collaborates level,8,12,Good: community involvement in governance
https://newpublic.substack.com/p/introducing-roundabout-built-for,New_ Public Roundabout,M3,communities_served,Explicitly targets underestimated communities with named exclusion,+5: named excluded populations by named exclusion mechanism,+5,,M3 applied
https://newpublic.substack.com/p/introducing-roundabout-built-for,New_ Public Roundabout,M5,governance_model,Co-designed with community stewards; multi-stage documented,+5: multi-stage lifecycle community engagement,+5,,M5 applied
https://github.com/openpolitics/groupthink,Groupthink (OpenPolitics),C1,political_relevance_summary,Open source political manifesto platform; used in UK elections,Structural redistribution of policymaking authority,8,12,Strong: formal democratic mechanism used in electoral context
https://github.com/openpolitics/groupthink,Groupthink (OpenPolitics),C2,communities_served,Citizens excluded from formal policy development; grassroots participants,Named populations with named exclusion from policymaking,7,20,Moderate: named populations but limited mechanism specificity
https://github.com/openpolitics/groupthink,Groupthink (OpenPolitics),C3,governance_model,Open source; community-contributed policy development,Participatory design with civic communities,7,12,Good: open contribution model documented
https://github.com/openpolitics/groupthink,Groupthink (OpenPolitics),C4,outcome_methodology,Transparent policy development process; power dynamics acknowledged,Critical self-examination of policymaking power,8,20,Good: explicit power critique in tool design
https://github.com/openpolitics/groupthink,Groupthink (OpenPolitics),C5,underdog_signal,Grassroots political tool; counter to top-down party policy,Structural underdog signal present,5,6,Strong: clearly counter-establishment democratic model
https://github.com/openpolitics/groupthink,Groupthink (OpenPolitics),C6,governance_model,Democratic manifesto development — formal civic participation mechanism,IAP2 ladder: collaborates/empowers level,10,12,Strong: enables citizen policy authorship
https://github.com/openpolitics/groupthink,Groupthink (OpenPolitics),M1,political_relevance_summary,Structural redistribution of policymaking authority used in elections,+8: formal democratic mechanism,+8,,M1 applied
https://github.com/rahvaalgatus/rahvaalgatus,Rahvaalgatus,C1,political_relevance_summary,Estonian civic initiative platform triggering parliamentary consideration,Formal legislative mechanism correcting power asymmetry,9,12,Strong: formal state mechanism with parliamentary trigger
https://github.com/rahvaalgatus/rahvaalgatus,Rahvaalgatus,C2,communities_served,Estonian citizens excluded from formal legislative initiation,Named populations with named exclusion mechanism (legislative access),8,20,Moderate: general citizen framing but formal mechanism present
https://github.com/rahvaalgatus/rahvaalgatus,Rahvaalgatus,C3,governance_model,Civil society co-development; citizen petition design,Participatory engagement with civic community,7,12,Good: civil society partnership documented
https://github.com/rahvaalgatus/rahvaalgatus,Rahvaalgatus,C4,documented_limitations,Parliamentary process transparency; limitations on binding outcomes documented,Critical self-examination present,6,20,Moderate: transparency but limited power critique depth
https://github.com/rahvaalgatus/rahvaalgatus,Rahvaalgatus,C5,underdog_signal,Civic initiative platform enabling non-elite legislative participation,Structural underdog signal present,5,6,Strong: explicitly enables non-elite legislative access
https://github.com/rahvaalgatus/rahvaalgatus,Rahvaalgatus,C6,governance_model,Formal parliamentary petition mechanism — triggers legislative consideration,IAP2 ladder: collaborates level,10,12,Strong: formal binding-trigger mechanism
https://github.com/rahvaalgatus/rahvaalgatus,Rahvaalgatus,M1,political_relevance_summary,Formal legislative petition mechanism triggering parliamentary consideration,+8: structural power asymmetry correction,+8,,M1 applied
https://github.com/compdemocracy/polis,Polis,C1,political_relevance_summary,Opinion mapping for large-scale democratic deliberation,Moderate power redistribution in discourse,8,12,Good: enables deliberative power but no formal binding mechanism
https://github.com/compdemocracy/polis,Polis,C2,communities_served,Citizens in consultation; deliberating publics,Named populations with access to deliberation,7,20,Moderate: general public framing; limited named excluded population focus
https://github.com/compdemocracy/polis,Polis,C3,outcome_methodology,Multi-stage deliberation documented in vTaiwan and other deployments,Strong participatory design across lifecycle,10,12,Strong: multi-stage lifecycle engagement documented
https://github.com/compdemocracy/polis,Polis,C4,documented_limitations,Consensus-formation methodology limitations; minority view suppression risks,Critical self-examination of deliberative power dynamics,10,20,Good: explicit acknowledgment of consensus-formation risks
https://github.com/compdemocracy/polis,Polis,C5,underdog_signal,Open source; civil society deployments,Moderate underdog signal,3,6,Moderate: open source but used by diverse institutional actors
https://github.com/compdemocracy/polis,Polis,C6,governance_model,Formal deliberation mechanism; used in binding consultation contexts,IAP2 ladder: involves/collaborates level,9,12,Good: structured deliberation with documented impact
https://github.com/compdemocracy/polis,Polis,M5,outcome_methodology,Multi-stage engagement documented across deployments,+4: multi-stage lifecycle community engagement,+4,,M5 applied
https://littlesis.org,LittleSis,C1,political_relevance_summary,Power mapping exposing corporate-government revolving door relationships,Enables accountability against concentrated power,9,12,Strong: directly addresses power asymmetry through transparency
https://littlesis.org,LittleSis,C2,communities_served,Communities impacted by corporate power; accountability campaigners,Named populations with named power exclusion mechanism,8,20,Moderate: named populations but accountability tool framing
https://littlesis.org,LittleSis,C3,governance_model,Community-contributed power map; wiki-style civic participation,Participatory design with civic contributors,7,12,Good: community contribution model documented
https://littlesis.org,LittleSis,C4,outcome_methodology,Explicit power structure analysis; maps who benefits from exclusion,Critical self-examination of intra-class power dynamics,9,20,Strong: intra-class complicity analysis explicitly embedded
https://littlesis.org,LittleSis,C5,underdog_signal,Non-profit counter-power tool; explicitly anti-oligarchic,Structural underdog signal present,1,6,Weak: institutionally stable; PERI backing
https://littlesis.org,LittleSis,C6,governance_model,Enables community accountability campaigns against power,IAP2 ladder: involves/collaborates level,5,12,Moderate: enables action but limited formal democratic mechanism
https://littlesis.org,LittleSis,M1,political_relevance_summary,Enables accountability campaigns against corporate-government power,+8: structural power asymmetry correction,+8,,M1 applied
https://littlesis.org,LittleSis,M7,outcome_methodology,Maps intra-class dynamics of who benefits from exclusion,+4: intra-class dynamics and complicity analysis,+4,,M7 applied
https://humbledata.org,Humble Data Workshop,C1,political_relevance_summary,Data literacy for underrepresented groups in tech,Moderate power correction in epistemic access,3,12,Limited: data literacy framing lacks structural power mechanism
https://humbledata.org,Humble Data Workshop,C2,communities_served,Women; people of colour; disabled people; LGBTQ+ in tech,Named populations with named tech-sector exclusion mechanism,14,20,Strong: highly specific named populations with named mechanism
https://humbledata.org,Humble Data Workshop,C3,governance_model,Community-run workshops; participant co-design,Participatory engagement with excluded communities,8,12,Good: documented community workshop model
https://humbledata.org,Humble Data Workshop,C4,documented_limitations,Structural tech diversity problem critique; pipeline vs systemic critique,Critical self-examination partially present,6,20,Moderate: some systemic critique but limited depth
https://humbledata.org,Humble Data Workshop,C5,underdog_signal,Grassroots volunteer-run; counter-exclusion tech education,Structural underdog signal strong,6,6,Maximum: volunteer grassroots explicitly counter-exclusion
https://humbledata.org,Humble Data Workshop,C6,governance_model,Community workshops; participant involvement in shaping content,IAP2 ladder: involves level,5,12,Moderate: involves participants but limited formal empowerment mechanism
https://humbledata.org,Humble Data Workshop,M3,communities_served,Named excluded populations with named tech-sector exclusion mechanism,+5: named excluded populations by named exclusion mechanism,+5,,M3 applied
https://github.com/geeksforsocialchange/placecal,PlaceCal,C1,political_relevance_summary,Community calendar addressing digital exclusion and isolation,Moderate power correction for digitally excluded communities,5,12,Moderate: digital inclusion framing with limited formal mechanism
https://github.com/geeksforsocialchange/placecal,PlaceCal,C2,communities_served,Elderly; disabled; digitally excluded; community organisations,Named populations with named exclusion mechanism (digital access),8,20,Good: named populations with named mechanism
https://github.com/geeksforsocialchange/placecal,PlaceCal,C3,governance_model,Community organiser model; Geeks for Social Change co-design,Participatory design with community organisations,8,12,Good: community organiser-led design documented
https://github.com/geeksforsocialchange/placecal,PlaceCal,C4,documented_limitations,Digital exclusion critique; tech charity complex critique present,Critical self-examination moderate,6,20,Moderate: some structural critique present
https://github.com/geeksforsocialchange/placecal,PlaceCal,C5,underdog_signal,Volunteer-led; Geeks for Social Change counter-mainstream positioning,Structural underdog signal strong,5,6,Strong: explicitly counter-mainstream tech for social change
https://github.com/geeksforsocialchange/placecal,PlaceCal,C6,governance_model,Community organiser-mediated tool; local community networks,IAP2 ladder: involves/collaborates level,6,12,Moderate: involves community but limited formal empowerment
https://github.com/geeksforsocialchange/placecal,PlaceCal,M5,governance_model,Community-based organiser tool with documented engagement,+4: multi-stage lifecycle community engagement,+4,,M5 applied
https://labourxchange.uk,Labour Xchange,C1,political_relevance_summary,Labour rights platform connecting workers to information and solidarity,Moderate power correction for excluded workers,7,12,Good: addresses labour power asymmetry
https://labourxchange.uk,Labour Xchange,C2,communities_served,Precarious workers; gig economy workers; excluded from labour protections,Named populations with named exclusion mechanism (precarious labour),12,20,Strong: specific named excluded worker populations
https://labourxchange.uk,Labour Xchange,C3,governance_model,Limited participatory design evidence in dossier,Participatory engagement unclear,5,12,Limited: insufficient evidence of participatory lifecycle design
https://labourxchange.uk,Labour Xchange,C4,documented_limitations,Labour rights system critique present; limitations acknowledged,Critical self-examination moderate,5,20,Moderate: some structural critique but limited depth
https://labourxchange.uk,Labour Xchange,C5,underdog_signal,Labour rights focus; counter to employer power asymmetry,Moderate underdog signal,1,6,Weak: limited dossier completeness reduces confidence
https://labourxchange.uk,Labour Xchange,C6,governance_model,Informs and connects workers; limited formal empowerment mechanism,IAP2 ladder: informs/consults level,4,12,Limited: informing function strong but formal empowerment absent
https://landexplorer.coop,Land Explorer,C1,political_relevance_summary,Land data transparency for communities challenging ownership,Moderate power correction in land ownership knowledge,6,12,Moderate: addresses land power asymmetry but limited formal mechanism
https://landexplorer.coop,Land Explorer,C2,communities_served,Communities challenged by land ownership opacity; rural communities,Named populations with named exclusion mechanism (land data access),6,20,Moderate: named populations but limited specificity
https://landexplorer.coop,Land Explorer,C3,governance_model,Cooperative structure; community land focus,Participatory engagement with co-op communities,6,12,Moderate: co-op structure implies participation but limited evidence
https://landexplorer.coop,Land Explorer,C4,documented_limitations,Land ownership system critique present,Critical self-examination moderate,6,20,Moderate: systemic critique present
https://landexplorer.coop,Land Explorer,C5,underdog_signal,Co-operative structure; land rights focus,Structural underdog signal present,4,6,Good: co-op explicitly counter-dominant land ownership model
https://landexplorer.coop,Land Explorer,C6,governance_model,Informs communities about land ownership; enables campaigns,IAP2 ladder: informs/consults level,6,12,Moderate: informs civic action but limited formal mechanism
https://missingnumbers.org,Missing Numbers,C1,political_relevance_summary,Data transparency tool exposing missing civic datasets,Moderate power correction in data access,7,12,Good: addresses epistemic power asymmetry in data
https://missingnumbers.org,Missing Numbers,C2,communities_served,Researchers; civil society; communities affected by data gaps,Named populations with named exclusion mechanism (data opacity),5,20,Moderate: named populations but research-tool framing
https://missingnumbers.org,Missing Numbers,C3,governance_model,Open data community; limited documented participatory design,Participatory engagement limited,5,12,Limited: insufficient evidence of community lifecycle engagement
https://missingnumbers.org,Missing Numbers,C4,outcome_methodology,Explicit critique of systemic data gaps; power dynamics in data publishing,Strong critical self-examination of data power,8,20,Good: explicit systemic critique of data power
https://missingnumbers.org,Missing Numbers,C5,underdog_signal,Civil society data transparency tool,Moderate underdog signal,4,6,Good: civil society mission with transparency focus
https://missingnumbers.org,Missing Numbers,C6,governance_model,Informs about data gaps; enables accountability,IAP2 ladder: informs level,4,12,Limited: primarily informing function
https://murmurations.network,Murmurations Protocol,C1,political_relevance_summary,Decentralised data protocol for civil society coordination,Moderate power correction via decentralisation,5,12,Moderate: decentralisation framing but limited formal mechanism
https://murmurations.network,Murmurations Protocol,C2,communities_served,Civil society organisations; community networks,Named populations with coordination access,6,20,Moderate: named populations but broad civil society framing
https://murmurations.network,Murmurations Protocol,C3,governance_model,Protocol design with civil society input,Participatory design moderate,6,12,Moderate: civil society input documented
https://murmurations.network,Murmurations Protocol,C4,documented_limitations,Decentralisation philosophy critique; power dynamics in protocol governance,Critical self-examination moderate,6,20,Moderate: some structural critique present
https://murmurations.network,Murmurations Protocol,C5,underdog_signal,Open protocol; civil society mission,Moderate underdog signal,5,6,Good: open protocol explicitly serving civil society
https://murmurations.network,Murmurations Protocol,C6,governance_model,Enables civil society coordination; network empowerment,IAP2 ladder: involves level,5,12,Moderate: enables coordination but limited formal empowerment
https://hact.org.uk/tools-and-services/uk-housing-data-standards,UK Housing Data Standards,C1,political_relevance_summary,Housing data standards for equity in housing sector,Moderate power correction in housing data,6,12,Moderate: equity framing but technical standards focus
https://hact.org.uk/tools-and-services/uk-housing-data-standards,UK Housing Data Standards,C2,communities_served,Social housing tenants; housing-excluded populations,Named populations with named exclusion mechanism (housing data access),8,20,Good: named populations in housing equity framing
https://hact.org.uk/tools-and-services/uk-housing-data-standards,UK Housing Data Standards,C3,governance_model,Housing sector stakeholder consultation; standards body process,Participatory engagement with sector,7,12,Good: documented stakeholder engagement
https://hact.org.uk/tools-and-services/uk-housing-data-standards,UK Housing Data Standards,C4,documented_limitations,Housing equity critique embedded; power of landlords vs tenants,Critical self-examination present,7,20,Moderate: equity critique present in standards framing
https://hact.org.uk/tools-and-services/uk-housing-data-standards,UK Housing Data Standards,C5,underdog_signal,HACT housing charity; tenant equity focus,Weak underdog signal,1,6,Weak: sector body positioning dilutes signal
https://hact.org.uk/tools-and-services/uk-housing-data-standards,UK Housing Data Standards,C6,governance_model,Standards for sector; informs/consults at sector level,IAP2 ladder: consults level,4,12,Limited: sector consultation without community empowerment
https://github.com/datakind/data-observation-toolkit,Data Observation Toolkit,C1,political_relevance_summary,DataKind equity data toolkit for civil society,Moderate power correction in data capacity,7,12,Good: equity framing with DataKind mission
https://github.com/datakind/data-observation-toolkit,Data Observation Toolkit,C2,communities_served,Civil society organisations; equity-focused data users,Named populations with data capacity access,8,20,Moderate: named populations but tool-level framing
https://github.com/datakind/data-observation-toolkit,Data Observation Toolkit,C3,governance_model,DataKind community; limited documented participatory design,Participatory engagement limited,5,12,Limited: DataKind community involvement but lifecycle unclear
https://github.com/datakind/data-observation-toolkit,Data Observation Toolkit,C4,outcome_methodology,DataKind equity critique; power dynamics in data observation,Critical self-examination present,5,20,Moderate: equity framing but limited structural critique depth
https://github.com/datakind/data-observation-toolkit,Data Observation Toolkit,C5,underdog_signal,DataKind non-profit equity focus,Moderate underdog signal,4,6,Good: DataKind explicitly counter-extractive data model
https://github.com/datakind/data-observation-toolkit,Data Observation Toolkit,C6,governance_model,Technical tool for civil society; limited formal empowerment,IAP2 ladder: informs level,4,12,Limited: tool provision without formal empowerment mechanism
https://github.com/radicalxchange/rxc-voice,RxC Voice,C1,political_relevance_summary,Quadratic voting/voice credits for democratic resource allocation,Moderate structural power redistribution via QV,7,12,Good: formal mechanism but limited deployment evidence
https://github.com/radicalxchange/rxc-voice,RxC Voice,C2,communities_served,Civic participants in QV experiments,Named populations with formal voting access,5,20,Moderate: general civic framing; limited excluded population specificity
https://github.com/radicalxchange/rxc-voice,RxC Voice,C3,governance_model,RadicalxChange community; participatory design ethos,Participatory engagement moderate,4,12,Limited: community ethos but limited lifecycle evidence
https://github.com/radicalxchange/rxc-voice,RxC Voice,C4,documented_limitations,Market logic critique of standard voting; QV power critique,Critical self-examination moderate,6,20,Moderate: some self-critique but market mechanism concerns unresolved
https://github.com/radicalxchange/rxc-voice,RxC Voice,C5,underdog_signal,RadicalxChange counter-establishment democratic innovation,Weak underdog signal,1,6,Weak: institutional RadicalxChange positioning
https://github.com/radicalxchange/rxc-voice,RxC Voice,C6,governance_model,QV mechanism for formal collective decision — empowers via markets,IAP2 ladder: collaborates level,9,12,Good: formal democratic mechanism with empowerment potential
https://mapped.commonknowledge.coop,Mapped,C1,political_relevance_summary,Labour movement mapping for solidarity organising,Moderate power correction for excluded workers,5,12,Moderate: labour movement framing with limited formal mechanism
https://mapped.commonknowledge.coop,Mapped,C2,communities_served,Trade unionists; labour organisers; workers in under-organised sectors,Named populations with named exclusion mechanism (labour organising),7,20,Good: named labour populations with organising context
https://mapped.commonknowledge.coop,Mapped,C3,governance_model,Common Knowledge cooperative; worker co-design,Participatory design with labour communities,6,12,Good: co-op model implies participation
https://mapped.commonknowledge.coop,Mapped,C4,outcome_methodology,Labour power analysis embedded; class dynamics foregrounded,Critical self-examination moderate,5,20,Moderate: class framing present but limited self-critique depth
https://mapped.commonknowledge.coop,Mapped,C5,underdog_signal,Common Knowledge worker co-op; counter-establishment labour tool,Structural underdog signal present,4,6,Good: explicitly counter-establishment labour organising
https://mapped.commonknowledge.coop,Mapped,C6,governance_model,Enables organising; mapping for solidarity action,IAP2 ladder: involves level,5,12,Moderate: enables action but limited formal democratic mechanism
https://metagov.org/projects/interop,Interoperable Deliberative Tools,C1,political_relevance_summary,Interoperability standards for deliberative platforms,Moderate power correction in civic tech infrastructure,6,12,Moderate: governance framing but technical standards focus
https://metagov.org/projects/interop,Interoperable Deliberative Tools,C2,communities_served,Deliberative platform users; civic tech community,Named populations with interoperability access,3,20,Limited: technical standards framing; limited excluded population focus
https://metagov.org/projects/interop,Interoperable Deliberative Tools,C3,governance_model,Metagov community process; deliberative standards design,Participatory engagement moderate,5,12,Moderate: community process documented
https://metagov.org/projects/interop,Interoperable Deliberative Tools,C4,outcome_methodology,Platform power analysis; interop critique of lock-in,Critical self-examination present,7,20,Good: platform power critique embedded
https://metagov.org/projects/interop,Interoperable Deliberative Tools,C5,underdog_signal,Metagov non-profit; open standards for civic tech,Moderate underdog signal,2,6,Limited: academic/research positioning
https://metagov.org/projects/interop,Interoperable Deliberative Tools,C6,governance_model,Standards for interoperability; enables platform switching,IAP2 ladder: consults/involves level,8,12,Good: democratic infrastructure enabling platform autonomy
https://github.com/cavi-au/consent-o-matic,Consent-O-Matic,C1,political_relevance_summary,Automated consent management correcting dark pattern power asymmetry,Structural correction of consent manipulation power,6,12,Good: addresses systemic dark pattern asymmetry
https://github.com/cavi-au/consent-o-matic,Consent-O-Matic,C2,communities_served,Internet users subject to dark patterns; non-technical users,Named populations with named exclusion mechanism (manipulative consent),5,20,Moderate: general user framing; limited excluded population specificity
https://github.com/cavi-au/consent-o-matic,Consent-O-Matic,C3,governance_model,Academic research tool; limited documented participatory design,Participatory engagement limited,3,12,Limited: academic origin without community co-design evidence
https://github.com/cavi-au/consent-o-matic,Consent-O-Matic,C4,outcome_methodology,Dark pattern critique; consent power dynamics explicitly addressed,Critical self-examination strong,7,20,Good: explicit systemic critique of consent manipulation
https://github.com/cavi-au/consent-o-matic,Consent-O-Matic,C5,underdog_signal,Open source academic tool; counter to corporate consent manipulation,Structural underdog signal present,5,6,Strong: explicitly counter corporate dark pattern power
https://github.com/cavi-au/consent-o-matic,Consent-O-Matic,C6,governance_model,Automates consent on behalf of user — empowers via automation,IAP2 ladder: empowers level (automated),4,12,Moderate: empowers but automated not participatory
https://github.com/whotargetsme/ad-transparency-standards/blob/main/implement.md,Political Ad Transparency Standard,C1,political_relevance_summary,Ad transparency standards exposing political targeting power,Structural correction of political advertising opacity,7,12,Good: addresses power asymmetry of political micro-targeting
https://github.com/whotargetsme/ad-transparency-standards/blob/main/implement.md,Political Ad Transparency Standard,C2,communities_served,Voters subject to micro-targeting; marginalised communities targeted by political ads,Named populations with named exclusion mechanism (targeted manipulation),4,20,Moderate: named populations but standards-body framing
https://github.com/whotargetsme/ad-transparency-standards/blob/main/implement.md,Political Ad Transparency Standard,C3,governance_model,Who Targets Me civil society process; limited community participation,Participatory engagement limited,5,12,Moderate: civil society process but limited community lifecycle
https://github.com/whotargetsme/ad-transparency-standards/blob/main/implement.md,Political Ad Transparency Standard,C4,outcome_methodology,Political advertising power analysis; targeting manipulation critique,Critical self-examination strong,8,20,Strong: explicit critique of political power in advertising
https://github.com/whotargetsme/ad-transparency-standards/blob/main/implement.md,Political Ad Transparency Standard,C5,underdog_signal,Civil society counter-power tool against political advertisers,Moderate underdog signal,2,6,Limited: standards body framing dilutes signal
https://github.com/whotargetsme/ad-transparency-standards/blob/main/implement.md,Political Ad Transparency Standard,C6,governance_model,Standards for ad transparency; informs/consults at sector level,IAP2 ladder: consults level,4,12,Limited: standards without community empowerment mechanism
https://github.com/populatetools,Populate Tools,C1,political_relevance_summary,Open data tools for democratic transparency in Spain,Moderate power correction in civic data,5,12,Moderate: transparency framing but limited formal mechanism
https://github.com/populatetools,Populate Tools,C2,communities_served,Citizens; civic organisations; journalists,Named populations with data access,5,20,Moderate: named populations but general civic framing
https://github.com/populatetools,Populate Tools,C3,governance_model,Open source; civic community; limited documented design,Participatory engagement limited,5,12,Moderate: open source but lifecycle engagement unclear
https://github.com/populatetools,Populate Tools,C4,outcome_methodology,Transparency critique; civic accountability framing,Critical self-examination moderate,4,20,Moderate: transparency critique but limited depth
https://github.com/populatetools,Populate Tools,C5,underdog_signal,Civic tech; counter-opacity in governance,Moderate underdog signal,4,6,Good: civic counter-opacity mission
https://github.com/populatetools,Populate Tools,C6,governance_model,Open data tools; informs/consults civic actors,IAP2 ladder: informs/consults level,6,12,Moderate: informing civic action
https://matrix.org,Matrix,C1,political_relevance_summary,Decentralised communication protocol resisting surveillance,Moderate power correction via decentralisation,7,12,Good: addresses surveillance power asymmetry
https://matrix.org,Matrix,C2,communities_served,General internet users; activists; privacy-conscious users,Named populations but broad framing,5,20,Moderate: limited excluded population specificity
https://matrix.org,Matrix,C3,governance_model,Open standard; Foundation governance; limited community co-design,Participatory engagement limited,4,12,Limited: Foundation model without community lifecycle engagement
https://matrix.org,Matrix,C4,outcome_methodology,Decentralisation critique of centralised surveillance; privacy rights framing,Critical self-examination moderate,7,20,Good: explicit structural critique of surveillance capitalism
https://matrix.org,Matrix,C5,underdog_signal,Open standard; non-profit Foundation,Moderate underdog signal,0,6,None: institutionally stable; lacks clear excluded-population signal
https://matrix.org,Matrix,C6,governance_model,Protocol enables autonomous communication; decentralised empowerment,IAP2 ladder: empowers level (structural),6,12,Moderate: structural empowerment but no participatory mechanism
https://nookcrm.com,Nook CRM,C1,political_relevance_summary,CRM for community organising and mutual aid,Moderate power correction for community organisers,4,12,Moderate: organising tool with limited formal power mechanism
https://nookcrm.com,Nook CRM,C2,communities_served,Community organisers; mutual aid groups; grassroots activists,Named populations with community organising access,7,20,Good: named community populations with organising context
https://nookcrm.com,Nook CRM,C3,governance_model,Community-designed CRM; organiser co-design,Participatory design with community organisers,8,12,Good: documented organiser co-design model
https://nookcrm.com,Nook CRM,C4,documented_limitations,Organising power dynamics; limited self-critique depth,Critical self-examination limited,5,20,Moderate: community framing but limited structural critique
https://nookcrm.com,Nook CRM,C5,underdog_signal,Grassroots tool; mutual aid/organising focus,Moderate underdog signal,1,6,Weak: commercial SaaS model dilutes signal
https://nookcrm.com,Nook CRM,C6,governance_model,Enables organising action; community tool,IAP2 ladder: involves level,4,12,Limited: enables action but limited formal democratic mechanism
https://library.theengineroom.org,Engine Room Library,C1,political_relevance_summary,Resource library for civil society and advocacy organisations,Moderate power correction in advocacy capacity,4,12,Moderate: capacity building but limited formal mechanism
https://library.theengineroom.org,Engine Room Library,C2,communities_served,Civil society organisations; advocacy groups; Global South NGOs,Named populations with advocacy access,5,20,Moderate: named populations but library-tool framing
https://library.theengineroom.org,Engine Room Library,C3,governance_model,Engine Room community process; civil society co-design,Participatory engagement moderate,5,12,Moderate: civil society process but lifecycle depth unclear
https://library.theengineroom.org,Engine Room Library,C4,outcome_methodology,Tech for advocacy critique; power dynamics in civil society tech,Critical self-examination present,7,20,Good: explicit structural critique of advocacy tech
https://library.theengineroom.org,Engine Room Library,C5,underdog_signal,Engine Room non-profit; Global South civil society focus,Structural underdog signal present,4,6,Good: explicitly Global South civil society orientation
https://library.theengineroom.org,Engine Room Library,C6,governance_model,Informs civil society; enables advocacy action,IAP2 ladder: informs level,3,12,Limited: primarily informing function
https://meta.wikimedia.org/wiki/abstract_wikipedia,Abstract Wikipedia,C1,political_relevance_summary,Language-neutral knowledge for underserved language communities,Moderate epistemic power correction,4,12,Moderate: knowledge equity framing but limited formal mechanism
https://meta.wikimedia.org/wiki/abstract_wikipedia,Abstract Wikipedia,C2,communities_served,Speakers of underrepresented languages; knowledge-excluded communities,Named populations with knowledge access,8,20,Good: named language exclusion mechanism
https://meta.wikimedia.org/wiki/abstract_wikipedia,Abstract Wikipedia,C3,governance_model,Wikimedia Foundation process; volunteer contributor model,Participatory engagement moderate,5,12,Moderate: open contribution but Foundation governance
https://meta.wikimedia.org/wiki/abstract_wikipedia,Abstract Wikipedia,C4,outcome_methodology,Knowledge equity critique; language power dynamics addressed,Critical self-examination moderate,6,20,Moderate: equity framing but limited structural critique depth
https://meta.wikimedia.org/wiki/abstract_wikipedia,Abstract Wikipedia,C5,underdog_signal,Language community focus; counter to English-dominant knowledge,Moderate underdog signal,1,6,Weak: Wikimedia Foundation institutional backing dilutes signal
https://meta.wikimedia.org/wiki/abstract_wikipedia,Abstract Wikipedia,C6,governance_model,Volunteer-contributed knowledge; community-governed,IAP2 ladder: involves/collaborates level,4,12,Moderate: community governance but Wikimedia institutional constraints
https://github.com/mastodon/mastodon,Mastodon,C1,political_relevance_summary,Federated social network resisting corporate surveillance,Moderate power correction via federation,6,12,Good: addresses corporate platform power asymmetry
https://github.com/mastodon/mastodon,Mastodon,C2,communities_served,General social media users; communities excluded from corporate platforms,Named populations but broad framing,4,20,Limited: general user framing; no excluded population specificity
https://github.com/mastodon/mastodon,Mastodon,C3,governance_model,Open source; community instances; volunteer governance,Participatory engagement moderate,4,12,Moderate: instance-level governance but limited design lifecycle
https://github.com/mastodon/mastodon,Mastodon,C4,outcome_methodology,Decentralisation critique of centralised social media power,Critical self-examination moderate,6,20,Good: explicit structural critique of platform power
https://github.com/mastodon/mastodon,Mastodon,C5,underdog_signal,Open source; federated counter-corporate model,Moderate underdog signal,0,6,None: institutionally stable; main instance commercial-adjacent
https://github.com/mastodon/mastodon,Mastodon,C6,governance_model,Federated self-governance; community-moderated instances,IAP2 ladder: collaborates level,7,12,Good: federated community governance model
https://monitormamdani.com/,Monitor Mamdani,C1,political_relevance_summary,Political accountability monitoring for NYC mayoral race,Moderate power correction in political accountability,6,12,Moderate: accountability framing with limited formal mechanism
https://monitormamdani.com/,Monitor Mamdani,C2,communities_served,NYC residents; communities affected by Mamdani platform,Named populations with political accountability access,5,20,Moderate: named geographic community but limited mechanism specificity
https://monitormamdani.com/,Monitor Mamdani,C3,governance_model,Limited documented participatory design,Participatory engagement limited,3,12,Limited: accountability tool without community co-design evidence
https://monitormamdani.com/,Monitor Mamdani,C4,outcome_methodology,Political accountability analysis; power dynamics monitoring,Critical self-examination moderate,5,20,Moderate: accountability framing but limited structural critique
https://monitormamdani.com/,Monitor Mamdani,C5,underdog_signal,Grassroots monitoring tool; counter to political establishment,Structural underdog signal present,5,6,Strong: explicitly counter-establishment accountability tool
https://monitormamdani.com/,Monitor Mamdani,C6,governance_model,Informs voters; enables accountability action,IAP2 ladder: informs level,3,12,Limited: primarily informing function
https://github.com/travisbrown/birdwatch,Community Notes Analysis,C1,political_relevance_summary,Analysis of Twitter/X Community Notes system and its power dynamics,Moderate accountability analysis of platform power,6,12,Good: explicit power analysis of platform-controlled fact-checking
https://github.com/travisbrown/birdwatch,Community Notes Analysis,C2,communities_served,Researchers; journalists; communities affected by platform misinformation,Named populations but research-tool framing,3,20,Limited: analytical tool without community centering
https://github.com/travisbrown/birdwatch,Community Notes Analysis,C3,governance_model,Open source analysis; limited community design,Participatory engagement limited,2,12,Limited: analytical tool without participatory design
https://github.com/travisbrown/birdwatch,Community Notes Analysis,C4,outcome_methodology,Explicit platform power critique; systemic analysis of Community Notes design,Critical self-examination strong,8,20,Strong: explicit structural critique of platform epistemic power
https://github.com/travisbrown/birdwatch,Community Notes Analysis,C5,underdog_signal,Independent researcher; counter-platform analysis,Structural underdog signal present,4,6,Good: independent counter-platform research
https://github.com/travisbrown/birdwatch,Community Notes Analysis,C6,governance_model,Informs platform accountability; analytical tool,IAP2 ladder: informs level,3,12,Limited: primarily informing/analytical function
https://github.com/disarmfoundation/disarmframeworks,DISARM Frameworks,C1,political_relevance_summary,Counter-disinformation framework for information warfare analysis,Moderate power correction in information environment,7,12,Good: addresses disinformation power asymmetry
https://github.com/disarmfoundation/disarmframeworks,DISARM Frameworks,C2,communities_served,Civil society; researchers; communities targeted by disinformation,Named populations but research-tool framing,5,20,Moderate: named populations but limited community centering
https://github.com/disarmfoundation/disarmframeworks,DISARM Frameworks,C3,governance_model,Limited documented community participation in framework design,Participatory engagement limited,3,12,Limited: framework development without documented community co-design
https://github.com/disarmfoundation/disarmframeworks,DISARM Frameworks,C4,outcome_methodology,Disinformation power analysis; adversarial framing documented,Critical self-examination moderate,6,20,Moderate: power analysis present but limited self-critique of framework
https://github.com/disarmfoundation/disarmframeworks,DISARM Frameworks,C5,underdog_signal,Non-profit counter-disinformation focus,Weak underdog signal,1,6,Weak: institutionally stable; security sector adjacent
https://github.com/disarmfoundation/disarmframeworks,DISARM Frameworks,C6,governance_model,Informs counter-disinformation practitioners; limited empowerment mechanism,IAP2 ladder: informs level,3,12,Limited: technical framework without community empowerment
https://granitt.io,Granitt,C1,primary_users_or_beneficiaries,[very limited data],Minimal dossier — cannot assess,3,12,Floor applied: dossier_completeness 0.15
https://granitt.io,Granitt,C2,communities_served,[very limited data],Minimal dossier — cannot assess,1,20,Floor applied: dossier_completeness 0.15
https://granitt.io,Granitt,C3,governance_model,[very limited data],Minimal dossier — cannot assess,1,12,Floor applied: dossier_completeness 0.15
https://granitt.io,Granitt,C4,political_relevance_summary,[very limited data],Minimal dossier — cannot assess,1,20,Floor applied: dossier_completeness 0.15
https://granitt.io,Granitt,C5,underdog_signal,[very limited data],Cannot assess — floor protection active,4,6,Underdog protection: completeness < 0.4
https://granitt.io,Granitt,C6,governance_model,[very limited data],Minimal dossier — cannot assess,3,12,Floor applied: dossier_completeness 0.15
https://hand-written-petition-scanner.streamlit.app,Hand-Written Petition Scanner,C1,political_relevance_summary,Petition accessibility tool for excluded petition signatories,Limited evidence — dead link,5,12,Floor applied: dossier_completeness 0.30; dead link
https://hand-written-petition-scanner.streamlit.app,Hand-Written Petition Scanner,C2,communities_served,Excluded petition signatories; digitally marginalised,Named populations with named exclusion mechanism,4,20,Floor applied: dossier_completeness 0.30
https://hand-written-petition-scanner.streamlit.app,Hand-Written Petition Scanner,C3,governance_model,[limited data],Limited evidence,2,12,Floor applied: dossier_completeness 0.30
https://hand-written-petition-scanner.streamlit.app,Hand-Written Petition Scanner,C4,political_relevance_summary,[limited data],Limited evidence,3,20,Floor applied: dossier_completeness 0.30
https://hand-written-petition-scanner.streamlit.app,Hand-Written Petition Scanner,C5,underdog_signal,[limited data],Cannot assess — floor protection active,6,6,Underdog protection: completeness < 0.4
https://hand-written-petition-scanner.streamlit.app,Hand-Written Petition Scanner,C6,governance_model,[limited data],Limited evidence,4,12,Floor applied: dossier_completeness 0.30
https://ladderhub.org/,Ladder Hub,C1,political_relevance_summary,[limited data],Limited dossier evidence,3,12,Floor applied: dossier_completeness 0.25
https://ladderhub.org/,Ladder Hub,C2,communities_served,Apparent community focus from name/partial data,Cannot fully assess,8,20,Floor applied: dossier_completeness 0.25
https://ladderhub.org/,Ladder Hub,C3,governance_model,[limited data],Limited evidence,1,12,Floor applied: dossier_completeness 0.25
https://ladderhub.org/,Ladder Hub,C4,political_relevance_summary,[limited data],Limited evidence,2,20,Floor applied: dossier_completeness 0.25
https://ladderhub.org/,Ladder Hub,C5,underdog_signal,[limited data],Cannot assess — floor protection active,3,6,Underdog protection: completeness < 0.4
https://ladderhub.org/,Ladder Hub,C6,governance_model,[limited data],Limited evidence,2,12,Floor applied: dossier_completeness 0.25
https://mapping.kids,Mapping.kids,C1,political_relevance_summary,[null],All dossier fields null — cannot assess,2,12,Floor applied: dossier_completeness 0.10
https://mapping.kids,Mapping.kids,C2,communities_served,[null],All dossier fields null — cannot assess,4,20,Floor applied: dossier_completeness 0.10
https://mapping.kids,Mapping.kids,C3,governance_model,[null],All dossier fields null — cannot assess,2,12,Floor applied: dossier_completeness 0.10
https://mapping.kids,Mapping.kids,C4,political_relevance_summary,[null],All dossier fields null — cannot assess,1,20,Floor applied: dossier_completeness 0.10
https://mapping.kids,Mapping.kids,C5,underdog_signal,[null],Cannot assess — floor protection active,6,6,Underdog protection: completeness < 0.4
https://mapping.kids,Mapping.kids,C6,governance_model,[null],All dossier fields null — cannot assess,2,12,Floor applied: dossier_completeness 0.10
https://liberopinion.com,liberopinion.com,C1,political_relevance_summary,[no dossier],No dossier file found — cannot assess,2,12,Floor applied: no dossier; completeness 0.00
https://liberopinion.com,liberopinion.com,C2,communities_served,[no dossier],No dossier file found — cannot assess,2,20,Floor applied: no dossier; completeness 0.00
https://liberopinion.com,liberopinion.com,C3,governance_model,[no dossier],No dossier file found — cannot assess,2,12,Floor applied: no dossier; completeness 0.00
https://liberopinion.com,liberopinion.com,C4,political_relevance_summary,[no dossier],No dossier file found — cannot assess,2,20,Floor applied: no dossier; completeness 0.00
https://liberopinion.com,liberopinion.com,C5,underdog_signal,[no dossier],Cannot assess — floor protection active,6,6,Underdog protection: completeness 0.00
https://liberopinion.com,liberopinion.com,C6,governance_model,[no dossier],No dossier file found — cannot assess,2,12,Floor applied: no dossier; completeness 0.00
https://medium.com/@abscond/membership-a-prototype-ea822b2683b,Membership (prototype),C1,political_relevance_summary,[limited data; 403 access],Limited dossier evidence,3,12,Floor applied: dossier_completeness 0.20
https://medium.com/@abscond/membership-a-prototype-ea822b2683b,Membership (prototype),C2,communities_served,[limited data],Limited evidence,2,20,Floor applied: dossier_completeness 0.20
https://medium.com/@abscond/membership-a-prototype-ea822b2683b,Membership (prototype),C3,governance_model,[limited data],Limited evidence,1,12,Floor applied: dossier_completeness 0.20
https://medium.com/@abscond/membership-a-prototype-ea822b2683b,Membership (prototype),C4,political_relevance_summary,[limited data],Limited evidence,3,20,Floor applied: dossier_completeness 0.20
https://medium.com/@abscond/membership-a-prototype-ea822b2683b,Membership (prototype),C5,underdog_signal,[limited data],Cannot assess — floor protection active,6,6,Underdog protection: completeness < 0.4
https://medium.com/@abscond/membership-a-prototype-ea822b2683b,Membership (prototype),C6,governance_model,[limited data],Limited evidence,4,12,Floor applied: dossier_completeness 0.20
https://medium.com/metagov/introducing-the-agreement-engine-bf03b6d5c16c,Agreement Engine,C1,political_relevance_summary,[limited data; 403 access],Limited dossier — governance tooling framing,3,12,Floor applied: dossier_completeness 0.25
https://medium.com/metagov/introducing-the-agreement-engine-bf03b6d5c16c,Agreement Engine,C2,communities_served,[limited data],Limited evidence,2,20,Floor applied: dossier_completeness 0.25
https://medium.com/metagov/introducing-the-agreement-engine-bf03b6d5c16c,Agreement Engine,C3,governance_model,[limited data],Limited evidence,2,12,Floor applied: dossier_completeness 0.25
https://medium.com/metagov/introducing-the-agreement-engine-bf03b6d5c16c,Agreement Engine,C4,political_relevance_summary,[limited data],Limited evidence,4,20,Floor applied: dossier_completeness 0.25
https://medium.com/metagov/introducing-the-agreement-engine-bf03b6d5c16c,Agreement Engine,C5,underdog_signal,[limited data],Cannot assess — floor protection active,5,6,Underdog protection: completeness < 0.4
https://medium.com/metagov/introducing-the-agreement-engine-bf03b6d5c16c,Agreement Engine,C6,governance_model,[limited data],Limited evidence,5,12,Floor applied: dossier_completeness 0.25
https://local-deep-researcher-hnmh.vercel.app/,Local Deep Researcher,C1,political_relevance_summary,[limited data; 404 access],Minimal dossier — cannot assess,2,12,Floor applied: dossier_completeness 0.20
https://local-deep-researcher-hnmh.vercel.app/,Local Deep Researcher,C2,communities_served,[limited data],Limited evidence,2,20,Floor applied: dossier_completeness 0.20
https://local-deep-researcher-hnmh.vercel.app/,Local Deep Researcher,C3,governance_model,[limited data],Limited evidence,1,12,Floor applied: dossier_completeness 0.20
https://local-deep-researcher-hnmh.vercel.app/,Local Deep Researcher,C4,political_relevance_summary,[limited data],Limited evidence,1,20,Floor applied: dossier_completeness 0.20
https://local-deep-researcher-hnmh.vercel.app/,Local Deep Researcher,C5,underdog_signal,[limited data],Cannot assess — floor protection active,4,6,Underdog protection: completeness < 0.4
https://local-deep-researcher-hnmh.vercel.app/,Local Deep Researcher,C6,governance_model,[limited data],Limited evidence,2,12,Floor applied: dossier_completeness 0.20
https://moralmachine.net,Moral Machine,C1,political_relevance_summary,Crowdsourced AI ethics; public moral data collection,Limited power correction — crowdsourcing without structural change,3,12,Limited: research tool without formal power mechanism
https://moralmachine.net,Moral Machine,C2,communities_served,General public; AI ethics researchers,Named populations but general framing,3,20,Limited: broad public framing; no excluded population centering
https://moralmachine.net,Moral Machine,C3,outcome_methodology,Crowdsourced multi-country data collection; participatory ethics,Participatory engagement present,5,12,Moderate: participatory data collection documented
https://moralmachine.net,Moral Machine,C4,outcome_methodology,AI ethics framing; moral philosophy embedded in methodology,Critical self-examination moderate,7,20,Good: ethical reasoning framework explicitly embedded
https://moralmachine.net,Moral Machine,C5,underdog_signal,Academic research; limited counter-power positioning,Weak underdog signal,0,6,None: MIT institutional backing
https://moralmachine.net,Moral Machine,C6,governance_model,Public participation in AI ethics; involves public in decisions,IAP2 ladder: involves level,5,12,Moderate: involves public but limited empowerment mechanism
https://github.com/ytdl-org/youtube-dl,youtube-dl,C1,political_relevance_summary,Video download tool; resisted MPAA copyright enforcement,Limited power correction — infrastructure tool,5,12,Moderate: copyright resistance framing
https://github.com/ytdl-org/youtube-dl,youtube-dl,C2,communities_served,General users; researchers; archivists,Named populations but broad framing,4,20,Limited: no excluded population focus
https://github.com/ytdl-org/youtube-dl,youtube-dl,C3,governance_model,Open source volunteer community,Participatory engagement moderate,2,12,Limited: volunteer community but no community design
https://github.com/ytdl-org/youtube-dl,youtube-dl,C4,outcome_methodology,Copyright power critique; platform resistance documented,Critical self-examination moderate,4,20,Moderate: implicit power critique in copyright resistance
https://github.com/ytdl-org/youtube-dl,youtube-dl,C5,underdog_signal,Copyright lawsuit target; counter to MPAA/platform power,Strong underdog signal,5,6,Strong: actively targeted by corporate legal action
https://github.com/ytdl-org/youtube-dl,youtube-dl,C6,governance_model,Tool provision; no formal democratic mechanism,IAP2 ladder: informs level,2,12,Limited: technical tool without empowerment mechanism
https://grantnav.threesixtygiving.org,GrantNav,C1,political_relevance_summary,Grant funding transparency for civil society,Moderate power correction in funding data,5,12,Moderate: funding transparency reduces information asymmetry
https://grantnav.threesixtygiving.org,GrantNav,C2,communities_served,Civil society organisations; grant seekers; small NGOs,Named populations with funding data access,3,20,Limited: general civil society framing
https://grantnav.threesixtygiving.org,GrantNav,C3,governance_model,360Giving open data community; limited participatory design,Participatory engagement limited,3,12,Limited: data community but limited community co-design
https://grantnav.threesixtygiving.org,GrantNav,C4,outcome_methodology,Funding transparency critique; funder power acknowledged,Critical self-examination moderate,5,20,Moderate: transparency critique present
https://grantnav.threesixtygiving.org,GrantNav,C5,underdog_signal,Civil society data tool; 360Giving non-profit,Moderate underdog signal,3,6,Moderate: civil society mission
https://grantnav.threesixtygiving.org,GrantNav,C6,governance_model,Informs grant seekers; enables applications,IAP2 ladder: informs level,3,12,Limited: primarily informing function
https://joss.theoj.org,JOSS,C1,political_relevance_summary,Open access journal for research software,Moderate power correction in academic publishing,4,12,Moderate: open access corrects academic publishing asymmetry
https://joss.theoj.org,JOSS,C2,communities_served,Open source software developers; researchers excluded from traditional publishing,Named populations with open access mechanism,2,20,Limited: academic community framing
https://joss.theoj.org,JOSS,C3,governance_model,Open review process; community peer review,Participatory design present,5,12,Good: open community review model
https://joss.theoj.org,JOSS,C4,outcome_methodology,Academic publishing power critique; open access framing,Critical self-examination moderate,5,20,Moderate: publishing power critique present
https://joss.theoj.org,JOSS,C5,underdog_signal,Non-profit open access; counter to academic publishing gatekeepers,Moderate underdog signal,2,6,Moderate: open access counter-power positioning
https://joss.theoj.org,JOSS,C6,governance_model,Open review process; community-governed publishing,IAP2 ladder: involves level,4,12,Moderate: community involvement in review
https://gordonguthrie.github.io/frankensteinbill,Frankenstein Bill,C1,political_relevance_summary,Legislative transparency tool showing composite bill sources,Moderate power correction in legislative transparency,5,12,Moderate: transparency reduces information asymmetry
https://gordonguthrie.github.io/frankensteinbill,Frankenstein Bill,C2,communities_served,Citizens excluded from understanding complex legislation,Named populations with named exclusion mechanism (legislative opacity),1,20,Limited: general citizen framing
https://gordonguthrie.github.io/frankensteinbill,Frankenstein Bill,C3,governance_model,Open source individual project; limited community design,Participatory engagement limited,3,12,Limited: individual project without community lifecycle
https://gordonguthrie.github.io/frankensteinbill,Frankenstein Bill,C4,outcome_methodology,Legislative power critique; complexity-as-obfuscation analysis,Critical self-examination present,5,20,Moderate: legislative power critique
https://gordonguthrie.github.io/frankensteinbill,Frankenstein Bill,C5,underdog_signal,Independent developer; counter-legislative opacity,Structural underdog signal present,5,6,Strong: individual counter-power tool against legislative complexity
https://gordonguthrie.github.io/frankensteinbill,Frankenstein Bill,C6,governance_model,Informs citizens about legislation; transparency tool,IAP2 ladder: informs level,2,12,Limited: primarily informing function
https://gov.uk/find-local-consultations,Find Local Consultations,C1,political_relevance_summary,Government tool enabling citizens to find local consultations,Moderate power correction in consultation access,5,12,Moderate: formal consultation access but government-owned
https://gov.uk/find-local-consultations,Find Local Consultations,C2,communities_served,Citizens excluded from consultation awareness; local communities,Named populations with consultation access,4,20,Moderate: general citizen framing
https://gov.uk/find-local-consultations,Find Local Consultations,C3,governance_model,Government service; limited community co-design evidence,Participatory engagement limited,3,12,Limited: government tool without community design
https://gov.uk/find-local-consultations,Find Local Consultations,C4,documented_limitations,Limited critique of consultation power dynamics,Critical self-examination limited,4,20,Limited: government framing without structural power critique
https://gov.uk/find-local-consultations,Find Local Consultations,C5,underdog_signal,Government-built tool; limited underdog signal,No underdog signal,0,6,None: government-owned tool
https://gov.uk/find-local-consultations,Find Local Consultations,C6,governance_model,Informs citizens about consultations; enables participation,IAP2 ladder: informs/consults level,5,12,Moderate: formal consultation gateway
https://logos.co/,Logos,C1,political_relevance_summary,Privacy-preserving decentralised communication,Moderate power correction via decentralisation,4,12,Moderate: decentralisation framing but limited formal mechanism
https://logos.co/,Logos,C2,communities_served,Privacy-conscious users; activists in censored environments,Named populations but limited specificity,2,20,Limited: general privacy framing
https://logos.co/,Logos,C3,governance_model,Decentralised autonomous organisation model,Participatory engagement limited,2,12,Limited: DAO model without documented community lifecycle
https://logos.co/,Logos,C4,political_relevance_summary,Censorship resistance critique; state surveillance critique,Critical self-examination moderate,4,20,Moderate: privacy/censorship critique present
https://logos.co/,Logos,C5,underdog_signal,Web3 counter-surveillance positioning; censorship resistance,Structural underdog signal present,4,6,Good: explicitly counter-surveillance/censorship
https://logos.co/,Logos,C6,governance_model,Enables private communication; censorship resistance,IAP2 ladder: empowers level (structural),4,12,Moderate: structural empowerment but no participatory mechanism
https://membersinterests.org.uk,Members' Interests,C1,political_relevance_summary,Parliamentary financial interests transparency tool,Moderate power correction in political accountability,7,12,Good: addresses financial opacity of elected officials
https://membersinterests.org.uk,Members' Interests,C2,communities_served,Citizens excluded from knowledge of MP financial interests,Named populations but general civic framing,3,20,Limited: general public framing
https://membersinterests.org.uk,Members' Interests,C3,governance_model,mySociety open data tool; limited community design,Participatory engagement limited,1,12,Limited: technical accountability tool
https://membersinterests.org.uk,Members' Interests,C4,outcome_methodology,Parliamentary power critique; financial conflict of interest analysis,Critical self-examination present,5,20,Moderate: accountability critique present
https://membersinterests.org.uk,Members' Interests,C5,underdog_signal,Civil society accountability tool; counter to parliamentary opacity,Moderate underdog signal,1,6,Weak: mySociety institutional backing
https://membersinterests.org.uk,Members' Interests,C6,governance_model,Informs public about MP interests; enables accountability,IAP2 ladder: informs level,3,12,Limited: primarily informing function
https://github.com/ribenamaplesyrup/sugartrail,Sugartrail,C1,political_relevance_summary,Corporate network investigation tool for supply chains,Moderate power correction in corporate opacity,5,12,Moderate: corporate opacity analysis without formal mechanism
https://github.com/ribenamaplesyrup/sugartrail,Sugartrail,C2,communities_served,Investigative journalists; researchers; accountability campaigners,Named populations but researcher framing,2,20,Limited: specialist tool; limited community centering
https://github.com/ribenamaplesyrup/sugartrail,Sugartrail,C3,governance_model,Individual developer project; open source,Participatory engagement limited,1,12,Limited: individual project without community design
https://github.com/ribenamaplesyrup/sugartrail,Sugartrail,C4,outcome_methodology,Corporate power analysis; intra-class network critique,Critical self-examination moderate,3,20,Limited: analytical tool without self-critique depth
https://github.com/ribenamaplesyrup/sugartrail,Sugartrail,C5,underdog_signal,Individual counter-corporate accountability tool,Structural underdog signal present,6,6,Maximum: individual developer challenging corporate opacity
https://github.com/ribenamaplesyrup/sugartrail,Sugartrail,C6,governance_model,Informs corporate accountability investigations,IAP2 ladder: informs level,2,12,Limited: analytical tool without empowerment mechanism
https://kialo.com,Kialo,C1,political_relevance_summary,Structured debate platform for civic deliberation,Moderate power correction in civic debate access,4,12,Moderate: deliberation framing without structural mechanism
https://kialo.com,Kialo,C2,communities_served,Debate participants; civic deliberation users,Named populations but broad framing,2,20,Limited: general user framing
https://kialo.com,Kialo,C3,governance_model,Platform-mediated debate; limited community design,Participatory engagement moderate,3,12,Moderate: structured participation but commercial platform
https://kialo.com,Kialo,C4,outcome_methodology,Deliberative framing; argument structure transparency,Critical self-examination limited,4,20,Limited: structured debate without power critique
https://kialo.com,Kialo,C5,underdog_signal,Commercial platform; limited underdog signal,Weak underdog signal,1,6,Weak: commercial SaaS model
https://kialo.com,Kialo,C6,governance_model,Structured debate participation; involves in deliberation,IAP2 ladder: involves level,5,12,Moderate: structured civic deliberation
https://navigator.oii.ox.ac.uk,DemTech Navigator,C1,political_relevance_summary,Civic tech landscape navigation for democratic technology,Moderate power correction in civic tech knowledge access,4,12,Moderate: knowledge access but academic framing
https://navigator.oii.ox.ac.uk,DemTech Navigator,C2,communities_served,Civic tech practitioners; democratic technology researchers,Named populations but specialist framing,3,20,Limited: specialist tool framing
https://navigator.oii.ox.ac.uk,DemTech Navigator,C3,governance_model,OII research project; limited community co-design,Participatory engagement limited,3,12,Limited: academic research project
https://navigator.oii.ox.ac.uk,DemTech Navigator,C4,outcome_methodology,Civic tech power analysis; democratic technology critique embedded,Critical self-examination moderate,5,20,Moderate: democratic technology critique
https://navigator.oii.ox.ac.uk,DemTech Navigator,C5,underdog_signal,Academic research tool; limited underdog signal,Weak underdog signal,2,6,Limited: OII institutional backing
https://navigator.oii.ox.ac.uk,DemTech Navigator,C6,governance_model,Informs civic tech practitioners; navigation tool,IAP2 ladder: informs level,2,12,Limited: primarily informing function
https://oa.report,OA.Report,C1,political_relevance_summary,Open access compliance reporting for academic publishing,Moderate power correction in academic publishing,4,12,Moderate: open access framing
https://oa.report,OA.Report,C2,communities_served,Researchers; institutions; open access advocates,Named populations but academic framing,3,20,Limited: academic community framing
https://oa.report,OA.Report,C3,governance_model,Open source tool; academic community,Participatory engagement limited,2,12,Limited: academic tool without community lifecycle
https://oa.report,OA.Report,C4,outcome_methodology,Publishing power critique; open access rights framing,Critical self-examination moderate,4,20,Moderate: open access critique present
https://oa.report,OA.Report,C5,underdog_signal,Open access advocacy tool; counter to academic paywalls,Moderate underdog signal,3,6,Moderate: counter to paywall power
https://oa.report,OA.Report,C6,governance_model,Reporting tool; informs institutions about compliance,IAP2 ladder: informs level,2,12,Limited: primarily informing function
https://nymtech.net,Nym,C1,political_relevance_summary,Privacy network infrastructure resisting surveillance,Moderate power correction via privacy protection,5,12,Moderate: surveillance resistance framing
https://nymtech.net,Nym,C2,communities_served,Privacy-conscious users; activists in surveilled environments,Named populations but limited specificity,3,20,Limited: general privacy framing
https://nymtech.net,Nym,C3,governance_model,Decentralised protocol; limited community design,Participatory engagement limited,2,12,Limited: technical protocol without community lifecycle
https://nymtech.net,Nym,C4,political_relevance_summary,Surveillance critique; privacy rights framing,Critical self-examination moderate,4,20,Moderate: privacy/surveillance critique
https://nymtech.net,Nym,C5,underdog_signal,Counter-surveillance technical tool; Web3 positioning,Weak underdog signal,0,6,None: commercial/Web3 funding model
https://nymtech.net,Nym,C6,governance_model,Protocol-level privacy; structural empowerment via anonymisation,IAP2 ladder: empowers level (structural),3,12,Limited: structural empowerment but no participatory mechanism
https://harmonica.chat/,Harmonica,C1,political_relevance_summary,AI-facilitated stakeholder engagement,Limited power correction — AI mediation concerns,3,12,Limited: AI mediation may reinforce not correct power asymmetry
https://harmonica.chat/,Harmonica,C2,communities_served,Stakeholder engagement participants; civic participants,Named populations but generic framing,2,20,Limited: general stakeholder framing
https://harmonica.chat/,Harmonica,C3,governance_model,Multi-stage deliberation support; facilitated engagement,Participatory engagement present,5,12,Moderate: multi-stage facilitation documented
https://harmonica.chat/,Harmonica,C4,documented_limitations,Limited self-critique of AI epistemic authority,Critical self-examination limited,4,20,Limited: AI framing without adequate power critique
https://harmonica.chat/,Harmonica,C5,underdog_signal,Limited underdog signal; commercial orientation,Weak underdog signal,2,6,Limited: commercial AI tool
https://harmonica.chat/,Harmonica,C6,governance_model,Facilitates multi-stakeholder deliberation; involves participants,IAP2 ladder: involves level,5,12,Moderate: structured involvement
https://harmonica.chat/,Harmonica,M4,governance_model,AI collecting/synthesising stakeholder views without transparent governance,-6: surveillance/profiling capacity increase without governance,-6,,M4 applied
https://numfocus.org,NumFOCUS,C1,political_relevance_summary,Non-profit supporting open source scientific computing,Limited power correction in academic software,3,12,Limited: academic infrastructure without structural power mechanism
https://numfocus.org,NumFOCUS,C2,communities_served,Open source scientific software developers; researchers,Named populations but academic framing,2,20,Limited: academic community framing
https://numfocus.org,NumFOCUS,C3,governance_model,Non-profit fiscal sponsorship; community governance,Participatory engagement moderate,4,12,Moderate: fiscal sponsor model enables community governance
https://numfocus.org,NumFOCUS,C4,outcome_methodology,Open source sustainability critique; academic publishing power,Critical self-examination moderate,4,20,Moderate: open source sustainability framing
https://numfocus.org,NumFOCUS,C5,underdog_signal,Non-profit counter-academic-commercial model,Weak underdog signal,0,6,None: institutionally stable; academic sector adjacent
https://numfocus.org,NumFOCUS,C6,governance_model,Community governance of projects; fiscal sponsorship model,IAP2 ladder: involves level,3,12,Limited: governance infrastructure without empowerment mechanism
https://globalfactcheck.bot/,Global Fact-Check Bot,C1,political_relevance_summary,AI fact-checking bot for global misinformation,Limited power correction — epistemic authority concerns,5,12,Moderate: addresses misinformation but AI authority concerns
https://globalfactcheck.bot/,Global Fact-Check Bot,C2,communities_served,General public; communities targeted by misinformation,Named populations but broad framing,3,20,Limited: general public framing
https://globalfactcheck.bot/,Global Fact-Check Bot,C3,governance_model,Limited documented community participation,Participatory engagement limited,3,12,Limited: bot tool without community lifecycle
https://globalfactcheck.bot/,Global Fact-Check Bot,C4,outcome_methodology,Misinformation power critique; epistemic authority acknowledged,Critical self-examination limited,6,20,Moderate: some power critique but AI authority unaddressed
https://globalfactcheck.bot/,Global Fact-Check Bot,C5,underdog_signal,Civil society counter-misinformation focus,Weak underdog signal,0,6,None: institutional backing dilutes signal
https://globalfactcheck.bot/,Global Fact-Check Bot,C6,governance_model,Informs public about misinformation; passive tool,IAP2 ladder: informs level,3,12,Limited: primarily informing function
https://globalfactcheck.bot/,Global Fact-Check Bot,M4,governance_model,AI fact-checking expanding epistemic authority without clear governance,-6: profiling/epistemic capacity increase without governance,-6,,M4 applied
https://mapit.mysociety.org,MapIt,C1,political_relevance_summary,Geographic boundary API for civic applications,Limited power correction — infrastructure tool,3,12,Limited: technical infrastructure without structural mechanism
https://mapit.mysociety.org,MapIt,C2,communities_served,Civic tech developers; geographic data users,Named populations but developer framing,1,20,Limited: developer tool framing
https://mapit.mysociety.org,MapIt,C3,governance_model,mySociety open source; community data,Participatory engagement limited,3,12,Limited: mySociety community but tool-level design
https://mapit.mysociety.org,MapIt,C4,outcome_methodology,Civic infrastructure framing; geographic data transparency,Critical self-examination limited,3,20,Limited: infrastructure tool without power critique
https://mapit.mysociety.org,MapIt,C5,underdog_signal,mySociety non-profit; civic data commons,Moderate underdog signal,3,6,Moderate: non-profit civic data commons
https://mapit.mysociety.org,MapIt,C6,governance_model,Infrastructure enabling civic applications,IAP2 ladder: informs level,2,12,Limited: technical infrastructure without empowerment mechanism
https://metaculus.com,Metaculus,C1,political_relevance_summary,Prediction platform for civic and policy forecasting,Limited power correction — forecasting framing,3,12,Limited: prediction market without structural power mechanism
https://metaculus.com,Metaculus,C2,communities_served,Forecasters; policy researchers; civic prediction users,Named populations but specialist framing,1,20,Limited: specialist forecasting community
https://metaculus.com,Metaculus,C3,governance_model,Platform-mediated forecasting; limited community design,Participatory engagement limited,2,12,Limited: platform mediation without community lifecycle
https://metaculus.com,Metaculus,C4,outcome_methodology,Prediction accuracy framing; limited power critique,Critical self-examination limited,4,20,Limited: epistemic framework without structural power critique
https://metaculus.com,Metaculus,C5,underdog_signal,Non-profit forecasting; limited counter-power positioning,Moderate underdog signal,2,6,Limited: non-profit but prediction market framing
https://metaculus.com,Metaculus,C6,governance_model,Involves forecasters in civic prediction; community forecasting,IAP2 ladder: involves level,3,12,Moderate: community forecasting involvement
https://nestr.io,Nestr,C1,political_relevance_summary,Organisational governance and role clarity tool,Limited power correction in organisational governance,2,12,Limited: internal governance tool without structural mechanism
https://nestr.io,Nestr,C2,communities_served,Organisations; teams; governance participants,Named populations but organisational framing,1,20,Limited: organisational tool framing
https://nestr.io,Nestr,C3,governance_model,Organisational design; participatory role definition,Participatory engagement moderate,2,12,Limited: participatory within organisations but limited scope
https://nestr.io,Nestr,C4,outcome_methodology,Organisational power critique; role clarity and accountability,Critical self-examination limited,2,20,Limited: organisational governance without structural critique
https://nestr.io,Nestr,C5,underdog_signal,Open source organisational governance tool,Moderate underdog signal,3,6,Moderate: open source governance tool
https://nestr.io,Nestr,C6,governance_model,Enables organisational self-governance; empowers within structure,IAP2 ladder: collaborates/empowers (internal),5,12,Moderate: internal empowerment mechanism
https://github.com/notchia/dao-governance-surfaces,DAO Governance Surfaces,C1,political_relevance_summary,DAO governance analysis and surface mapping,Limited power correction — technical analysis,3,12,Limited: analytical tool without structural mechanism
https://github.com/notchia/dao-governance-surfaces,DAO Governance Surfaces,C2,communities_served,DAO researchers; governance analysts,Named populations but specialist framing,1,20,Limited: specialist research tool
https://github.com/notchia/dao-governance-surfaces,DAO Governance Surfaces,C3,governance_model,Academic research; limited community design,Participatory engagement limited,1,12,Limited: academic tool without community lifecycle
https://github.com/notchia/dao-governance-surfaces,DAO Governance Surfaces,C4,outcome_methodology,DAO governance critique; power surface analysis,Critical self-examination moderate,4,20,Moderate: governance critique present
https://github.com/notchia/dao-governance-surfaces,DAO Governance Surfaces,C5,underdog_signal,Independent researcher; counter-DAO power analysis,Structural underdog signal present,6,6,Maximum: independent critique of DAO power structures
https://github.com/notchia/dao-governance-surfaces,DAO Governance Surfaces,C6,governance_model,Technical analysis; informs DAO governance practitioners,IAP2 ladder: informs level,2,12,Limited: analytical tool without empowerment mechanism
https://github.com/notchia/dao-governance-surfaces,DAO Governance Surfaces,M6,governance_model,Technical blockchain analysis without community engagement framing,-3: purely technical framing bypassing political/governance,-3,,M6 applied
https://github.com/mikekelly/policy-dojo,UK Policy Dojo,C1,political_relevance_summary,AI policy deliberation tool,Limited power correction — AI-only deliberation concerns,2,12,Limited: AI-only framing may reinforce not correct power asymmetry
https://github.com/mikekelly/policy-dojo,UK Policy Dojo,C2,communities_served,Policy practitioners; AI tool users,Named populations but specialist framing,1,20,Limited: specialist tool framing
https://github.com/mikekelly/policy-dojo,UK Policy Dojo,C3,governance_model,AI-facilitated deliberation; limited community design,Participatory engagement limited,1,12,Limited: AI replacement of deliberation
https://github.com/mikekelly/policy-dojo,UK Policy Dojo,C4,outcome_methodology,Policy deliberation critique; some power analysis,Critical self-examination limited,4,20,Limited: some policy critique but AI authority unaddressed
https://github.com/mikekelly/policy-dojo,UK Policy Dojo,C5,underdog_signal,Open source policy tool; individual developer,Structural underdog signal present,5,6,Strong: individual developer counter-establishment tool
https://github.com/mikekelly/policy-dojo,UK Policy Dojo,C6,governance_model,AI deliberation; limited human empowerment mechanism,IAP2 ladder: informs level,3,12,Limited: AI-mediated without formal empowerment
https://github.com/mikekelly/policy-dojo,UK Policy Dojo,M6,governance_model,AI-only policy deliberation bypassing democratic governance,-4: purely technical framing bypassing political/governance,-4,,M6 applied
https://github.com/propublica/django-collaborative,django-collaborative,C1,political_relevance_summary,Collaborative data journalism tool for ProPublica,Limited power correction — journalism infrastructure,4,12,Moderate: investigative journalism framing
https://github.com/propublica/django-collaborative,django-collaborative,C2,communities_served,Journalists; data reporters; collaborative investigation teams,Named populations but journalist framing,2,20,Limited: professional tool framing
https://github.com/propublica/django-collaborative,django-collaborative,C3,governance_model,Open source ProPublica tool; limited community design,Participatory engagement limited,2,12,Limited: journalism tool without community lifecycle
https://github.com/propublica/django-collaborative,django-collaborative,C4,outcome_methodology,Investigative journalism power critique; limited self-critique,Critical self-examination limited,4,20,Moderate: investigative framing but limited structural critique
https://github.com/propublica/django-collaborative,django-collaborative,C5,underdog_signal,Open source investigative journalism tool,Moderate underdog signal,1,6,Weak: ProPublica institutional backing
https://github.com/propublica/django-collaborative,django-collaborative,C6,governance_model,Technical tip-gathering; informs journalists,IAP2 ladder: informs level,2,12,Limited: technical tool without empowerment mechanism
https://github.com/propublica/django-collaborative,django-collaborative,M6,governance_model,Technical tip-gathering tool framing without governance dimension,-3: purely technical framing bypassing political/governance,-3,,M6 applied
https://github.com/kazad/pastecal,Pastecal,C1,political_relevance_summary,[minimal relevance],Calendar sharing tool; limited civic relevance,1,12,Limited: utility tool without power mechanism
https://github.com/kazad/pastecal,Pastecal,C2,communities_served,[minimal relevance],General tool users; no excluded population focus,1,20,Limited: no community centering
https://github.com/kazad/pastecal,Pastecal,C3,governance_model,[minimal relevance],Open source utility,Participatory engagement absent,1,12,Limited: utility tool
https://github.com/kazad/pastecal,Pastecal,C4,political_relevance_summary,[minimal relevance],Limited civic/political relevance,Critical self-examination absent,1,20,Limited: utility tool without power critique
https://github.com/kazad/pastecal,Pastecal,C5,underdog_signal,Open source utility tool,Moderate underdog signal,6,6,Maximum: minimal institutional backing
https://github.com/kazad/pastecal,Pastecal,C6,governance_model,[minimal relevance],No democratic mechanism,IAP2 ladder: not applicable,2,12,Limited: utility tool
https://idealist.org,Idealist,C1,political_relevance_summary,Non-profit job board and volunteer matching,Limited power correction in non-profit sector access,3,12,Limited: job board without structural power mechanism
https://idealist.org,Idealist,C2,communities_served,Non-profit sector workers; volunteers; social sector job seekers,Named populations but job-board framing,3,20,Limited: sector tool framing
https://idealist.org,Idealist.org,C3,governance_model,Platform-mediated matching; limited community design,Participatory engagement limited,2,12,Limited: platform tool without community lifecycle
https://idealist.org,Idealist,C4,outcome_methodology,Social sector critique; limited structural power analysis,Critical self-examination limited,2,20,Limited: sector framing without structural critique
https://idealist.org,Idealist,C5,underdog_signal,Non-profit sector focus,Weak underdog signal,0,6,None: commercial platform model
https://idealist.org,Idealist,C6,governance_model,Connects non-profits and volunteers; informs sector,IAP2 ladder: informs level,2,12,Limited: primarily matching/informing function
https://github.com/cverluise/patcit,PatCit,C1,political_relevance_summary,Patent citation dataset for academic research,Limited power correction — technical dataset,3,12,Limited: academic dataset without structural mechanism
https://github.com/cverluise/patcit,PatCit,C2,communities_served,Patent researchers; academic economists,Named populations but specialist framing,1,20,Limited: specialist academic tool
https://github.com/cverluise/patcit,PatCit,C3,governance_model,Open dataset; academic community,Participatory engagement limited,1,12,Limited: dataset without community lifecycle
https://github.com/cverluise/patcit,PatCit,C4,outcome_methodology,Patent system critique partially implied,Critical self-examination limited,3,20,Limited: dataset without power critique
https://github.com/cverluise/patcit,PatCit,C5,underdog_signal,Academic open data; counter to patent opacity,Structural underdog signal present,5,6,Strong: open data counter to patent system opacity
https://github.com/cverluise/patcit,PatCit,C6,governance_model,Open dataset; informs patent research,IAP2 ladder: informs level,1,12,Limited: purely technical dataset
https://github.com/cverluise/patcit,PatCit,M6,governance_model,Purely technical patent citation dataset; no governance engagement,-4: purely technical framing bypassing political/governance,-4,,M6 applied
https://github.com/vbuterin/dao,The DAO (Standard DAO Framework),C1,political_relevance_summary,Smart contract DAO framework,Limited power correction — technical mechanism,2,12,Limited: technical governance without equity mechanism
https://github.com/vbuterin/dao,The DAO (Standard DAO Framework),C2,communities_served,DAO participants; crypto-governance users,Named populations but specialist framing,1,20,Limited: specialist crypto-governance framing
https://github.com/vbuterin/dao,The DAO (Standard DAO Framework),C3,governance_model,Smart contract governance; limited community design,Participatory engagement limited,1,12,Limited: technical mechanism without community lifecycle
https://github.com/vbuterin/dao,The DAO (Standard DAO Framework),C4,outcome_methodology,DAO governance critique partially present; hack aftermath,Critical self-examination limited,2,20,Limited: historical context but limited structural critique
https://github.com/vbuterin/dao,The DAO (Standard DAO Framework),C5,underdog_signal,Open source crypto-governance; early Web3,Moderate underdog signal,4,6,Moderate: early open source positioning
https://github.com/vbuterin/dao,The DAO (Standard DAO Framework),C6,governance_model,Smart contract voting; formal mechanism but limited accessibility,IAP2 ladder: collaborates (technical),4,12,Moderate: formal mechanism but accessibility barriers
https://github.com/vbuterin/dao,The DAO (Standard DAO Framework),M6,governance_model,Technical smart contract mechanism without adequate governance analysis,-4: purely technical framing bypassing political/governance,-4,,M6 applied
https://github.com/sentinelteam/grim,GRIM (Global Risk Simulator),C1,political_relevance_summary,Global risk simulation for policy analysis,Limited power correction — simulation tool,2,12,Limited: technical simulation without structural mechanism
https://github.com/sentinelteam/grim,GRIM (Global Risk Simulator),C2,communities_served,Policy researchers; risk analysts,Named populations but specialist framing,1,20,Limited: specialist tool framing
https://github.com/sentinelteam/grim,GRIM (Global Risk Simulator),C3,governance_model,Academic/research project; limited community design,Participatory engagement limited,1,12,Limited: simulation tool without community lifecycle
https://github.com/sentinelteam/grim,GRIM (Global Risk Simulator),C4,outcome_methodology,Risk analysis framing; limited power critique,Critical self-examination limited,4,20,Moderate: some systems analysis but limited power critique
https://github.com/sentinelteam/grim,GRIM (Global Risk Simulator),C5,underdog_signal,Open source risk simulation,Moderate underdog signal,4,6,Moderate: open source positioning
https://github.com/sentinelteam/grim,GRIM (Global Risk Simulator),C6,governance_model,Technical simulation; informs policy analysis,IAP2 ladder: informs level,2,12,Limited: primarily technical tool
https://github.com/sentinelteam/grim,GRIM (Global Risk Simulator),M6,governance_model,Technical simulation framing with no governance dimension,-4: purely technical framing bypassing political/governance,-4,,M6 applied
https://github.com/thicknavyrain/uk_elections_leaflets,UK Elections Leaflets,C1,political_relevance_summary,Election leaflet archive for political accountability,Limited power correction — archival tool,3,12,Limited: archival tool without structural mechanism
https://github.com/thicknavyrain/uk_elections_leaflets,UK Elections Leaflets,C2,communities_served,Researchers; voters; political accountability trackers,Named populations but researcher framing,1,20,Limited: researcher tool framing
https://github.com/thicknavyrain/uk_elections_leaflets,UK Elections Leaflets,C3,governance_model,Hackathon project; limited community design,Participatory engagement limited,1,12,Limited: hackathon project without community lifecycle
https://github.com/thicknavyrain/uk_elections_leaflets,UK Elections Leaflets,C4,outcome_methodology,Election transparency framing; political accountability,Critical self-examination limited,2,20,Limited: transparency framing without structural critique
https://github.com/thicknavyrain/uk_elections_leaflets,UK Elections Leaflets,C5,underdog_signal,Grassroots hackathon project; individual counter-power,Structural underdog signal present,5,6,Strong: individual/grassroots counter-electoral opacity
https://github.com/thicknavyrain/uk_elections_leaflets,UK Elections Leaflets,C6,governance_model,Archives election materials; informs accountability,IAP2 ladder: informs level,1,12,Limited: archival tool without empowerment mechanism
https://github.com/thicknavyrain/uk_elections_leaflets,UK Elections Leaflets,M6,governance_model,Technical hackathon data project without community engagement,-3: purely technical framing bypassing political/governance,-3,,M6 applied
https://localinsight.org,Local Insight,C1,political_relevance_summary,Local area data intelligence for community organisations,Moderate power correction in local data access,3,12,Limited: data tool without structural power mechanism
https://localinsight.org,Local Insight,C2,communities_served,Community organisations; local authorities; social sector,Named populations but institutional framing,2,20,Limited: institutional tool framing
https://localinsight.org,Local Insight,C3,governance_model,Limited documented community participatory design,Participatory engagement limited,1,12,Limited: data tool without community lifecycle
https://localinsight.org,Local Insight,C4,outcome_methodology,Local data equity framing; limited structural critique,Critical self-examination limited,2,20,Limited: data framing without power critique
https://localinsight.org,Local Insight,C5,underdog_signal,Limited underdog signal; commercial tool,Weak underdog signal,0,6,None: commercial data platform
https://localinsight.org,Local Insight,C6,governance_model,Informs community organisations; data access tool,IAP2 ladder: informs level,2,12,Limited: data provision without empowerment mechanism
https://manifold.markets,Manifold Markets,C1,political_relevance_summary,Prediction market for civic and political questions,Limited power correction — market mechanism concerns,3,12,Limited: market mechanism may reinforce not correct power asymmetry
https://manifold.markets,Manifold Markets,C2,communities_served,General prediction market participants,Named populations but general framing,1,20,Limited: no excluded population centering
https://manifold.markets,Manifold Markets,C3,governance_model,Platform-mediated markets; limited community design,Participatory engagement limited,1,12,Limited: market platform without community lifecycle
https://manifold.markets,Manifold Markets,C4,outcome_methodology,Prediction market critique; epistemic framing,Critical self-examination limited,3,20,Limited: market framing without structural critique
https://manifold.markets,Manifold Markets,C5,underdog_signal,Open source prediction market; counter-mainstream,Weak underdog signal,0,6,None: commercial market model
https://manifold.markets,Manifold Markets,C6,governance_model,Market participation in civic questions; involves via markets,IAP2 ladder: involves level,4,12,Moderate: involvement mechanism but market framing
https://manifold.markets,Manifold Markets,M6,governance_model,Market mechanism framing treats civic information as tradeable commodity,-3: purely technical framing bypassing political/governance,-3,,M6 applied
https://github.com/tulir/whatsmeow,whatsmeow,C1,political_relevance_summary,WhatsApp Go library for messaging applications,No power correction — technical library,2,12,Limited: technical library without structural mechanism
https://github.com/tulir/whatsmeow,whatsmeow,C2,communities_served,Developers building WhatsApp integrations,Named populations but developer framing,1,20,Limited: developer tool framing
https://github.com/tulir/whatsmeow,whatsmeow,C3,governance_model,Open source library; individual maintainer,Participatory engagement absent,1,12,Limited: technical library without community lifecycle
https://github.com/tulir/whatsmeow,whatsmeow,C4,political_relevance_summary,No political framing; technical library,Critical self-examination absent,1,20,Limited: no political or power critique
https://github.com/tulir/whatsmeow,whatsmeow,C5,underdog_signal,Open source; counter to WhatsApp lock-in,Structural underdog signal present,5,6,Strong: open source against platform lock-in
https://github.com/tulir/whatsmeow,whatsmeow,C6,governance_model,No democratic mechanism,IAP2 ladder: not applicable,1,12,Limited: technical library
https://github.com/tulir/whatsmeow,whatsmeow,M6,governance_model,Technical WhatsApp API library; no political or governance dimension,-3: purely technical framing bypassing political/governance,-3,,M6 applied
https://greenpt.ai/,GreenPT,C1,political_relevance_summary,Green AI tool for environmental data,Limited power correction — technical AI tool,2,12,Limited: environmental AI framing without structural mechanism
https://greenpt.ai/,GreenPT,C2,communities_served,Environmental researchers; green tech users,Named populations but specialist framing,1,20,Limited: specialist tool framing
https://greenpt.ai/,GreenPT,C3,governance_model,AI tool; limited community design,Participatory engagement limited,1,12,Limited: AI tool without community lifecycle
https://greenpt.ai/,GreenPT,C4,political_relevance_summary,Environmental/privacy framing; limited power critique,Critical self-examination limited,3,20,Limited: environmental framing without structural critique
https://greenpt.ai/,GreenPT,C5,underdog_signal,Open source green AI tool,Moderate underdog signal,3,6,Moderate: open source environmental positioning
https://greenpt.ai/,GreenPT,C6,governance_model,Technical tool; no democratic mechanism,IAP2 ladder: not applicable,1,12,Limited: technical tool
https://greenpt.ai/,GreenPT,M6,governance_model,Technical environmental/privacy framing without governance analysis,-3: purely technical framing bypassing political/governance,-3,,M6 applied
https://github.com/bluesky-social,Bluesky Social,C1,political_relevance_summary,Decentralised social network with AT Protocol,Moderate power correction via decentralisation,3,12,Moderate: decentralisation framing but VC-backed commercial platform
https://github.com/bluesky-social,Bluesky Social,C2,communities_served,General social media users,Named populations but broad framing,2,20,Limited: no excluded population centering
https://github.com/bluesky-social,Bluesky Social,C3,governance_model,Open source; limited community co-design,Participatory engagement limited,1,12,Limited: open source but commercial development model
https://github.com/bluesky-social,Bluesky Social,C4,outcome_methodology,Platform power critique; decentralisation framing,Critical self-examination limited,2,20,Limited: decentralisation critique without power analysis depth
https://github.com/bluesky-social,Bluesky Social,C5,underdog_signal,No underdog signal; VC-backed commercial platform,No underdog signal,0,6,None: Twitter/VC origin and backing
https://github.com/bluesky-social,Bluesky Social,C6,governance_model,Federated governance emerging; AT Protocol,IAP2 ladder: consults level,3,12,Limited: governance emerging but commercial constraints
https://github.com/bluesky-social,Bluesky Social,M6,governance_model,Predominantly technical decentralisation framing without equity analysis,-4: purely technical framing bypassing political/governance,-4,,M6 applied
https://github.com/ideal-postcodes/postcodes.io,postcodes.io,C1,political_relevance_summary,UK postcode lookup API,No power correction — geographic data API,2,12,Limited: technical API without structural mechanism
https://github.com/ideal-postcodes/postcodes.io,postcodes.io,C2,communities_served,Developers; civic tech builders,Named populations but developer framing,1,20,Limited: developer infrastructure tool
https://github.com/ideal-postcodes/postcodes.io,postcodes.io,C3,governance_model,Open source API; limited community design,Participatory engagement absent,1,12,Limited: technical API without community lifecycle
https://github.com/ideal-postcodes/postcodes.io,postcodes.io,C4,political_relevance_summary,No political framing; geographic data,Critical self-examination absent,2,20,Limited: technical tool without power critique
https://github.com/ideal-postcodes/postcodes.io,postcodes.io,C5,underdog_signal,Open source geographic data; counter to commercial APIs,Moderate underdog signal,3,6,Moderate: open source counter to commercial lock-in
https://github.com/ideal-postcodes/postcodes.io,postcodes.io,C6,governance_model,No democratic mechanism,IAP2 ladder: not applicable,1,12,Limited: technical API
https://github.com/ideal-postcodes/postcodes.io,postcodes.io,M6,governance_model,Geographic API technical framing; no community empowerment dimension,-3: purely technical framing bypassing political/governance,-3,,M6 applied
https://github.com/i-dot-ai/awesome-gov-datasets,Awesome Gov Datasets,C1,political_relevance_summary,Government dataset catalog by CDDO,Limited power correction — government internal tool,3,12,Limited: government catalog without structural mechanism
https://github.com/i-dot-ai/awesome-gov-datasets,Awesome Gov Datasets,C2,communities_served,Government data users; researchers,Named populations but government framing,1,20,Limited: government/researcher tool framing
https://github.com/i-dot-ai/awesome-gov-datasets,Awesome Gov Datasets,C3,governance_model,Government-developed; limited community participation,Participatory engagement absent,1,12,Limited: government tool without community lifecycle
https://github.com/i-dot-ai/awesome-gov-datasets,Awesome Gov Datasets,C4,political_relevance_summary,No political framing; government data catalog,Critical self-examination absent,2,20,Limited: government catalog without power critique
https://github.com/i-dot-ai/awesome-gov-datasets,Awesome Gov Datasets,C5,underdog_signal,No underdog signal; government-owned,No underdog signal,1,6,None: CDDO government origin
https://github.com/i-dot-ai/awesome-gov-datasets,Awesome Gov Datasets,C6,governance_model,Informs data users; catalog function,IAP2 ladder: informs level,1,12,Limited: catalog without empowerment mechanism
https://github.com/i-dot-ai/awesome-gov-datasets,Awesome Gov Datasets,M6,governance_model,Purely technical government data catalog; CDDO-internal framing,-4: purely technical framing bypassing political/governance,-4,,M6 applied
https://journaliststudio.google.com,Journalist Studio,C1,political_relevance_summary,Google journalism tools for investigative reporting,Limited power correction — commercial Google platform,3,12,Limited: commercial Google tool; potential power asymmetry reinforcement
https://journaliststudio.google.com,Journalist Studio,C2,communities_served,Journalists; investigative reporters,Named populations but professional framing,2,20,Limited: professional journalism tool framing
https://journaliststudio.google.com,Journalist Studio,C3,governance_model,Google-developed; limited community co-design,Participatory engagement absent,1,12,Limited: commercial platform without community lifecycle
https://journaliststudio.google.com,Journalist Studio,C4,outcome_methodology,Journalism power critique implied; limited structural analysis,Critical self-examination limited,2,20,Limited: commercial tool without power critique
https://journaliststudio.google.com,Journalist Studio,C5,underdog_signal,No underdog signal; Google commercial platform,No underdog signal,0,6,None: Google corporate backing
https://journaliststudio.google.com,Journalist Studio,C6,governance_model,Tool provision; informs journalists,IAP2 ladder: informs level,1,12,Limited: commercial tool provision
https://journaliststudio.google.com,Journalist Studio,M6,governance_model,Technical Google platform framing; commercial orientation reduces equity value,-4: purely technical framing bypassing political/governance,-4,,M6 applied
https://github.com/fission-codes/fission-codes,Fission Codes,C1,political_relevance_summary,Web3 status codes for distributed protocols,No power correction — technical standard,1,12,Limited: technical standard without structural mechanism
https://github.com/fission-codes/fission-codes,Fission Codes,C2,communities_served,Web3 developers,Named populations but developer framing,1,20,Limited: specialist developer tool
https://github.com/fission-codes/fission-codes,Fission Codes,C3,governance_model,Open source Web3 community,Participatory engagement absent,1,12,Limited: technical standard without community lifecycle
https://github.com/fission-codes/fission-codes,Fission Codes,C4,political_relevance_summary,No political framing; technical standard,Critical self-examination absent,1,20,Limited: no political or power critique
https://github.com/fission-codes/fission-codes,Fission Codes,C5,underdog_signal,Open source Web3 standard; counter to centralised protocols,Structural underdog signal present,4,6,Moderate: open source counter-centralisation positioning
https://github.com/fission-codes/fission-codes,Fission Codes,C6,governance_model,No democratic mechanism,IAP2 ladder: not applicable,1,12,Limited: technical standard
https://github.com/fission-codes/fission-codes,Fission Codes,M6,governance_model,Purely technical Web3 status codes; no civic or governance dimension,-5: purely technical framing bypassing political/governance,-5,,M6 applied
https://granicus.com/uk,Granicus,C1,political_relevance_summary,Commercial civic communication SaaS for government,No power correction — commercial platform for government,3,12,Limited: commercial government communication tool
https://granicus.com/uk,Granicus,C2,communities_served,Government communications recipients; citizens,Named populations but passive recipient framing,1,20,Limited: passive recipient of government communication
https://granicus.com/uk,Granicus,C3,governance_model,Commercial platform; no community co-design,Participatory engagement absent,1,12,Limited: commercial tool without community lifecycle
https://granicus.com/uk,Granicus,C4,political_relevance_summary,No structural critique; commercial government tech,Critical self-examination absent,1,20,Limited: commercial framing without power critique
https://granicus.com/uk,Granicus,C5,underdog_signal,No underdog signal; commercial US tech company,No underdog signal,0,6,None: commercial SaaS for government
https://granicus.com/uk,Granicus,C6,governance_model,Government communications tool; informs citizens,IAP2 ladder: informs level,3,12,Limited: one-way government communication
https://granicus.com/uk,Granicus,M6,governance_model,Purely commercial technical platform for government communication; no empowerment,-5: purely technical framing bypassing political/governance,-5,,M6 applied
https://github.com/deepseek-ai/deepseek-v3,DeepSeek-V3,C1,political_relevance_summary,Large language model from Chinese AI lab,No power correction — general-purpose AI,2,12,Limited: general-purpose AI without structural mechanism
https://github.com/deepseek-ai/deepseek-v3,DeepSeek-V3,C2,communities_served,General AI users; developers,Named populations but general framing,1,20,Limited: general-purpose tool; no community centering
https://github.com/deepseek-ai/deepseek-v3,DeepSeek-V3,C3,governance_model,Open weights; limited governance framework,Participatory engagement absent,1,12,Limited: open weights without community lifecycle
https://github.com/deepseek-ai/deepseek-v3,DeepSeek-V3,C4,documented_limitations,Limited self-critique; state influence concerns unaddressed,Critical self-examination absent,2,20,Limited: no structural power critique; state influence concerns
https://github.com/deepseek-ai/deepseek-v3,DeepSeek-V3,C5,underdog_signal,No underdog signal; state-adjacent Chinese AI lab,No underdog signal,0,6,None: state-adjacent corporate origin
https://github.com/deepseek-ai/deepseek-v3,DeepSeek-V3,C6,governance_model,No democratic mechanism,IAP2 ladder: not applicable,1,12,Limited: general-purpose AI without governance
https://github.com/deepseek-ai/deepseek-v3,DeepSeek-V3,M6,governance_model,Purely technical LLM with no governance framework,-4: purely technical framing bypassing political/governance,-4,,M6 applied
https://github.com/deepseek-ai/deepseek-v3,DeepSeek-V3,M4,political_relevance_summary,AI without governance framework; state influence concerns without accountability,-8: surveillance/profiling capacity increase without governance,-8,,M4 applied at upper range
