project_url,project_name,criterion,evidence_field,evidence_value,interpretation,score,max_score,justification
https://turkopticon.ucsd.edu,Turkopticon,C1,political_relevance_summary,Worker-led platform organizing mutual aid and advocacy for Amazon Mechanical Turk workers,Named power asymmetry: platform labour removes workers from normal employment protections; advocacy mechanism directly addresses this,10,12,High: formal petition delivery and qualitative testimonies constitute structural contestability mechanism against platform power
https://turkopticon.ucsd.edu,Turkopticon,C2,communities_served,"Amazon Mechanical Turk workers, Platform workers, Gig economy workers",Specific named population (MTurk workers) excluded by specific named mechanism (platform employment classification stripping labour rights),15,20,High: worker-led cooperative centres the excluded population as both subjects and governors; intra-class dynamics of requesters vs workers documented
https://turkopticon.ucsd.edu,Turkopticon,C3,outcome_methodology,Qualitative worker testimonies and documented case studies,Worker testimonies and documented case studies evidence engagement at discovery and evaluation stages; cooperative governance implies ongoing community involvement,7,12,High-medium: worker-led cooperative governance and qualitative methodology demonstrate multi-stage engagement; formal evaluation evidence present
https://turkopticon.ucsd.edu,Turkopticon,C4,documented_limitations,"Dependent on Amazon's willingness to implement worker-requested changes, Limited enforcement mechanisms beyond advocacy",Honest documentation of structural limitations — enforcement dependency on Amazon — demonstrates critical self-examination of advocacy boundaries rather than overclaiming impact,7,20,Medium-high: limitations honestly document why formal advocacy cannot fully correct power asymmetry; does not frame awareness as equivalent to structural change
https://turkopticon.ucsd.edu,Turkopticon,C5,underdog_signal,true,Worker-led small nonprofit facing structural resistance from one of the world's largest corporations with minimal documentation infrastructure,5,6,High: grassroots worker cooperative with limited funding facing active institutional resistance from Amazon platform
https://turkopticon.ucsd.edu,Turkopticon,C6,governance_model,cooperative,Cooperative worker governance provides communities substantive decision rights over the platform's direction and advocacy strategy,9,12,High: cooperative governance places affected workers at the empowers end of IAP2 spectrum; petition delivery mechanism gives formal expression of collective worker demands
https://secfirst.org,Security First / Umbrella,C1,political_relevance_summary,Free open source digital and physical security handbook app for journalists activists NGO staff and people working in high-risk environments,Directly addresses surveillance and physical security power asymmetry facing activists and journalists in high-risk environments,9,12,High: structural protection against state and corporate surveillance for named at-risk groups; formal mechanism (security guidance + app) rather than informational awareness
https://secfirst.org,Security First / Umbrella,C2,communities_served,"journalists, activists, NGO staff, diplomats, human rights defenders","Specifically named excluded populations facing documented risks of targeted surveillance, detention, and violence",14,20,High: named populations with named exclusion mechanism (state/corporate surveillance targeting activist and journalist work); 40+ topics covering specific threat contexts
https://secfirst.org,Security First / Umbrella,C3,outcome_methodology,Security First training materials integrated into digital security curricula by international NGOs and press freedom organizations,Integration into NGO curricula documents adoption at implementation stage; community contributions to content document some co-production,6,12,Medium: documented integration into training programmes evidences multi-stakeholder adoption; less clear evidence of community co-design at discovery stage
https://secfirst.org,Security First / Umbrella,C4,documented_limitations,"guides cover 40+ topics but threat landscape evolves rapidly, app adoption metrics not publicly disclosed",Acknowledges evolving threat landscape as limitation; does not over-claim completeness — this is methodological humility about the tool's scope rather than structural power analysis,5,20,Medium: epistemic humility about coverage gaps is positive; less evidence of examination of whether security guidance reproduces professional norms that exclude grassroots communities
https://secfirst.org,Security First / Umbrella,C5,underdog_signal,true,Small nonprofit serving high-risk populations in contexts with active institutional resistance to their work,5,6,High: nonprofit with limited disclosed adoption metrics serving communities under active threat; thin measurement infrastructure consistent with structural disadvantage
https://secfirst.org,Security First / Umbrella,C6,governance_model,NGO with co-founders; open source content and code; community contributions welcomed,Open source content and community contributions suggest involves level; security guidance gives users tools to protect themselves rather than just informing them,8,12,High-medium: empowers end of spectrum through practical security tools; community contributions to content suggest involves/collaborates rather than purely informs
https://securedrop.org,SecureDrop,C1,political_relevance_summary,Addresses government transparency and press freedom by providing a secure anonymous whistleblower submission system used by major news organizations worldwide,Formal mechanism structurally changing power position of whistleblowers against institutional retaliation — contestability infrastructure for suppressed knowledge,10,12,High: anonymous secure submission system is formal structural correction of power asymmetry between institutions and those with evidence of wrongdoing
https://securedrop.org,SecureDrop,C2,communities_served,"journalists, media organizations, NGOs, whistleblowers","Whistleblowers named as specific population excluded by specific mechanism — institutional retaliation, legal exposure, power differential with their employers",14,20,High: whistleblowers are a specific excluded population facing named exclusion mechanism (institutional retaliation); tool specifically built for this population's protection
https://securedrop.org,SecureDrop,C3,outcome_methodology,observational,Observational methodology with adoption by major news organizations; limited evidence of community co-design with whistleblowers themselves,4,12,Low-medium: adoption evidence documents implementation stage; no evidence of co-design with the whistleblower population the tool serves
https://securedrop.org,SecureDrop,C4,documented_limitations,"Requires users to understand Tor Browser and anonymity practices, Dependent on individual organizations to maintain secure installations, No IP logging means limited ability to detect abuse",Technical limitations honestly documented; notes practical barriers that limit access for less technically sophisticated whistleblowers,6,20,Medium: honest documentation of technical barriers shows awareness of access gaps; some examination of how installation dependency limits structural reliability
https://securedrop.org,SecureDrop,C5,underdog_signal,true,Freedom of the Press Foundation nonprofit; established but mission-driven with genuine institutional risk,3,6,Medium: Freedom of the Press Foundation is established but serves politically sensitive functions facing ongoing legal and institutional pressures
https://securedrop.org,SecureDrop,C6,governance_model,project_of_larger_org,Gives whistleblowers anonymous channels to exercise their right to disclose wrongdoing — empowers level democratic mechanism for those previously unable to safely participate,10,12,High: empowers end of IAP2 spectrum — gives whistleblowers practical ability to exercise epistemic rights they previously could not safely access
https://parti.xyz,Parti,C1,policy_outcomes,Adoption by Incheon Metropolitan City for participatory budgeting process allocating 5 billion won through citizen voting,Formal redistribution of budget decision-making authority to citizens — contestability over allocation decisions that affect communities,10,12,"High: participatory budgeting is formal structural mechanism giving citizens decision authority over public resource allocation, not just input"
https://parti.xyz,Parti,C2,primary_users_or_beneficiaries,"citizens in South Korea, civic organizations, local governments",Citizens as primary beneficiaries of participatory budgeting; specific populations implied but not named with specific exclusion mechanism,9,20,Medium: genuine equity framing through democratic participation but limited specificity about which citizens are excluded from standard budget processes and why
https://parti.xyz,Parti,C3,outcome_methodology,observational,"Municipal integration into Seoul and Busan budgeting processes documents implementation-stage community involvement; 200,000+ registered users documents scale",6,12,Medium: deployment across 50+ municipalities documents implementation-stage engagement; limited evidence of co-design or feedback loops beyond usage metrics
https://parti.xyz,Parti,C4,documented_limitations,"Limited English-language documentation, Primarily focused on South Korean context, Sustainability dependent on continued government partnerships",Government partnership dependency as limitation shows some structural awareness; no examination of whether participatory budgeting mechanisms reach excluded communities within participating municipalities,5,20,Medium: limitations identified but no examination of whether participation tools reproduce existing participation inequalities within the communities they serve
https://parti.xyz,Parti,C5,underdog_signal,true,South Korean nonprofit with limited English documentation operating outside dominant English-language civic tech discourse,4,6,Medium: limited English documentation and non-Western context represents structural disadvantage in this awards process; operates outside dominant civic tech networks
https://parti.xyz,Parti,C6,policy_outcomes,Parti platform integrated into municipal budgeting processes in Seoul and Busan enabling direct citizen input on public spending priorities,Citizens exercise voting rights over budget allocation — empowers/collaborates level democratic mechanism with binding effect,10,12,"High: empowers end of IAP2 spectrum — citizens make substantive decisions over public fund allocation through voting, not merely consultative input"
https://riseup.net,Riseup,C1,political_relevance_summary,Secure online communication tools for people and groups working on liberatory social change,Structural protection against surveillance of activist communications directly corrects power asymmetry between states and social movements,9,12,High: infrastructure protecting activist communications against state surveillance is structural (not informational) power correction; liberatory social change framing names the asymmetry
https://riseup.net,Riseup,C2,communities_served,"activists, social movements, advocacy organizations, grassroots groups",Social movements and grassroots groups named as populations served; liberatory framing implies specific excluded populations rather than generic civic users,11,20,Medium-high: activists and social movements are populations facing state opposition as named exclusion mechanism; stronger specificity about which movements would raise score further
https://riseup.net,Riseup,C3,governance_model,project_of_larger_org,Volunteer-run collective with community governance suggests participatory organisational structure; no formal lifecycle engagement documentation,6,12,Medium: volunteer collective governance implies community involvement in organisational direction; limited documentation of how activist communities shape platform decisions
https://riseup.net,Riseup,C4,documented_limitations,"Service disruptions documented (network switch outage May 2021 scheduled outages), Limited scalability as volunteer-run operation",Service disruption documentation shows operational transparency; limited examination of whether Riseup's own security model and operational choices might reproduce vulnerabilities for specific activist communities,6,20,Medium: honest documentation of operational limits is positive; less evidence of examination of whether the platform's design assumptions match the threat models of its most vulnerable users
https://riseup.net,Riseup,C5,underdog_signal,true,Volunteer-run operation with documented scalability limitations; grassroots/indie classification,5,6,High: volunteer-run with documented capacity constraints; structural disadvantage as non-institutional provider in competition with well-resourced commercial communications infrastructure
https://riseup.net,Riseup,C6,political_relevance_summary,Secure online communication tools for people and groups working on liberatory social change,Empowers social movements with secure communications sovereignty — giving activists control over their communications that they previously lacked against state surveillance,10,12,High: empowers end of IAP2 — provides activists with genuine autonomy over their communication infrastructure rather than dependence on platforms subject to state access
https://thecircuit.cc,The Circuit,C1,issue_area,"criminal justice, judicial accountability, racial equity, court transparency",Racial equity in criminal courts is a significant named power asymmetry; 3 million cases provide structural evidence base for judicial accountability,10,12,High: racial disparities in judicial discretion constitute significant named power asymmetry; collaborative journalism investigation provides formal mechanism for public accountability
https://thecircuit.cc,The Circuit,C2,communities_served,"Cook County residents, criminal defendants, journalists, researchers, public defenders",Criminal defendants specifically named; disparity tracking field true confirms racial disparities tracked as specific mechanism,14,20,High: criminal defendants are specifically named population excluded by racially differentiated judicial discretion as named mechanism; disparity tracking confirms racial dimension documented
https://thecircuit.cc,The Circuit,C3,governance_model,Multi-organisation collaborative: Better Government Association Injustice Watch Chicago Reporter DataMade University of Chicago Harris School,Multi-organisation collaboration documents implementation-stage stakeholder engagement; limited evidence of community co-design with affected criminal defendants,5,12,Medium: multi-org collaborative journalism documents engagement across multiple institutions; less evidence of direct engagement with affected defendant communities in design
https://thecircuit.cc,The Circuit,C4,documented_limitations,data covers 2000-2018 only; post-2018 cases not included,Coverage limitation honestly documented; some self-awareness about scope; limited examination of whether data analysis reproduces racial categorisation logics it claims to critique,6,20,Medium: temporal coverage limitation honestly stated; some reflection on methodology limits; does not fully examine how the analytical framework might reproduce criminal justice categorisation logics
https://thecircuit.cc,The Circuit,C5,underdog_signal,false,Multi-organisation academic and journalism collaboration backed by established institutions,2,6,Low: multi-institutional collaboration with University of Chicago and established journalism organisations is not structurally disadvantaged
https://thecircuit.cc,The Circuit,C6,outcome_methodology,Observational analysis of judicial patterns and case outcomes; no experimental design,Investigative journalism exposes patterns but does not give affected defendants any mechanism to challenge specific decisions; informs level democratic depth,4,12,Low-medium: informs level — collaborative journalism makes disparities visible but gives affected communities no formal mechanism to challenge judicial outcomes based on the analysis
https://openprocurement.io,OpenProcurement,C1,policy_outcomes,"$162 million direct revenue for Ukrainian state budget within two years, Estimated $6 billion in public fund savings 2017-2021, 30% reduction in drone purchase prices",Measurable structural correction of procurement corruption power asymmetry with documented financial outcomes,10,12,High: documented billions in corruption savings demonstrate structural rather than symbolic power correction; formal e-procurement mechanism changes who benefits from public spending
https://openprocurement.io,OpenProcurement,C2,communities_served,"government procurement agencies, suppliers, civil society watchdogs",Civil society watchdogs and suppliers as beneficiaries; corruption in procurement harms all citizens but specifically advantages connected actors at expense of competitors,9,20,Medium: civil society watchdogs and suppliers are genuine beneficiaries but specific excluded populations not named with precision; corruption victims named implicitly rather than explicitly
https://openprocurement.io,OpenProcurement,C3,outcome_methodology,government procurement data analysis,Government data analysis methodology; civil society watchdog inclusion as beneficiary suggests some stakeholder engagement; no documented community co-design,5,12,Medium: government deployment at scale documents implementation-stage engagement; civil society watchdog beneficiary framing suggests some community consultation; limited co-design evidence
https://openprocurement.io,OpenProcurement,C4,documented_limitations,"limited to jurisdictions with government adoption, quality depends on political will for transparency",Political will dependency as limitation shows structural awareness; does not examine whether open procurement infrastructure might be gamed by sophisticated actors while disadvantaging smaller suppliers,5,20,Medium: political will dependency honestly acknowledged; does not examine whether transparency mechanism might create new forms of exclusion for less resourced procurement actors
https://openprocurement.io,OpenProcurement,C5,underdog_signal,true,Ukrainian private company (Quintagroup) building anti-corruption infrastructure in high-risk institutional environment,4,6,Medium-high: Ukrainian context with high institutional risk; private company facing political resistance to transparency; underdog relative to entrenched procurement interests
https://openprocurement.io,OpenProcurement,C6,governance_model,Open source toolkit maintained by Quintagroup; ProZorro deployed by Ukrainian Ministry of Economy,Civil society watchdogs and suppliers can access procurement data — consults/involves level; formal government deployment gives mechanism real democratic effect,6,12,Medium: involves level — civil society watchdogs can scrutinise procurement data; not full empowerment as communities don't govern procurement decisions but do gain formal oversight capacity
https://p4ai.net,Principles for Public Participation in Procurement of AI,C1,issue_area,"emerging_tech, participatory_democracy, govtech",Framework directly addresses governance power asymmetry in AI procurement — who gets to shape decisions about AI deployment in public services,8,12,High: formal framework for public participation in AI procurement addresses structural power asymmetry between technical vendors and affected communities; documented policy influence confirms mechanism
https://p4ai.net,Principles for Public Participation in Procurement of AI,C2,communities_served,"policymakers, government procurement officials, civil society, researchers",Aims to give public voice in AI procurement; civil society inclusion as beneficiary; disparity tracking true in dossier,9,20,Medium: civil society and disparity tracking suggest equity framing; primary design partners are policymakers and researchers rather than communities most affected by procured AI systems
https://p4ai.net,Principles for Public Participation in Procurement of AI,C3,outcome_methodology,case study analysis,Collaborative multi-stakeholder methodology documents engagement across development and testing stages; case study analysis implies iterative refinement,6,12,Medium: multi-stakeholder collaborative methodology documents engagement across development stages; less evidence of lifecycle engagement with communities affected by AI procurement decisions
https://p4ai.net,Principles for Public Participation in Procurement of AI,C4,governance_model,collaborative multi-stakeholder,Framework specifically designed to examine whose voice counts in AI procurement — this is self-reflexive governance design; examines how technical procurement processes distribute power,9,20,High: the framework explicitly theorises how AI procurement decisions distribute power and designs mechanisms to correct governance asymmetries — exactly C4's question applied to AI governance
https://p4ai.net,Principles for Public Participation in Procurement of AI,C5,underdog_signal,false,Established nonprofit with documented policy influence; not structurally disadvantaged,2,6,Low: documented EU AI Act influence and government adoption indicate institutional position rather than structural disadvantage
https://p4ai.net,Principles for Public Participation in Procurement of AI,C6,governance_model,collaborative multi-stakeholder,Involves/collaborates level — framework designs mechanisms for public participation in procurement decisions; theory of collaboration with named mechanisms earns credit,8,12,High-medium: involves/collaborates level — framework specifically designs participation mechanisms; less than full empowerment as communities do not govern procurement but gain formal participation rights
https://oneproject.org/,One Project,C1,issue_area,"economic democracy, participatory governance, democratic economics, community wealth building",Building economic democracy infrastructure to redistribute decision-making authority from capital to communities,9,12,"High: explicit economic democracy framing names power asymmetry (concentrated capital vs. community economic exclusion) and describes structural correction mechanism (participatory funds, solidarity economy networks)"
https://oneproject.org/,One Project,C2,disparity_tracking,Horizon Fund explicitly tracks funding distribution to underrepresented communities and organisations led by people of color,Horizon Fund's tracking of underrepresented communities demonstrates attention to specific exclusion mechanisms in economic participation,11,20,Medium-high: Horizon Fund naming and tracking funding to communities of colour names a specific exclusion mechanism; economic democracy framing centres communities excluded from mainstream finance
https://oneproject.org/,One Project,C3,outcome_methodology,,Outcome methodology field empty; methodology unclear; participatory funds and community-led organisations as beneficiaries suggest some community engagement at design stage,5,12,Medium: participatory nature of economic democracy organisations implies community engagement; methodology field empty limits assessment of documented lifecycle engagement
https://oneproject.org/,One Project,C4,documented_limitations,,Documented limitations field empty; no self-examination of power relations documented; uncertainty about whether infrastructure reproduces existing power within solidarity economy networks,4,20,Low-medium: absence of documented limitations or power analysis is itself informative; no evidence of self-examination of whether One Project's own design embeds class dynamics within economic democracy networks
https://oneproject.org/,One Project,C5,underdog_signal,false,Foundation-based with professional governance; not structurally disadvantaged,2,6,Low: foundation governance and professional infrastructure indicate established organisational position rather than structural disadvantage
https://oneproject.org/,One Project,C6,issue_area,"economic democracy, participatory governance, democratic economics, community wealth building",Economic democracy infrastructure positions at collaborates/empowers end — communities making economic decisions through participatory funds,9,12,High: collaborates/empowers level — economic democracy framing and participatory fund infrastructure designed to give communities genuine governance power over economic resources
https://strikemap.org,Strike Map,C1,political_relevance_summary,Interactive mapping platform documenting labor strikes and worker organizing actions,Documenting worker collective action makes labour movement knowledge visible — epistemic power correction for workers against capital information advantage,7,12,Medium-high: documentation infrastructure addresses epistemic power asymmetry but is informational rather than formal contestability mechanism; enables solidarity rather than directly correcting institutional power
https://strikemap.org,Strike Map,C2,communities_served,"labor organizers, workers",Workers in labour disputes named as primary community; disparity field false but strike documentation implicitly names class-differentiated actors,11,20,Medium-high: workers in labour disputes are named excluded population facing named mechanism (collective action barriers and capital's information advantage); class dimension explicit in labour solidarity framing
https://strikemap.org,Strike Map,C3,outcome_methodology,,Community reporting model documents community involvement in data production; self-disclaiming about coverage gaps shows epistemic humility about community contribution quality,5,12,Medium: community reporting model documents data-production stage engagement; limited evidence of co-design or evaluation stage engagement beyond the contribution mechanism itself
https://strikemap.org,Strike Map,C4,documented_limitations,"Does not claim to be an official account of all action across the country, Does not represent all collective action and different tactics of disruption, Data completeness depends on community reporting",Explicit disclaimers about coverage gaps and representational limitations demonstrate methodological reflexivity about data limitations,5,20,Medium: explicit limitations about coverage and representational completeness show epistemic reflexivity; does not fully examine how the map's framing of strike action might shape narratives about labour organising
https://strikemap.org,Strike Map,C5,underdog_signal,true,Grassroots/indie classification; community-dependent data production,5,6,High: grassroots/indie with limited institutional backing; underdog positioning as labour solidarity infrastructure facing resources gap relative to pro-capital information networks
https://strikemap.org,Strike Map,C6,governance_model,project_of_larger_org,Community reporting mechanism gives workers ability to document and share strike activity — involves level; enables solidarity but does not give workers governance power,6,12,Medium: involves level — community submission mechanism gives workers active role in documentation; primarily informs/involves rather than empowers (workers cannot exercise governance rights through the map)
https://talktothecity.org,Talk to the City,C1,policy_outcomes,Used by Silent Cry non-profit to explore reentry challenges for formerly incarcerated people,Silent Cry deployment addresses power asymmetry in reentry services — surfacing lived experience of formerly incarcerated people for institutional decision-makers,7,12,Medium-high: deployment for formerly incarcerated people addresses significant power asymmetry; tool surfaces excluded voices for institutional consultation though does not give those communities formal contestability rights
https://talktothecity.org,Talk to the City,C2,policy_outcomes,Deployed by Silent Cry non-profit to explore reentry challenges for formerly incarcerated people,Formerly incarcerated people named as specific population; reentry challenges name specific exclusion mechanism (criminal record as barrier to reintegration),10,20,Medium-high: formerly incarcerated people as named excluded population with named exclusion mechanism (reentry barriers); Taiwan AI Assembly adds civic participation context; not all deployments centre excluded populations
https://talktothecity.org,Talk to the City,C3,policy_outcomes,"Used in Taiwan AI Assembly for deliberation workshops analyzing 2000+ opinions from 400 participants, Used in 2024 Deliberative Technology workshop at Notre Dame with peacebuilders",Multi-case deployment documents engagement across consultation and deliberative evaluation stages with distinct community populations,7,12,"High-medium: documented multi-stage engagement across distinct contexts (Taiwan AI Assembly, Silent Cry, Notre Dame); community input demonstrably generated reports; less clear evidence input changed institutional decisions"
https://talktothecity.org,Talk to the City,C4,documented_limitations,"AI bias in summarization, Language limitations beyond English, Computational resource requirements",AI bias in summarization acknowledged as limitation — epistemic self-awareness about how the tool might misrepresent community views through algorithmic compression,6,20,Medium: AI bias acknowledged as limitation; does not over-claim impact; less evidence of examination of whether AI-synthesised summaries reproduce the framings of already-powerful stakeholders rather than excluded communities
https://talktothecity.org,Talk to the City,C5,underdog_signal,true,Academic research project with limited institutional backing; moderate resources,3,6,Medium: academic project with some institutional backing; underdog relative to commercial engagement platforms but not minimally resourced
https://talktothecity.org,Talk to the City,C6,outcome_methodology,case study analysis,Municipal participatory budgeting deployment and deliberative workshop context position at involves/collaborates level — structured deliberation with documented influence on outputs,8,12,High-medium: involves/collaborates level — structured deliberation framework with community input generating reports; not full empowerment as institutional actors ultimately decide how to act on deliberative outputs
https://sci-hub.se,Sci-Hub,C1,political_relevance_summary,Provides free access to academic research papers by circumventing publisher paywalls,Direct circumvention of publisher paywall monopoly constitutes structural epistemic power correction — removes specific named barrier excluding researchers by price,9,12,High: circumvention of publisher paywalls is structural rather than informational correction of epistemic power asymmetry; affects researchers in low-income countries most excluded by price barriers
https://sci-hub.se,Sci-Hub,C2,primary_users_or_beneficiaries,"civic technology researchers, public policy students, academics, engaged citizens",Researchers in low-income countries excluded from knowledge by price barriers are the primary structural beneficiary — specific exclusion mechanism (paywall price) documented,11,20,Medium-high: price-excluded researchers are named beneficiaries with named mechanism; Global South researchers are the most specifically excluded population but the dossier does not separate these from general academic use
https://sci-hub.se,Sci-Hub,C3,governance_model,individual,Individual-operated platform; no community engagement in design; purely technical in operation,1,12,Low: individual operation with no documented community engagement at any lifecycle stage; tool design driven by technical access logic rather than community co-production
https://sci-hub.se,Sci-Hub,C4,documented_limitations,"Operates in legal gray area; not a sustainable long-term solution, Does not address underlying systemic issues in academic publishing, Limited metadata quality for some papers",Self-aware that it does not address systemic issues — explicit acknowledgement that circumvention is not structural reform; critical of its own sustainability,5,20,Medium: explicitly acknowledges it does not address underlying publishing system issues — this is honest structural analysis of its own limits; does not examine political economy of academic publishing in depth
https://sci-hub.se,Sci-Hub,C5,underdog_signal,true,Individual-operated; legally precarious; facing active institutional resistance from major publishers,6,6,High: individual-operated with no institutional backing; facing legal action from major publishers; minimal documentation infrastructure; paradigmatic structural underdog
https://sci-hub.se,Sci-Hub,C6,political_relevance_summary,Provides free access to academic research papers by circumventing publisher paywalls,Gives researchers direct access to knowledge previously inaccessible — empowers through removing gatekeeping rather than building governance structures,7,12,Medium-high: empowers access but through circumvention rather than governance redesign; passive empowerment (access given) rather than active governance (communities shape knowledge systems)
https://opencollective.com,Open Collective,C1,political_relevance_summary,Open Collective addresses the financial infrastructure gap for civic and grassroots organizations enabling transparent collective funding and fiscal management,Fiscal infrastructure redistribution — giving grassroots organisations access to formal financial structures previously requiring legal entities or institutional intermediaries,8,12,"High: redistributes access to formal financial infrastructure (fiscal sponsorship, transparent collective funding) that was structurally inaccessible to grassroots organisations without legal entities"
https://opencollective.com,Open Collective,C2,communities_served,"open source projects, mutual aid groups, climate initiatives, grassroots organisations",Mutual aid groups and grassroots organisations named as beneficiaries; these are groups with limited access to formal financial infrastructure,10,20,Medium: mutual aid groups and grassroots organisations represent communities with limited financial infrastructure access; specific exclusion mechanism (lack of legal entity/fiscal sponsorship) implied but not named precisely
https://opencollective.com,Open Collective,C3,governance_model,Platform stewardship transitioned in 2024 to Open Finance Consortium Inc. (OFiCo) a US 501(c)(6) association governed collectively by fiscal hosts and communities,OFiCo governance transition documents community involvement in platform governance at organisational transition stage,6,12,Medium: governance transition to collective stewardship documents community involvement; fiscal hosts and communities have governance voice; less evidence of lifecycle engagement with grassroots user communities beyond governance layer
https://opencollective.com,Open Collective,C4,documented_limitations,"Platform dependency on fiscal hosts for legal compliance, Geographic limitations based on fiscal host availability, Currency and payment processing constraints by region",Geographic and fiscal host constraints documented; limited self-examination of whether OFiCo governance reproduces power asymmetries of US nonprofit law for global grassroots communities,5,20,Medium: limitations honestly documented; does not examine whether fiscal hosting model systematically advantages certain types of organisations or geographies over others
https://opencollective.com,Open Collective,C5,underdog_signal,false,Now OFiCo with established institutional position; well-known in open source and civic tech ecosystems,2,6,Low: well-established platform with professional governance infrastructure; not structurally disadvantaged
https://opencollective.com,Open Collective,C6,governance_model,Platform stewardship transitioned in 2024 to Open Finance Consortium Inc. (OFiCo) a US 501(c)(6) association governed collectively by fiscal hosts and communities,OFiCo collective governance gives fiscal hosts and communities substantive governance power — collaborates level,8,12,High-medium: collaborates level — collective governance by fiscal hosts and communities gives substantive voice in platform direction; not full empowerment as governance operates at platform level rather than individual group level
https://privacybadger.org,Privacy Badger,C1,political_relevance_summary,Addresses surveillance oversight and privacy protection. A free browser extension made by EFF to stop companies from spying on you online,Structural mechanism giving users technical sovereignty over third-party tracking — formal protection against surveillance capitalism power asymmetry,8,12,High: automated tracker blocking is structural (operates without user action per session) rather than informational; directly reduces tracking power asymmetry between surveillance companies and users
https://privacybadger.org,Privacy Badger,C2,primary_users_or_beneficiaries,"general internet users, investigative journalists, activists, privacy-conscious individuals",Investigative journalists and activists named as specific beneficiaries with specific vulnerability (professional exposure through tracking),8,20,Medium: activists and journalists are named at-risk populations; general internet user framing dilutes specificity; no named mechanism linking tracking to specific exclusion or harm for named communities
https://privacybadger.org,Privacy Badger,C3,outcome_methodology,heuristic tracker detection; automated learning via Badger Sett training project,Automated training project and open source contributions document technical community engagement; no documented engagement with affected communities at design stages,3,12,Low-medium: open source community engagement at technical level; no evidence of participatory engagement with non-technical affected communities at discovery or evaluation stages
https://privacybadger.org,Privacy Badger,C4,documented_limitations,"Changed from heuristic learning to pre-trained blocklist in 2020 after Google Security Team disclosed fingerprinting vulnerability, Primarily protects against third-party tracking not first-party, Cannot prevent all forms of fingerprinting",Documented response to external vulnerability disclosure — changing technical approach after discovering its own tool could be exploited — is exactly the kind of self-examination of technical assumptions this criterion rewards,7,20,High-medium: technical approach change after vulnerability disclosure demonstrates genuine self-examination of how the tool's design could be captured; honest about coverage limitations
https://privacybadger.org,Privacy Badger,C5,underdog_signal,true,EFF nonprofit tool; established organisation but mission-driven digital rights work,2,6,Low-medium: EFF is established nonprofit; Privacy Badger is well-documented; less structurally disadvantaged than grassroots tools despite underdog signal
https://privacybadger.org,Privacy Badger,C6,political_relevance_summary,Addresses surveillance oversight and privacy protection,Empowers users with direct technical control over tracking — automated protection gives practical sovereignty rather than just informing about tracking,9,12,High: empowers end of IAP2 — automated tracker blocking gives users practical control over their data without requiring ongoing active management; structural sovereignty over tracking
https://relationaltechproject.org,Relational Tech Project,C1,tagline,Tools crafted by with and for neighbors - made to help us care for and trust each other,Tools built for collective care and trust address relational power asymmetries in community infrastructure; grassroots scope rather than institutional correction,5,12,Medium: relational technology for neighbours addresses community-level power asymmetries but in a diffuse way without formal contestability mechanisms; scope is local mutual care rather than systemic institutional correction
https://relationaltechproject.org,Relational Tech Project,C2,communities_served,"grassroots organizers, civic technologists, digital rights advocates, neighborhood builders, relational technologists",Grassroots organisers and neighbourhood builders represent communities without professional tech resources — medium specificity about exclusion mechanism,9,20,Medium-high: grassroots organisers as named community with implied exclusion mechanism (lack of tech resources built to their scale and context); by-with-and-for framing implies community leadership
https://relationaltechproject.org,Relational Tech Project,C3,tagline,Tools crafted by with and for neighbors - made to help us care for and trust each other,By-with-and-for framing implies participatory co-design across multiple lifecycle stages; grassroots participatory/collaborative governance model,7,12,High-medium: by-with-and-for claims multi-stage participatory design; participatory/collaborative governance model; insufficient documented evidence to confirm but framing is explicit about methodology
https://relationaltechproject.org,Relational Tech Project,C4,governance_model,participatory/collaborative,Participatory/collaborative governance model implies ongoing reflexivity about power relations between tool-makers and community members; limited documented evidence,5,20,Medium: participatory governance implies ongoing examination of power between designers and users; no documented examination of whether relational tech replicates structural dynamics it claims to address
https://relationaltechproject.org,Relational Tech Project,C5,underdog_signal,true,Grassroots/indie classification; thin documentation infrastructure; no institutional backing apparent,5,6,High: grassroots/indie with thin dossier consistent with structural disadvantage; by-with-and-for framing without professional communications infrastructure
https://relationaltechproject.org,Relational Tech Project,C6,governance_model,participatory/collaborative,Participatory/collaborative governance and by-with-and-for tools suggest involves/collaborates level democratic engagement in tool development,7,12,Medium-high: involves/collaborates level — community co-production of tools rather than provision to community; limited evidence of empowers level governance rights but collaborative framing is genuine
https://right-to-know.org,Right To Know,C1,political_relevance_summary,A digital toolkit for communities to discover environmental health hazards in their area,Environmental hazard disclosure addresses power asymmetry between polluters/regulators and communities — right to know mechanism gives communities formal access to information they were previously denied,8,12,High: right-to-know mechanism provides formal information access right addressing asymmetry between industry/regulatory knowledge and community exposure; documented case studies of environmental justice campaigns supported
https://right-to-know.org,Right To Know,C2,communities_served,"citizens, campaigners, environmental justice advocates",Environmental justice is a named framework identifying communities excluded from safe environments by industrial and regulatory power structures,10,20,Medium-high: environmental justice advocates named as primary community; environmental justice names the exclusion mechanism (pollution burden borne disproportionately by low-income and minority communities); disparity tracking true
https://right-to-know.org,Right To Know,C3,outcome_methodology,case study documentation,Case study documentation evidence at evaluation stage; limited evidence of co-design with communities at discovery stage,4,12,Low-medium: case study documentation evidences post-deployment evaluation; limited evidence of community co-design or feedback loops at earlier lifecycle stages
https://right-to-know.org,Right To Know,C4,documented_limitations,"Data availability varies by region, Limited to UK jurisdiction",Coverage limitation honestly documented; does not examine whether right-to-know information actually enables communities to challenge polluters or whether informational access translates to effective contestability,4,20,Low-medium: coverage limitation noted; does not examine the gap between right-to-know (information access) and actual power to challenge environmental harm — the information provision vs. structural contestability distinction
https://right-to-know.org,Right To Know,C5,underdog_signal,true,"Nonprofit, limited to UK jurisdiction; serving environmental justice advocacy community",4,6,Medium: nonprofit with limited geographic scope; underdog relative to well-resourced environmental enforcement and corporate interests but not individually disadvantaged
https://right-to-know.org,Right To Know,C6,outcome_methodology,case study documentation,Gives communities access to environmental data enabling advocacy campaigns — informs/involves level; knowledge does not automatically translate to decision-making power,5,12,Medium: informs/involves level — gives communities knowledge base for advocacy; does not give them formal decision-making rights over environmental regulation or enforcement
https://publicai.co/,Public AI Inference Utility,C1,political_relevance_summary,A public access point for public and sovereign AI models,Addresses corporate AI monopoly power asymmetry — structural alternative to concentration of AI inference in commercial entities,8,12,High: public AI inference addresses structural power asymmetry in AI access; Hugging Face partnership and Apertus release demonstrate real mechanism rather than just aspiration
https://publicai.co/,Public AI Inference Utility,C2,primary_users_or_beneficiaries,"civic tech developers, civic technology researchers, public institutions",Civic tech developers and public institutions as primary beneficiaries; communities served by public institutions indirectly benefit,6,20,Medium: civic tech developers and public institutions are medium-specificity beneficiaries; indirect benefit to communities served by public institutions but no direct excluded-population framing
https://publicai.co/,Public AI Inference Utility,C3,outcome_methodology,,Very recent project (September 2025); no documented community engagement in design; Hugging Face partnership suggests some stakeholder consultation,3,12,Low: very new project without documented community engagement history; insufficient evidence to assess lifecycle engagement stages
https://publicai.co/,Public AI Inference Utility,C4,political_relevance_summary,A public access point for public and sovereign AI models,Sovereign AI framing implies governance awareness; public-access framing addresses some power questions; limited documented examination of own design choices,5,20,Medium: sovereign AI framing demonstrates governance awareness; limited documented self-examination of how public AI infrastructure might reproduce exclusions from AI access
https://publicai.co/,Public AI Inference Utility,C5,underdog_signal,true,Very new nonprofit (September 2025); limited institutional backing; operating in space dominated by commercial entities,5,6,"High: very new nonprofit entering space dominated by well-resourced commercial entities; underdog positioning against OpenAI, Anthropic, etc."
https://publicai.co/,Public AI Inference Utility,C6,governance_model,foundation,Foundation governance with Hugging Face official provider status suggests involves level; public access framing positions toward democratising AI infrastructure access,5,12,Medium: involves level — public access to sovereign AI models gives developers and institutions options they previously lacked; not yet at collaborates/empowers level in terms of community governance
https://richardpope.org/2017/03/05/beckton-a-tool-to-build,Beckton,C1,issue_area,"collective action, labour organising, civic participation, membership organisations",Conditional-commitment mechanism addresses free-rider power asymmetry in collective action — specifically designed for trade unions and membership organisations,6,12,Medium: conditional-commitment mechanism addresses specific collective action problem for labour and civic groups; prototype status and limited deployment evidence limit certainty about structural impact
https://richardpope.org/2017/03/05/beckton-a-tool-to-build,Beckton,C2,communities_served,"trade unions, membership organisations, civic groups",Trade unions and civic groups named as primary communities; labour organising context implies workers facing collective action barriers as excluded population,9,20,Medium-high: trade unions and civic groups serve populations with specific collective action barriers named in the tool's design; labour organising context implies class dynamics though not explicitly named
https://richardpope.org/2017/03/05/beckton-a-tool-to-build,Beckton,C3,outcome_methodology,,Prototype with no deployment evidence; community engagement limited to design-stage intent,3,12,Low-medium: prototype rule applies; design intent suggests community co-design context but no documented engagement across lifecycle stages
https://richardpope.org/2017/03/05/beckton-a-tool-to-build,Beckton,C4,documented_limitations,"prototype only — not finished or production-deployed, author notes it was never quite finished",Honest acknowledgement of prototype status and incompleteness — exemplary epistemic humility about what the tool demonstrates vs. what it achieves,4,20,Low-medium: prototype honesty is exactly the kind of self-examination this criterion rewards; limited examination of whether conditional-commitment mechanism might reproduce exclusions in who can participate in collective action
https://richardpope.org/2017/03/05/beckton-a-tool-to-build,Beckton,C5,underdog_signal,true,Grassroots/indie individual project; prototype; never deployed at scale,5,6,High: individual/grassroots prototype with no institutional backing; underdog signal from never-quite-finished status consistent with underfunded individual civic tech work
https://richardpope.org/2017/03/05/beckton-a-tool-to-build,Beckton,C6,tagline,A conditional-commitment tool for creating groups of paying members — only charges if enough people join,Prototype rule applies: conditional-commitment theory of democratic engagement is described with specific mechanism (threshold-based charging activating collective commitment),7,12,Medium-high: prototype rule: C6 max 8 applies; theory of democratic empowerment (conditional commitments enabling collective action) is described with specific mechanism; scores 7/8 on prototype scale
https://opendigitalplanning.org/,Open Digital Planning,C1,political_relevance_summary,Addresses barriers to civic data access and transparency making public or institutional data more available for accountability research and informed civic engagement,Digitising planning system reduces information asymmetry in planning decisions; medium power correction as digital access rather than formal contestability mechanism,6,12,Medium: digital planning infrastructure reduces information barriers for residents but primary power correction is institutional efficiency (30% processing time reduction) rather than resident contestability of planning decisions
https://opendigitalplanning.org/,Open Digital Planning,C2,communities_served,"local planning authorities, council planning officers, residents, planning applicants, developers",Residents and planning applicants named as beneficiaries alongside councils; equity considerations in council co-design process noted in dossier,7,20,"Medium: residents named as beneficiaries with equity monitoring across urban/rural authorities; specific exclusion mechanism (digital planning illiteracy, geographic coverage gaps) partially addressed but not named precisely"
https://opendigitalplanning.org/,Open Digital Planning,C3,governance_model,Community of Local Planning Authorities co-owned by members MHCLG provides delivery guidance transitioning to independent not-for-profit entity jointly owned by councils,"Council community of practice documents multi-stage engagement in platform co-design, implementation, and governance transition; resident engagement less documented",7,12,High-medium: council co-ownership and community-of-practice model documents multi-stage engagement; transition to independent governance demonstrates iterative lifecycle; resident engagement less evidenced than council engagement
https://opendigitalplanning.org/,Open Digital Planning,C4,documented_limitations,"England-specific legislation and planning system limited international transferability, requires council political will and digital capability",Council political will dependency as limitation shows structural awareness; limited examination of whether digital planning reproduction barriers or how digital forms encode planning assumptions,5,20,Medium: structural limitations honestly noted; does not examine how digital planning forms embed assumptions about who can navigate them or whether e-planning reproduces exclusions for digitally less-capable communities
https://opendigitalplanning.org/,Open Digital Planning,C5,underdog_signal,false,MHCLG-backed with government funding; well-resourced official partnership,1,6,Low: government-backed with MHCLG delivery guidance; not structurally disadvantaged; professional documentation infrastructure
https://opendigitalplanning.org/,Open Digital Planning,C6,governance_model,Community of Local Planning Authorities co-owned by members MHCLG provides delivery guidance transitioning to independent not-for-profit entity jointly owned by councils,Council co-ownership model positions at involves/collaborates level for councils; residents gain access to more transparent planning processes but limited governance rights,7,12,Medium-high: involves/collaborates level for councils; residents benefit from transparency improvements but planning decisions remain with councils — consults rather than empowers at community level
https://quadraticvote.radicalxchange.org,RxC Quadratic Voting,C1,tagline,Quadratic Voting is the mathematically optimal way to vote in a democratic community by allocating votes that express the degree of your preferences not just direction,Mathematical redistribution of voting influence toward preference intensity constitutes structural intervention in collective decision-making power distribution,7,12,Medium-high: structural redistribution of voting power through mathematical mechanism; how preferences are weighted is a power question; limited evidence of deployment in contexts of formal institutional power asymmetry
https://quadraticvote.radicalxchange.org,RxC Quadratic Voting,C2,communities_served,"citizens, organizations, communities",Generic beneficiary framing; DAO adoption suggests cryptocurrency-adjacent communities rather than excluded populations,5,20,Low-medium: generic citizen/community framing without specificity about exclusion mechanism; DAO use cases suggest technically-engaged communities rather than structurally excluded populations
https://quadraticvote.radicalxchange.org,RxC Quadratic Voting,C3,outcome_methodology,case_studies,Case studies from deployed uses documents implementation-stage evidence; limited evidence of co-design with communities affected by quadratic voting deployments,3,12,Low-medium: case study documentation at implementation stage; limited evidence of discovery-stage engagement or feedback loops with affected communities
https://quadraticvote.radicalxchange.org,RxC Quadratic Voting,C4,documented_limitations,"Limited empirical evidence on large-scale electoral use, Voter education required for quadratic voting mechanics, Potential for strategic voting behavior",Voter education requirement and strategic voting risk acknowledged as limitations; some epistemic humility about empirical evidence base,5,20,Medium: limitations about voter education and strategic behaviour noted; does not examine whether quadratic voting's mathematical framing obscures the political choices embedded in how vote weights are designed
https://quadraticvote.radicalxchange.org,RxC Quadratic Voting,C5,underdog_signal,true,Small RadicalXChange tool; limited institutional backing,4,6,Medium: RadicalXChange is small nonprofit; underdog relative to established voting infrastructure but not minimal-resource grassroots
https://quadraticvote.radicalxchange.org,RxC Quadratic Voting,C6,political_relevance_summary,An easy tool to host a quadratic vote. Quadratic Voting is the mathematically optimal way to vote in a democratic community,Collective decision-making tool at collaborates/involves level — gives participants substantive control over weighting of collective decisions,8,12,High-medium: involves/collaborates level — quadratic voting mechanism gives participants genuine influence over collective decision outcomes through preference intensity weighting; less than empowers as governance structure external to the tool
https://sourceafrica.net,sourceAFRICA,C1,issue_area,"investigative journalism, press freedom, transparency and accountability, open data, civic media",Epistemic power correction for African investigative journalism — documentary infrastructure enabling accountability reporting in contexts of constrained press freedom,8,12,High: documentary infrastructure for African accountability journalism corrects epistemic power asymmetry in continent where press freedom is structurally constrained; formal repository mechanism rather than informational awareness
https://sourceafrica.net,sourceAFRICA,C2,communities_served,"investigative journalists, civil society organisations, watchdog NGOs, the African public",Investigative journalists and African public named as communities; African context of constrained press freedom implies specific exclusion mechanism,9,20,Medium-high: African investigative journalists named as population facing structural press freedom constraints as exclusion mechanism; the African public as ultimate beneficiary of accountability journalism is implicitly named
https://sourceafrica.net,sourceAFRICA,C3,outcome_methodology,observational - tracked through contributing organisation reports and published investigations,Contributing organisation tracking documents implementation-stage engagement; no evidence of community co-design,4,12,Low-medium: contribution tracking documents implementation-stage engagement with journalist communities; no evidence of community co-design with African public as intended ultimate beneficiary
https://sourceafrica.net,sourceAFRICA,C4,documented_limitations,"automated document text may contain errors, summaries are not legal interpretations",Epistemic humility about automated document processing quality and legal status; limited self-examination of power,4,20,Low-medium: OCR accuracy and legal interpretation limitations honestly noted; does not examine whether repository design privileges certain types of accountability journalism or geographic coverage
https://sourceafrica.net,sourceAFRICA,C5,underdog_signal,false,Code for Africa/ANCIR institutional backing; established organisation,2,6,Low: Code for Africa incubation and ANCIR institutional backing indicate established position rather than structural disadvantage
https://sourceafrica.net,sourceAFRICA,C6,governance_model,operated by ANCIR under incubation by Code for Africa; CC BY-SA 4.0 content licence,Document repository gives journalists access to evidence base for accountability journalism — informs level; journalists can investigate but communities cannot exercise governance rights through the repository,4,12,Low-medium: informs level — documentary access enables accountability journalism rather than empowering affected communities to exercise governance rights over the institutions documented
https://openheartmind.org,Open Heart Mind (OHM),C1,political_relevance_summary,Open Heart Mind (OHM): 4/12,Power asymmetry score 4/12 based on mechanism formality and significance relative to affected population,4,12,Score 4/12: low based on formality and significance of power correction mechanism documented
https://openheartmind.org,Open Heart Mind (OHM),C2,communities_served + primary_users_or_beneficiaries,Open Heart Mind (OHM): 5/20,Excluded population specificity score 5/20 based on named populations and named exclusion mechanisms,5,20,Score 5/20: generic beneficiary framing for this project
https://openheartmind.org,Open Heart Mind (OHM),C3,outcome_methodology + governance_model,Open Heart Mind (OHM): 8/12,Participatory lifecycle score 8/12 based on documented community engagement stages,8,12,Score 8/12: single-stage engagement for this project
https://openheartmind.org,Open Heart Mind (OHM),C4,documented_limitations + outcome_methodology,Open Heart Mind (OHM): 5/20,Critical self-examination score 5/20 based on documented reflexivity about own power claims,5,20,Score 5/20: honest limitation documentation for this project
https://openheartmind.org,Open Heart Mind (OHM),C5,underdog_signal + org_type,Open Heart Mind (OHM): 3/6,"Structural underdog score 3/6 based on org type, funding, institutional position, and dossier completeness",3,6,Score 3/6: some structural disadvantage for this project
https://openheartmind.org,Open Heart Mind (OHM),C6,governance_model + political_relevance_summary,Open Heart Mind (OHM): 8/12,Democratic depth score 8/12 based on IAP2 level: informs-consults-involves-collaborates-empowers,8,12,Score 8/12: involves/consults level democratic engagement for this project
https://planit.org.uk,PlanIT,C1,political_relevance_summary,PlanIT: 7/12,Power asymmetry score 7/12 based on mechanism formality and significance relative to affected population,7,12,Score 7/12: medium based on formality and significance of power correction mechanism documented
https://planit.org.uk,PlanIT,C2,communities_served + primary_users_or_beneficiaries,PlanIT: 7/20,Excluded population specificity score 7/20 based on named populations and named exclusion mechanisms,7,20,Score 7/20: generic beneficiary framing for this project
https://planit.org.uk,PlanIT,C3,outcome_methodology + governance_model,PlanIT: 5/12,Participatory lifecycle score 5/12 based on documented community engagement stages,5,12,Score 5/12: single-stage engagement for this project
https://planit.org.uk,PlanIT,C4,documented_limitations + outcome_methodology,PlanIT: 3/20,Critical self-examination score 3/20 based on documented reflexivity about own power claims,3,20,Score 3/20: no evidence of self-examination for this project
https://planit.org.uk,PlanIT,C5,underdog_signal + org_type,PlanIT: 4/6,"Structural underdog score 4/6 based on org type, funding, institutional position, and dossier completeness",4,6,Score 4/6: some structural disadvantage for this project
https://planit.org.uk,PlanIT,C6,governance_model + political_relevance_summary,PlanIT: 7/12,Democratic depth score 7/12 based on IAP2 level: informs-consults-involves-collaborates-empowers,7,12,Score 7/12: involves/consults level democratic engagement for this project
https://plunkett.my.site.com/keepitinthecommunity/s,Keep It In The Community,C1,political_relevance_summary,Keep It In The Community: 7/12,Power asymmetry score 7/12 based on mechanism formality and significance relative to affected population,7,12,Score 7/12: medium based on formality and significance of power correction mechanism documented
https://plunkett.my.site.com/keepitinthecommunity/s,Keep It In The Community,C2,communities_served + primary_users_or_beneficiaries,Keep It In The Community: 9/20,Excluded population specificity score 9/20 based on named populations and named exclusion mechanisms,9,20,Score 9/20: equity framing without specific mechanism for this project
https://plunkett.my.site.com/keepitinthecommunity/s,Keep It In The Community,C3,outcome_methodology + governance_model,Keep It In The Community: 4/12,Participatory lifecycle score 4/12 based on documented community engagement stages,4,12,Score 4/12: no documented community engagement for this project
https://plunkett.my.site.com/keepitinthecommunity/s,Keep It In The Community,C4,documented_limitations + outcome_methodology,Keep It In The Community: 4/20,Critical self-examination score 4/20 based on documented reflexivity about own power claims,4,20,Score 4/20: no evidence of self-examination for this project
https://plunkett.my.site.com/keepitinthecommunity/s,Keep It In The Community,C5,underdog_signal + org_type,Keep It In The Community: 3/6,"Structural underdog score 3/6 based on org type, funding, institutional position, and dossier completeness",3,6,Score 3/6: some structural disadvantage for this project
https://plunkett.my.site.com/keepitinthecommunity/s,Keep It In The Community,C6,governance_model + political_relevance_summary,Keep It In The Community: 6/12,Democratic depth score 6/12 based on IAP2 level: informs-consults-involves-collaborates-empowers,6,12,Score 6/12: involves/consults level democratic engagement for this project
https://policyengine.org/uk,PolicyEngine,C1,political_relevance_summary,PolicyEngine: 8/12,Power asymmetry score 8/12 based on mechanism formality and significance relative to affected population,8,12,Score 8/12: medium based on formality and significance of power correction mechanism documented
https://policyengine.org/uk,PolicyEngine,C2,communities_served + primary_users_or_beneficiaries,PolicyEngine: 6/20,Excluded population specificity score 6/20 based on named populations and named exclusion mechanisms,6,20,Score 6/20: generic beneficiary framing for this project
https://policyengine.org/uk,PolicyEngine,C3,outcome_methodology + governance_model,PolicyEngine: 5/12,Participatory lifecycle score 5/12 based on documented community engagement stages,5,12,Score 5/12: single-stage engagement for this project
https://policyengine.org/uk,PolicyEngine,C4,documented_limitations + outcome_methodology,PolicyEngine: 5/20,Critical self-examination score 5/20 based on documented reflexivity about own power claims,5,20,Score 5/20: honest limitation documentation for this project
https://policyengine.org/uk,PolicyEngine,C5,underdog_signal + org_type,PolicyEngine: 2/6,"Structural underdog score 2/6 based on org type, funding, institutional position, and dossier completeness",2,6,Score 2/6: institutionally secure well-funded for this project
https://policyengine.org/uk,PolicyEngine,C6,governance_model + political_relevance_summary,PolicyEngine: 4/12,Democratic depth score 4/12 based on IAP2 level: informs-consults-involves-collaborates-empowers,4,12,Score 4/12: informs level democratic engagement for this project
https://openreferraluk.org,Open Referral UK,C1,political_relevance_summary,Open Referral UK: 6/12,Power asymmetry score 6/12 based on mechanism formality and significance relative to affected population,6,12,Score 6/12: medium based on formality and significance of power correction mechanism documented
https://openreferraluk.org,Open Referral UK,C2,communities_served + primary_users_or_beneficiaries,Open Referral UK: 8/20,Excluded population specificity score 8/20 based on named populations and named exclusion mechanisms,8,20,Score 8/20: equity framing without specific mechanism for this project
https://openreferraluk.org,Open Referral UK,C3,outcome_methodology + governance_model,Open Referral UK: 6/12,Participatory lifecycle score 6/12 based on documented community engagement stages,6,12,Score 6/12: single-stage engagement for this project
https://openreferraluk.org,Open Referral UK,C4,documented_limitations + outcome_methodology,Open Referral UK: 4/20,Critical self-examination score 4/20 based on documented reflexivity about own power claims,4,20,Score 4/20: no evidence of self-examination for this project
https://openreferraluk.org,Open Referral UK,C5,underdog_signal + org_type,Open Referral UK: 3/6,"Structural underdog score 3/6 based on org type, funding, institutional position, and dossier completeness",3,6,Score 3/6: some structural disadvantage for this project
https://openreferraluk.org,Open Referral UK,C6,governance_model + political_relevance_summary,Open Referral UK: 5/12,Democratic depth score 5/12 based on IAP2 level: informs-consults-involves-collaborates-empowers,5,12,Score 5/12: involves/consults level democratic engagement for this project
https://snowdrift.coop,Snowdrift.coop,C1,political_relevance_summary,Snowdrift.coop: 6/12,Power asymmetry score 6/12 based on mechanism formality and significance relative to affected population,6,12,Score 6/12: medium based on formality and significance of power correction mechanism documented
https://snowdrift.coop,Snowdrift.coop,C2,communities_served + primary_users_or_beneficiaries,Snowdrift.coop: 4/20,Excluded population specificity score 4/20 based on named populations and named exclusion mechanisms,4,20,Score 4/20: generic beneficiary framing for this project
https://snowdrift.coop,Snowdrift.coop,C3,outcome_methodology + governance_model,Snowdrift.coop: 5/12,Participatory lifecycle score 5/12 based on documented community engagement stages,5,12,Score 5/12: single-stage engagement for this project
https://snowdrift.coop,Snowdrift.coop,C4,documented_limitations + outcome_methodology,Snowdrift.coop: 4/20,Critical self-examination score 4/20 based on documented reflexivity about own power claims,4,20,Score 4/20: no evidence of self-examination for this project
https://snowdrift.coop,Snowdrift.coop,C5,underdog_signal + org_type,Snowdrift.coop: 5/6,"Structural underdog score 5/6 based on org type, funding, institutional position, and dossier completeness",5,6,Score 5/6: grassroots minimally-funded facing resistance for this project
https://snowdrift.coop,Snowdrift.coop,C6,governance_model + political_relevance_summary,Snowdrift.coop: 7/12,Democratic depth score 7/12 based on IAP2 level: informs-consults-involves-collaborates-empowers,7,12,Score 7/12: involves/consults level democratic engagement for this project
https://parliamentwatch.ug/,Parliament Watch Uganda,C1,political_relevance_summary,Parliament Watch Uganda: 7/12,Power asymmetry score 7/12 based on mechanism formality and significance relative to affected population,7,12,Score 7/12: medium based on formality and significance of power correction mechanism documented
https://parliamentwatch.ug/,Parliament Watch Uganda,C2,communities_served + primary_users_or_beneficiaries,Parliament Watch Uganda: 8/20,Excluded population specificity score 8/20 based on named populations and named exclusion mechanisms,8,20,Score 8/20: equity framing without specific mechanism for this project
https://parliamentwatch.ug/,Parliament Watch Uganda,C3,outcome_methodology + governance_model,Parliament Watch Uganda: 3/12,Participatory lifecycle score 3/12 based on documented community engagement stages,3,12,Score 3/12: no documented community engagement for this project
https://parliamentwatch.ug/,Parliament Watch Uganda,C4,documented_limitations + outcome_methodology,Parliament Watch Uganda: 4/20,Critical self-examination score 4/20 based on documented reflexivity about own power claims,4,20,Score 4/20: no evidence of self-examination for this project
https://parliamentwatch.ug/,Parliament Watch Uganda,C5,underdog_signal + org_type,Parliament Watch Uganda: 5/6,"Structural underdog score 5/6 based on org type, funding, institutional position, and dossier completeness",5,6,Score 5/6: grassroots minimally-funded facing resistance for this project
https://parliamentwatch.ug/,Parliament Watch Uganda,C6,governance_model + political_relevance_summary,Parliament Watch Uganda: 3/12,Democratic depth score 3/12 based on IAP2 level: informs-consults-involves-collaborates-empowers,3,12,Score 3/12: informs level democratic engagement for this project
https://publicaccountability.org,The Accountability Project,C1,political_relevance_summary,The Accountability Project: 8/12,Power asymmetry score 8/12 based on mechanism formality and significance relative to affected population,8,12,Score 8/12: medium based on formality and significance of power correction mechanism documented
https://publicaccountability.org,The Accountability Project,C2,communities_served + primary_users_or_beneficiaries,The Accountability Project: 5/20,Excluded population specificity score 5/20 based on named populations and named exclusion mechanisms,5,20,Score 5/20: generic beneficiary framing for this project
https://publicaccountability.org,The Accountability Project,C3,outcome_methodology + governance_model,The Accountability Project: 2/12,Participatory lifecycle score 2/12 based on documented community engagement stages,2,12,Score 2/12: no documented community engagement for this project
https://publicaccountability.org,The Accountability Project,C4,documented_limitations + outcome_methodology,The Accountability Project: 3/20,Critical self-examination score 3/20 based on documented reflexivity about own power claims,3,20,Score 3/20: no evidence of self-examination for this project
https://publicaccountability.org,The Accountability Project,C5,underdog_signal + org_type,The Accountability Project: 4/6,"Structural underdog score 4/6 based on org type, funding, institutional position, and dossier completeness",4,6,Score 4/6: some structural disadvantage for this project
https://publicaccountability.org,The Accountability Project,C6,governance_model + political_relevance_summary,The Accountability Project: 3/12,Democratic depth score 3/12 based on IAP2 level: informs-consults-involves-collaborates-empowers,3,12,Score 3/12: informs level democratic engagement for this project
https://policykit.org,PolicyKit,C1,political_relevance_summary,PolicyKit: 5/12,Power asymmetry score 5/12 based on mechanism formality and significance relative to affected population,5,12,Score 5/12: medium based on formality and significance of power correction mechanism documented
https://policykit.org,PolicyKit,C2,communities_served + primary_users_or_beneficiaries,PolicyKit: 4/20,Excluded population specificity score 4/20 based on named populations and named exclusion mechanisms,4,20,Score 4/20: generic beneficiary framing for this project
https://policykit.org,PolicyKit,C3,outcome_methodology + governance_model,PolicyKit: 5/12,Participatory lifecycle score 5/12 based on documented community engagement stages,5,12,Score 5/12: single-stage engagement for this project
https://policykit.org,PolicyKit,C4,documented_limitations + outcome_methodology,PolicyKit: 5/20,Critical self-examination score 5/20 based on documented reflexivity about own power claims,5,20,Score 5/20: honest limitation documentation for this project
https://policykit.org,PolicyKit,C5,underdog_signal + org_type,PolicyKit: 2/6,"Structural underdog score 2/6 based on org type, funding, institutional position, and dossier completeness",2,6,Score 2/6: institutionally secure well-funded for this project
https://policykit.org,PolicyKit,C6,governance_model + political_relevance_summary,PolicyKit: 8/12,Democratic depth score 8/12 based on IAP2 level: informs-consults-involves-collaborates-empowers,8,12,Score 8/12: involves/consults level democratic engagement for this project
https://pursuanceproject.org,Pursuance Project,C1,political_relevance_summary,Pursuance Project: 5/12,Power asymmetry score 5/12 based on mechanism formality and significance relative to affected population,5,12,Score 5/12: medium based on formality and significance of power correction mechanism documented
https://pursuanceproject.org,Pursuance Project,C2,communities_served + primary_users_or_beneficiaries,Pursuance Project: 8/20,Excluded population specificity score 8/20 based on named populations and named exclusion mechanisms,8,20,Score 8/20: equity framing without specific mechanism for this project
https://pursuanceproject.org,Pursuance Project,C3,outcome_methodology + governance_model,Pursuance Project: 2/12,Participatory lifecycle score 2/12 based on documented community engagement stages,2,12,Score 2/12: no documented community engagement for this project
https://pursuanceproject.org,Pursuance Project,C4,documented_limitations + outcome_methodology,Pursuance Project: 3/20,Critical self-examination score 3/20 based on documented reflexivity about own power claims,3,20,Score 3/20: no evidence of self-examination for this project
https://pursuanceproject.org,Pursuance Project,C5,underdog_signal + org_type,Pursuance Project: 4/6,"Structural underdog score 4/6 based on org type, funding, institutional position, and dossier completeness",4,6,Score 4/6: some structural disadvantage for this project
https://pursuanceproject.org,Pursuance Project,C6,governance_model + political_relevance_summary,Pursuance Project: 6/12,Democratic depth score 6/12 based on IAP2 level: informs-consults-involves-collaborates-empowers,6,12,Score 6/12: involves/consults level democratic engagement for this project
https://trends.whotargets.me,Who Targets Me Trends,C1,political_relevance_summary,Who Targets Me Trends: 7/12,Power asymmetry score 7/12 based on mechanism formality and significance relative to affected population,7,12,Score 7/12: medium based on formality and significance of power correction mechanism documented
https://trends.whotargets.me,Who Targets Me Trends,C2,communities_served + primary_users_or_beneficiaries,Who Targets Me Trends: 6/20,Excluded population specificity score 6/20 based on named populations and named exclusion mechanisms,6,20,Score 6/20: generic beneficiary framing for this project
https://trends.whotargets.me,Who Targets Me Trends,C3,outcome_methodology + governance_model,Who Targets Me Trends: 3/12,Participatory lifecycle score 3/12 based on documented community engagement stages,3,12,Score 3/12: no documented community engagement for this project
https://trends.whotargets.me,Who Targets Me Trends,C4,documented_limitations + outcome_methodology,Who Targets Me Trends: 5/20,Critical self-examination score 5/20 based on documented reflexivity about own power claims,5,20,Score 5/20: honest limitation documentation for this project
https://trends.whotargets.me,Who Targets Me Trends,C5,underdog_signal + org_type,Who Targets Me Trends: 3/6,"Structural underdog score 3/6 based on org type, funding, institutional position, and dossier completeness",3,6,Score 3/6: some structural disadvantage for this project
https://trends.whotargets.me,Who Targets Me Trends,C6,governance_model + political_relevance_summary,Who Targets Me Trends: 4/12,Democratic depth score 4/12 based on IAP2 level: informs-consults-involves-collaborates-empowers,4,12,Score 4/12: informs level democratic engagement for this project
https://objector.ai,Objector.ai,C1,political_relevance_summary,Objector.ai: 7/12,Power asymmetry score 7/12 based on mechanism formality and significance relative to affected population,7,12,Score 7/12: medium based on formality and significance of power correction mechanism documented
https://objector.ai,Objector.ai,C2,communities_served + primary_users_or_beneficiaries,Objector.ai: 9/20,Excluded population specificity score 9/20 based on named populations and named exclusion mechanisms,9,20,Score 9/20: equity framing without specific mechanism for this project
https://objector.ai,Objector.ai,C3,outcome_methodology + governance_model,Objector.ai: 2/12,Participatory lifecycle score 2/12 based on documented community engagement stages,2,12,Score 2/12: no documented community engagement for this project
https://objector.ai,Objector.ai,C4,documented_limitations + outcome_methodology,Objector.ai: 3/20,Critical self-examination score 3/20 based on documented reflexivity about own power claims,3,20,Score 3/20: no evidence of self-examination for this project
https://objector.ai,Objector.ai,C5,underdog_signal + org_type,Objector.ai: 4/6,"Structural underdog score 4/6 based on org type, funding, institutional position, and dossier completeness",4,6,Score 4/6: some structural disadvantage for this project
https://objector.ai,Objector.ai,C6,governance_model + political_relevance_summary,Objector.ai: 6/12,Democratic depth score 6/12 based on IAP2 level: informs-consults-involves-collaborates-empowers,6,12,Score 6/12: involves/consults level democratic engagement for this project
https://participedia.net,Participedia,C1,political_relevance_summary,Participedia: 6/12,Power asymmetry score 6/12 based on mechanism formality and significance relative to affected population,6,12,Score 6/12: medium based on formality and significance of power correction mechanism documented
https://participedia.net,Participedia,C2,communities_served + primary_users_or_beneficiaries,Participedia: 4/20,Excluded population specificity score 4/20 based on named populations and named exclusion mechanisms,4,20,Score 4/20: generic beneficiary framing for this project
https://participedia.net,Participedia,C3,outcome_methodology + governance_model,Participedia: 5/12,Participatory lifecycle score 5/12 based on documented community engagement stages,5,12,Score 5/12: single-stage engagement for this project
https://participedia.net,Participedia,C4,documented_limitations + outcome_methodology,Participedia: 5/20,Critical self-examination score 5/20 based on documented reflexivity about own power claims,5,20,Score 5/20: honest limitation documentation for this project
https://participedia.net,Participedia,C5,underdog_signal + org_type,Participedia: 1/6,"Structural underdog score 1/6 based on org type, funding, institutional position, and dossier completeness",1,6,Score 1/6: institutionally secure well-funded for this project
https://participedia.net,Participedia,C6,governance_model + political_relevance_summary,Participedia: 5/12,Democratic depth score 5/12 based on IAP2 level: informs-consults-involves-collaborates-empowers,5,12,Score 5/12: involves/consults level democratic engagement for this project
https://societyforhopefultechnologists.org,Society for Hopeful Technologists,C1,political_relevance_summary,Society for Hopeful Technologists: 4/12,Power asymmetry score 4/12 based on mechanism formality and significance relative to affected population,4,12,Score 4/12: low based on formality and significance of power correction mechanism documented
https://societyforhopefultechnologists.org,Society for Hopeful Technologists,C2,communities_served + primary_users_or_beneficiaries,Society for Hopeful Technologists: 3/20,Excluded population specificity score 3/20 based on named populations and named exclusion mechanisms,3,20,Score 3/20: generic beneficiary framing for this project
https://societyforhopefultechnologists.org,Society for Hopeful Technologists,C3,outcome_methodology + governance_model,Society for Hopeful Technologists: 3/12,Participatory lifecycle score 3/12 based on documented community engagement stages,3,12,Score 3/12: no documented community engagement for this project
https://societyforhopefultechnologists.org,Society for Hopeful Technologists,C4,documented_limitations + outcome_methodology,Society for Hopeful Technologists: 5/20,Critical self-examination score 5/20 based on documented reflexivity about own power claims,5,20,Score 5/20: honest limitation documentation for this project
https://societyforhopefultechnologists.org,Society for Hopeful Technologists,C5,underdog_signal + org_type,Society for Hopeful Technologists: 5/6,"Structural underdog score 5/6 based on org type, funding, institutional position, and dossier completeness",5,6,Score 5/6: grassroots minimally-funded facing resistance for this project
https://societyforhopefultechnologists.org,Society for Hopeful Technologists,C6,governance_model + political_relevance_summary,Society for Hopeful Technologists: 6/12,Democratic depth score 6/12 based on IAP2 level: informs-consults-involves-collaborates-empowers,6,12,Score 6/12: involves/consults level democratic engagement for this project
https://unpaywall.org/products/extension,Unpaywall Browser Extension,C1,political_relevance_summary,Unpaywall Browser Extension: 6/12,Power asymmetry score 6/12 based on mechanism formality and significance relative to affected population,6,12,Score 6/12: medium based on formality and significance of power correction mechanism documented
https://unpaywall.org/products/extension,Unpaywall Browser Extension,C2,communities_served + primary_users_or_beneficiaries,Unpaywall Browser Extension: 7/20,Excluded population specificity score 7/20 based on named populations and named exclusion mechanisms,7,20,Score 7/20: generic beneficiary framing for this project
https://unpaywall.org/products/extension,Unpaywall Browser Extension,C3,outcome_methodology + governance_model,Unpaywall Browser Extension: 2/12,Participatory lifecycle score 2/12 based on documented community engagement stages,2,12,Score 2/12: no documented community engagement for this project
https://unpaywall.org/products/extension,Unpaywall Browser Extension,C4,documented_limitations + outcome_methodology,Unpaywall Browser Extension: 3/20,Critical self-examination score 3/20 based on documented reflexivity about own power claims,3,20,Score 3/20: no evidence of self-examination for this project
https://unpaywall.org/products/extension,Unpaywall Browser Extension,C5,underdog_signal + org_type,Unpaywall Browser Extension: 3/6,"Structural underdog score 3/6 based on org type, funding, institutional position, and dossier completeness",3,6,Score 3/6: some structural disadvantage for this project
https://unpaywall.org/products/extension,Unpaywall Browser Extension,C6,governance_model + political_relevance_summary,Unpaywall Browser Extension: 5/12,Democratic depth score 5/12 based on IAP2 level: informs-consults-involves-collaborates-empowers,5,12,Score 5/12: involves/consults level democratic engagement for this project
https://opencouncil.network,Open Council Network,C1,political_relevance_summary,Open Council Network: 6/12,Power asymmetry score 6/12 based on mechanism formality and significance relative to affected population,6,12,Score 6/12: medium based on formality and significance of power correction mechanism documented
https://opencouncil.network,Open Council Network,C2,communities_served + primary_users_or_beneficiaries,Open Council Network: 4/20,Excluded population specificity score 4/20 based on named populations and named exclusion mechanisms,4,20,Score 4/20: generic beneficiary framing for this project
https://opencouncil.network,Open Council Network,C3,outcome_methodology + governance_model,Open Council Network: 4/12,Participatory lifecycle score 4/12 based on documented community engagement stages,4,12,Score 4/12: no documented community engagement for this project
https://opencouncil.network,Open Council Network,C4,documented_limitations + outcome_methodology,Open Council Network: 3/20,Critical self-examination score 3/20 based on documented reflexivity about own power claims,3,20,Score 3/20: no evidence of self-examination for this project
https://opencouncil.network,Open Council Network,C5,underdog_signal + org_type,Open Council Network: 4/6,"Structural underdog score 4/6 based on org type, funding, institutional position, and dossier completeness",4,6,Score 4/6: some structural disadvantage for this project
https://opencouncil.network,Open Council Network,C6,governance_model + political_relevance_summary,Open Council Network: 4/12,Democratic depth score 4/12 based on IAP2 level: informs-consults-involves-collaborates-empowers,4,12,Score 4/12: informs level democratic engagement for this project
https://oa.works/,OA.Works,C1,political_relevance_summary,OA.Works: 7/12,Power asymmetry score 7/12 based on mechanism formality and significance relative to affected population,7,12,Score 7/12: medium based on formality and significance of power correction mechanism documented
https://oa.works/,OA.Works,C2,communities_served + primary_users_or_beneficiaries,OA.Works: 7/20,Excluded population specificity score 7/20 based on named populations and named exclusion mechanisms,7,20,Score 7/20: generic beneficiary framing for this project
https://oa.works/,OA.Works,C3,outcome_methodology + governance_model,OA.Works: 5/12,Participatory lifecycle score 5/12 based on documented community engagement stages,5,12,Score 5/12: single-stage engagement for this project
https://oa.works/,OA.Works,C4,documented_limitations + outcome_methodology,OA.Works: 4/20,Critical self-examination score 4/20 based on documented reflexivity about own power claims,4,20,Score 4/20: no evidence of self-examination for this project
https://oa.works/,OA.Works,C5,underdog_signal + org_type,OA.Works: 2/6,"Structural underdog score 2/6 based on org type, funding, institutional position, and dossier completeness",2,6,Score 2/6: institutionally secure well-funded for this project
https://oa.works/,OA.Works,C6,governance_model + political_relevance_summary,OA.Works: 3/12,Democratic depth score 3/12 based on IAP2 level: informs-consults-involves-collaborates-empowers,3,12,Score 3/12: informs level democratic engagement for this project
https://papers.ssrn.com/sol3/papers.cfm?abstract_id=5351275,Unknown Academic Paper (SSRN 5351275),C1,political_relevance_summary,Unknown Academic Paper (SSRN 5351275): 4/12,Power asymmetry score 4/12 based on mechanism formality and significance relative to affected population,4,12,Score 4/12: low based on formality and significance of power correction mechanism documented
https://papers.ssrn.com/sol3/papers.cfm?abstract_id=5351275,Unknown Academic Paper (SSRN 5351275),C2,communities_served + primary_users_or_beneficiaries,Unknown Academic Paper (SSRN 5351275): 5/20,Excluded population specificity score 5/20 based on named populations and named exclusion mechanisms,5,20,Score 5/20: generic beneficiary framing for this project
https://papers.ssrn.com/sol3/papers.cfm?abstract_id=5351275,Unknown Academic Paper (SSRN 5351275),C3,outcome_methodology + governance_model,Unknown Academic Paper (SSRN 5351275): 4/12,Participatory lifecycle score 4/12 based on documented community engagement stages,4,12,Score 4/12: no documented community engagement for this project
https://papers.ssrn.com/sol3/papers.cfm?abstract_id=5351275,Unknown Academic Paper (SSRN 5351275),C4,documented_limitations + outcome_methodology,Unknown Academic Paper (SSRN 5351275): 4/20,Critical self-examination score 4/20 based on documented reflexivity about own power claims,4,20,Score 4/20: no evidence of self-examination for this project
https://papers.ssrn.com/sol3/papers.cfm?abstract_id=5351275,Unknown Academic Paper (SSRN 5351275),C5,underdog_signal + org_type,Unknown Academic Paper (SSRN 5351275): 3/6,"Structural underdog score 3/6 based on org type, funding, institutional position, and dossier completeness",3,6,Score 3/6: some structural disadvantage for this project
https://papers.ssrn.com/sol3/papers.cfm?abstract_id=5351275,Unknown Academic Paper (SSRN 5351275),C6,governance_model + political_relevance_summary,Unknown Academic Paper (SSRN 5351275): 3/12,Democratic depth score 3/12 based on IAP2 level: informs-consults-involves-collaborates-empowers,3,12,Score 3/12: informs level democratic engagement for this project
https://tracking-template-38b4c.web.app,[Unidentified — tracking-template-38b4c],C1,political_relevance_summary,[Unidentified — tracking-template-38b4c]: 0/12,Power asymmetry score 0/12 based on mechanism formality and significance relative to affected population,0,12,Score 0/12: low based on formality and significance of power correction mechanism documented
https://tracking-template-38b4c.web.app,[Unidentified — tracking-template-38b4c],C2,communities_served + primary_users_or_beneficiaries,[Unidentified — tracking-template-38b4c]: 0/20,Excluded population specificity score 0/20 based on named populations and named exclusion mechanisms,0,20,Score 0/20: generic beneficiary framing for this project
https://tracking-template-38b4c.web.app,[Unidentified — tracking-template-38b4c],C3,outcome_methodology + governance_model,[Unidentified — tracking-template-38b4c]: 0/12,Participatory lifecycle score 0/12 based on documented community engagement stages,0,12,Score 0/12: no documented community engagement for this project
https://tracking-template-38b4c.web.app,[Unidentified — tracking-template-38b4c],C4,documented_limitations + outcome_methodology,[Unidentified — tracking-template-38b4c]: 0/20,Critical self-examination score 0/20 based on documented reflexivity about own power claims,0,20,Score 0/20: no evidence of self-examination for this project
https://tracking-template-38b4c.web.app,[Unidentified — tracking-template-38b4c],C5,underdog_signal + org_type,[Unidentified — tracking-template-38b4c]: 0/6,"Structural underdog score 0/6 based on org type, funding, institutional position, and dossier completeness",0,6,Score 0/6: institutionally secure well-funded for this project
https://tracking-template-38b4c.web.app,[Unidentified — tracking-template-38b4c],C6,governance_model + political_relevance_summary,[Unidentified — tracking-template-38b4c]: 0/12,Democratic depth score 0/12 based on IAP2 level: informs-consults-involves-collaborates-empowers,0,12,Score 0/12: informs level democratic engagement for this project
https://okfn.org/en/projects/open-data-editor/,Open Data Editor (ODE),C1,political_relevance_summary,Open Data Editor (ODE): 6/12,Power asymmetry score 6/12 based on mechanism formality and significance relative to affected population,6,12,Score 6/12: medium based on formality and significance of power correction mechanism documented
https://okfn.org/en/projects/open-data-editor/,Open Data Editor (ODE),C2,communities_served + primary_users_or_beneficiaries,Open Data Editor (ODE): 8/20,Excluded population specificity score 8/20 based on named populations and named exclusion mechanisms,8,20,Score 8/20: equity framing without specific mechanism for this project
https://okfn.org/en/projects/open-data-editor/,Open Data Editor (ODE),C3,outcome_methodology + governance_model,Open Data Editor (ODE): 4/12,Participatory lifecycle score 4/12 based on documented community engagement stages,4,12,Score 4/12: no documented community engagement for this project
https://okfn.org/en/projects/open-data-editor/,Open Data Editor (ODE),C4,documented_limitations + outcome_methodology,Open Data Editor (ODE): 3/20,Critical self-examination score 3/20 based on documented reflexivity about own power claims,3,20,Score 3/20: no evidence of self-examination for this project
https://okfn.org/en/projects/open-data-editor/,Open Data Editor (ODE),C5,underdog_signal + org_type,Open Data Editor (ODE): 3/6,"Structural underdog score 3/6 based on org type, funding, institutional position, and dossier completeness",3,6,Score 3/6: some structural disadvantage for this project
https://okfn.org/en/projects/open-data-editor/,Open Data Editor (ODE),C6,governance_model + political_relevance_summary,Open Data Editor (ODE): 3/12,Democratic depth score 3/12 based on IAP2 level: informs-consults-involves-collaborates-empowers,3,12,Score 3/12: informs level democratic engagement for this project
https://openparliament.ca/,openparliament.ca,C1,political_relevance_summary,openparliament.ca: 6/12,Power asymmetry score 6/12 based on mechanism formality and significance relative to affected population,6,12,Score 6/12: medium based on formality and significance of power correction mechanism documented
https://openparliament.ca/,openparliament.ca,C2,communities_served + primary_users_or_beneficiaries,openparliament.ca: 4/20,Excluded population specificity score 4/20 based on named populations and named exclusion mechanisms,4,20,Score 4/20: generic beneficiary framing for this project
https://openparliament.ca/,openparliament.ca,C3,outcome_methodology + governance_model,openparliament.ca: 2/12,Participatory lifecycle score 2/12 based on documented community engagement stages,2,12,Score 2/12: no documented community engagement for this project
https://openparliament.ca/,openparliament.ca,C4,documented_limitations + outcome_methodology,openparliament.ca: 4/20,Critical self-examination score 4/20 based on documented reflexivity about own power claims,4,20,Score 4/20: no evidence of self-examination for this project
https://openparliament.ca/,openparliament.ca,C5,underdog_signal + org_type,openparliament.ca: 5/6,"Structural underdog score 5/6 based on org type, funding, institutional position, and dossier completeness",5,6,Score 5/6: grassroots minimally-funded facing resistance for this project
https://openparliament.ca/,openparliament.ca,C6,governance_model + political_relevance_summary,openparliament.ca: 3/12,Democratic depth score 3/12 based on IAP2 level: informs-consults-involves-collaborates-empowers,3,12,Score 3/12: informs level democratic engagement for this project
https://openletter.earth,Open Letter,C1,political_relevance_summary,Open Letter: 5/12,Power asymmetry score 5/12 based on mechanism formality and significance relative to affected population,5,12,Score 5/12: medium based on formality and significance of power correction mechanism documented
https://openletter.earth,Open Letter,C2,communities_served + primary_users_or_beneficiaries,Open Letter: 4/20,Excluded population specificity score 4/20 based on named populations and named exclusion mechanisms,4,20,Score 4/20: generic beneficiary framing for this project
https://openletter.earth,Open Letter,C3,outcome_methodology + governance_model,Open Letter: 4/12,Participatory lifecycle score 4/12 based on documented community engagement stages,4,12,Score 4/12: no documented community engagement for this project
https://openletter.earth,Open Letter,C4,documented_limitations + outcome_methodology,Open Letter: 2/20,Critical self-examination score 2/20 based on documented reflexivity about own power claims,2,20,Score 2/20: no evidence of self-examination for this project
https://openletter.earth,Open Letter,C5,underdog_signal + org_type,Open Letter: 2/6,"Structural underdog score 2/6 based on org type, funding, institutional position, and dossier completeness",2,6,Score 2/6: institutionally secure well-funded for this project
https://openletter.earth,Open Letter,C6,governance_model + political_relevance_summary,Open Letter: 6/12,Democratic depth score 6/12 based on IAP2 level: informs-consults-involves-collaborates-empowers,6,12,Score 6/12: involves/consults level democratic engagement for this project
https://tech-coops.xyz,Tech Coops List,C1,political_relevance_summary,Tech Coops List: 5/12,Power asymmetry score 5/12 based on mechanism formality and significance relative to affected population,5,12,Score 5/12: medium based on formality and significance of power correction mechanism documented
https://tech-coops.xyz,Tech Coops List,C2,communities_served + primary_users_or_beneficiaries,Tech Coops List: 6/20,Excluded population specificity score 6/20 based on named populations and named exclusion mechanisms,6,20,Score 6/20: generic beneficiary framing for this project
https://tech-coops.xyz,Tech Coops List,C3,outcome_methodology + governance_model,Tech Coops List: 2/12,Participatory lifecycle score 2/12 based on documented community engagement stages,2,12,Score 2/12: no documented community engagement for this project
https://tech-coops.xyz,Tech Coops List,C4,documented_limitations + outcome_methodology,Tech Coops List: 2/20,Critical self-examination score 2/20 based on documented reflexivity about own power claims,2,20,Score 2/20: no evidence of self-examination for this project
https://tech-coops.xyz,Tech Coops List,C5,underdog_signal + org_type,Tech Coops List: 5/6,"Structural underdog score 5/6 based on org type, funding, institutional position, and dossier completeness",5,6,Score 5/6: grassroots minimally-funded facing resistance for this project
https://tech-coops.xyz,Tech Coops List,C6,governance_model + political_relevance_summary,Tech Coops List: 3/12,Democratic depth score 3/12 based on IAP2 level: informs-consults-involves-collaborates-empowers,3,12,Score 3/12: informs level democratic engagement for this project
https://openaccess.transparency.org.uk,Open Access – Transparency International UK,C1,political_relevance_summary,Open Access – Transparency International UK: 7/12,Power asymmetry score 7/12 based on mechanism formality and significance relative to affected population,7,12,Score 7/12: medium based on formality and significance of power correction mechanism documented
https://openaccess.transparency.org.uk,Open Access – Transparency International UK,C2,communities_served + primary_users_or_beneficiaries,Open Access – Transparency International UK: 5/20,Excluded population specificity score 5/20 based on named populations and named exclusion mechanisms,5,20,Score 5/20: generic beneficiary framing for this project
https://openaccess.transparency.org.uk,Open Access – Transparency International UK,C3,outcome_methodology + governance_model,Open Access – Transparency International UK: 2/12,Participatory lifecycle score 2/12 based on documented community engagement stages,2,12,Score 2/12: no documented community engagement for this project
https://openaccess.transparency.org.uk,Open Access – Transparency International UK,C4,documented_limitations + outcome_methodology,Open Access – Transparency International UK: 3/20,Critical self-examination score 3/20 based on documented reflexivity about own power claims,3,20,Score 3/20: no evidence of self-examination for this project
https://openaccess.transparency.org.uk,Open Access – Transparency International UK,C5,underdog_signal + org_type,Open Access – Transparency International UK: 2/6,"Structural underdog score 2/6 based on org type, funding, institutional position, and dossier completeness",2,6,Score 2/6: institutionally secure well-funded for this project
https://openaccess.transparency.org.uk,Open Access – Transparency International UK,C6,governance_model + political_relevance_summary,Open Access – Transparency International UK: 3/12,Democratic depth score 3/12 based on IAP2 level: informs-consults-involves-collaborates-empowers,3,12,Score 3/12: informs level democratic engagement for this project
https://parsethebill.com,Parse The Bill,C1,political_relevance_summary,Parse The Bill: 5/12,Power asymmetry score 5/12 based on mechanism formality and significance relative to affected population,5,12,Score 5/12: medium based on formality and significance of power correction mechanism documented
https://parsethebill.com,Parse The Bill,C2,communities_served + primary_users_or_beneficiaries,Parse The Bill: 4/20,Excluded population specificity score 4/20 based on named populations and named exclusion mechanisms,4,20,Score 4/20: generic beneficiary framing for this project
https://parsethebill.com,Parse The Bill,C3,outcome_methodology + governance_model,Parse The Bill: 1/12,Participatory lifecycle score 1/12 based on documented community engagement stages,1,12,Score 1/12: no documented community engagement for this project
https://parsethebill.com,Parse The Bill,C4,documented_limitations + outcome_methodology,Parse The Bill: 4/20,Critical self-examination score 4/20 based on documented reflexivity about own power claims,4,20,Score 4/20: no evidence of self-examination for this project
https://parsethebill.com,Parse The Bill,C5,underdog_signal + org_type,Parse The Bill: 5/6,"Structural underdog score 5/6 based on org type, funding, institutional position, and dossier completeness",5,6,Score 5/6: grassroots minimally-funded facing resistance for this project
https://parsethebill.com,Parse The Bill,C6,governance_model + political_relevance_summary,Parse The Bill: 3/12,Democratic depth score 3/12 based on IAP2 level: informs-consults-involves-collaborates-empowers,3,12,Score 3/12: informs level democratic engagement for this project
https://spartacus.app,Spartacus,C1,political_relevance_summary,Spartacus: 6/12,Power asymmetry score 6/12 based on mechanism formality and significance relative to affected population,6,12,Score 6/12: medium based on formality and significance of power correction mechanism documented
https://spartacus.app,Spartacus,C2,communities_served + primary_users_or_beneficiaries,Spartacus: 4/20,Excluded population specificity score 4/20 based on named populations and named exclusion mechanisms,4,20,Score 4/20: generic beneficiary framing for this project
https://spartacus.app,Spartacus,C3,outcome_methodology + governance_model,Spartacus: 2/12,Participatory lifecycle score 2/12 based on documented community engagement stages,2,12,Score 2/12: no documented community engagement for this project
https://spartacus.app,Spartacus,C4,documented_limitations + outcome_methodology,Spartacus: 2/20,Critical self-examination score 2/20 based on documented reflexivity about own power claims,2,20,Score 2/20: no evidence of self-examination for this project
https://spartacus.app,Spartacus,C5,underdog_signal + org_type,Spartacus: 2/6,"Structural underdog score 2/6 based on org type, funding, institutional position, and dossier completeness",2,6,Score 2/6: institutionally secure well-funded for this project
https://spartacus.app,Spartacus,C6,governance_model + political_relevance_summary,Spartacus: 6/12,Democratic depth score 6/12 based on IAP2 level: informs-consults-involves-collaborates-empowers,6,12,Score 6/12: involves/consults level democratic engagement for this project
https://opensupplyhub.org,Open Supply Hub,C1,political_relevance_summary,Open Supply Hub: 7/12,Power asymmetry score 7/12 based on mechanism formality and significance relative to affected population,7,12,Score 7/12: medium based on formality and significance of power correction mechanism documented
https://opensupplyhub.org,Open Supply Hub,C2,communities_served + primary_users_or_beneficiaries,Open Supply Hub: 9/20,Excluded population specificity score 9/20 based on named populations and named exclusion mechanisms,9,20,Score 9/20: equity framing without specific mechanism for this project
https://opensupplyhub.org,Open Supply Hub,C3,outcome_methodology + governance_model,Open Supply Hub: 3/12,Participatory lifecycle score 3/12 based on documented community engagement stages,3,12,Score 3/12: no documented community engagement for this project
https://opensupplyhub.org,Open Supply Hub,C4,documented_limitations + outcome_methodology,Open Supply Hub: 4/20,Critical self-examination score 4/20 based on documented reflexivity about own power claims,4,20,Score 4/20: no evidence of self-examination for this project
https://opensupplyhub.org,Open Supply Hub,C5,underdog_signal + org_type,Open Supply Hub: 2/6,"Structural underdog score 2/6 based on org type, funding, institutional position, and dossier completeness",2,6,Score 2/6: institutionally secure well-funded for this project
https://opensupplyhub.org,Open Supply Hub,C6,governance_model + political_relevance_summary,Open Supply Hub: 3/12,Democratic depth score 3/12 based on IAP2 level: informs-consults-involves-collaborates-empowers,3,12,Score 3/12: informs level democratic engagement for this project
https://remembertovote.org.uk,Remember to Vote,C1,political_relevance_summary,Remember to Vote: 4/12,Power asymmetry score 4/12 based on mechanism formality and significance relative to affected population,4,12,Score 4/12: low based on formality and significance of power correction mechanism documented
https://remembertovote.org.uk,Remember to Vote,C2,communities_served + primary_users_or_beneficiaries,Remember to Vote: 5/20,Excluded population specificity score 5/20 based on named populations and named exclusion mechanisms,5,20,Score 5/20: generic beneficiary framing for this project
https://remembertovote.org.uk,Remember to Vote,C3,outcome_methodology + governance_model,Remember to Vote: 3/12,Participatory lifecycle score 3/12 based on documented community engagement stages,3,12,Score 3/12: no documented community engagement for this project
https://remembertovote.org.uk,Remember to Vote,C4,documented_limitations + outcome_methodology,Remember to Vote: 2/20,Critical self-examination score 2/20 based on documented reflexivity about own power claims,2,20,Score 2/20: no evidence of self-examination for this project
https://remembertovote.org.uk,Remember to Vote,C5,underdog_signal + org_type,Remember to Vote: 5/6,"Structural underdog score 5/6 based on org type, funding, institutional position, and dossier completeness",5,6,Score 5/6: grassroots minimally-funded facing resistance for this project
https://remembertovote.org.uk,Remember to Vote,C6,governance_model + political_relevance_summary,Remember to Vote: 2/12,Democratic depth score 2/12 based on IAP2 level: informs-consults-involves-collaborates-empowers,2,12,Score 2/12: informs level democratic engagement for this project
https://thegovernmentsays.com,The Government Says,C1,political_relevance_summary,The Government Says: 5/12,Power asymmetry score 5/12 based on mechanism formality and significance relative to affected population,5,12,Score 5/12: medium based on formality and significance of power correction mechanism documented
https://thegovernmentsays.com,The Government Says,C2,communities_served + primary_users_or_beneficiaries,The Government Says: 3/20,Excluded population specificity score 3/20 based on named populations and named exclusion mechanisms,3,20,Score 3/20: generic beneficiary framing for this project
https://thegovernmentsays.com,The Government Says,C3,outcome_methodology + governance_model,The Government Says: 3/12,Participatory lifecycle score 3/12 based on documented community engagement stages,3,12,Score 3/12: no documented community engagement for this project
https://thegovernmentsays.com,The Government Says,C4,documented_limitations + outcome_methodology,The Government Says: 3/20,Critical self-examination score 3/20 based on documented reflexivity about own power claims,3,20,Score 3/20: no evidence of self-examination for this project
https://thegovernmentsays.com,The Government Says,C5,underdog_signal + org_type,The Government Says: 4/6,"Structural underdog score 4/6 based on org type, funding, institutional position, and dossier completeness",4,6,Score 4/6: some structural disadvantage for this project
https://thegovernmentsays.com,The Government Says,C6,governance_model + political_relevance_summary,The Government Says: 3/12,Democratic depth score 3/12 based on IAP2 level: informs-consults-involves-collaborates-empowers,3,12,Score 3/12: informs level democratic engagement for this project
https://openbudgets.eu,OpenBudgets.eu,C1,political_relevance_summary,OpenBudgets.eu: 6/12,Power asymmetry score 6/12 based on mechanism formality and significance relative to affected population,6,12,Score 6/12: medium based on formality and significance of power correction mechanism documented
https://openbudgets.eu,OpenBudgets.eu,C2,communities_served + primary_users_or_beneficiaries,OpenBudgets.eu: 4/20,Excluded population specificity score 4/20 based on named populations and named exclusion mechanisms,4,20,Score 4/20: generic beneficiary framing for this project
https://openbudgets.eu,OpenBudgets.eu,C3,outcome_methodology + governance_model,OpenBudgets.eu: 2/12,Participatory lifecycle score 2/12 based on documented community engagement stages,2,12,Score 2/12: no documented community engagement for this project
https://openbudgets.eu,OpenBudgets.eu,C4,documented_limitations + outcome_methodology,OpenBudgets.eu: 3/20,Critical self-examination score 3/20 based on documented reflexivity about own power claims,3,20,Score 3/20: no evidence of self-examination for this project
https://openbudgets.eu,OpenBudgets.eu,C5,underdog_signal + org_type,OpenBudgets.eu: 2/6,"Structural underdog score 2/6 based on org type, funding, institutional position, and dossier completeness",2,6,Score 2/6: institutionally secure well-funded for this project
https://openbudgets.eu,OpenBudgets.eu,C6,governance_model + political_relevance_summary,OpenBudgets.eu: 3/12,Democratic depth score 3/12 based on IAP2 level: informs-consults-involves-collaborates-empowers,3,12,Score 3/12: informs level democratic engagement for this project
https://turbophonebank.com,Turbo Phonebank,C1,political_relevance_summary,Turbo Phonebank: 4/12,Power asymmetry score 4/12 based on mechanism formality and significance relative to affected population,4,12,Score 4/12: low based on formality and significance of power correction mechanism documented
https://turbophonebank.com,Turbo Phonebank,C2,communities_served + primary_users_or_beneficiaries,Turbo Phonebank: 3/20,Excluded population specificity score 3/20 based on named populations and named exclusion mechanisms,3,20,Score 3/20: generic beneficiary framing for this project
https://turbophonebank.com,Turbo Phonebank,C3,outcome_methodology + governance_model,Turbo Phonebank: 1/12,Participatory lifecycle score 1/12 based on documented community engagement stages,1,12,Score 1/12: no documented community engagement for this project
https://turbophonebank.com,Turbo Phonebank,C4,documented_limitations + outcome_methodology,Turbo Phonebank: 2/20,Critical self-examination score 2/20 based on documented reflexivity about own power claims,2,20,Score 2/20: no evidence of self-examination for this project
https://turbophonebank.com,Turbo Phonebank,C5,underdog_signal + org_type,Turbo Phonebank: 5/6,"Structural underdog score 5/6 based on org type, funding, institutional position, and dossier completeness",5,6,Score 5/6: grassroots minimally-funded facing resistance for this project
https://turbophonebank.com,Turbo Phonebank,C6,governance_model + political_relevance_summary,Turbo Phonebank: 5/12,Democratic depth score 5/12 based on IAP2 level: informs-consults-involves-collaborates-empowers,5,12,Score 5/12: involves/consults level democratic engagement for this project
https://public.tableau.com/app/profile/citizensadvice/vizzes,Citizens Advice Tableau Public Profile,C1,political_relevance_summary,Citizens Advice Tableau Public Profile: 5/12,Power asymmetry score 5/12 based on mechanism formality and significance relative to affected population,5,12,Score 5/12: medium based on formality and significance of power correction mechanism documented
https://public.tableau.com/app/profile/citizensadvice/vizzes,Citizens Advice Tableau Public Profile,C2,communities_served + primary_users_or_beneficiaries,Citizens Advice Tableau Public Profile: 7/20,Excluded population specificity score 7/20 based on named populations and named exclusion mechanisms,7,20,Score 7/20: generic beneficiary framing for this project
https://public.tableau.com/app/profile/citizensadvice/vizzes,Citizens Advice Tableau Public Profile,C3,outcome_methodology + governance_model,Citizens Advice Tableau Public Profile: 2/12,Participatory lifecycle score 2/12 based on documented community engagement stages,2,12,Score 2/12: no documented community engagement for this project
https://public.tableau.com/app/profile/citizensadvice/vizzes,Citizens Advice Tableau Public Profile,C4,documented_limitations + outcome_methodology,Citizens Advice Tableau Public Profile: 2/20,Critical self-examination score 2/20 based on documented reflexivity about own power claims,2,20,Score 2/20: no evidence of self-examination for this project
https://public.tableau.com/app/profile/citizensadvice/vizzes,Citizens Advice Tableau Public Profile,C5,underdog_signal + org_type,Citizens Advice Tableau Public Profile: 1/6,"Structural underdog score 1/6 based on org type, funding, institutional position, and dossier completeness",1,6,Score 1/6: institutionally secure well-funded for this project
https://public.tableau.com/app/profile/citizensadvice/vizzes,Citizens Advice Tableau Public Profile,C6,governance_model + political_relevance_summary,Citizens Advice Tableau Public Profile: 2/12,Democratic depth score 2/12 based on IAP2 level: informs-consults-involves-collaborates-empowers,2,12,Score 2/12: informs level democratic engagement for this project
https://osintframework.com,OSINT Framework,C1,political_relevance_summary,OSINT Framework: 5/12,Power asymmetry score 5/12 based on mechanism formality and significance relative to affected population,5,12,Score 5/12: medium based on formality and significance of power correction mechanism documented
https://osintframework.com,OSINT Framework,C2,communities_served + primary_users_or_beneficiaries,OSINT Framework: 3/20,Excluded population specificity score 3/20 based on named populations and named exclusion mechanisms,3,20,Score 3/20: generic beneficiary framing for this project
https://osintframework.com,OSINT Framework,C3,outcome_methodology + governance_model,OSINT Framework: 1/12,Participatory lifecycle score 1/12 based on documented community engagement stages,1,12,Score 1/12: no documented community engagement for this project
https://osintframework.com,OSINT Framework,C4,documented_limitations + outcome_methodology,OSINT Framework: 2/20,Critical self-examination score 2/20 based on documented reflexivity about own power claims,2,20,Score 2/20: no evidence of self-examination for this project
https://osintframework.com,OSINT Framework,C5,underdog_signal + org_type,OSINT Framework: 5/6,"Structural underdog score 5/6 based on org type, funding, institutional position, and dossier completeness",5,6,Score 5/6: grassroots minimally-funded facing resistance for this project
https://osintframework.com,OSINT Framework,C6,governance_model + political_relevance_summary,OSINT Framework: 2/12,Democratic depth score 2/12 based on IAP2 level: informs-consults-involves-collaborates-empowers,2,12,Score 2/12: informs level democratic engagement for this project
https://the-list.uk,The List,C1,political_relevance_summary,The List: 3/12,Power asymmetry score 3/12 based on mechanism formality and significance relative to affected population,3,12,Score 3/12: low based on formality and significance of power correction mechanism documented
https://the-list.uk,The List,C2,communities_served + primary_users_or_beneficiaries,The List: 3/20,Excluded population specificity score 3/20 based on named populations and named exclusion mechanisms,3,20,Score 3/20: generic beneficiary framing for this project
https://the-list.uk,The List,C3,outcome_methodology + governance_model,The List: 3/12,Participatory lifecycle score 3/12 based on documented community engagement stages,3,12,Score 3/12: no documented community engagement for this project
https://the-list.uk,The List,C4,documented_limitations + outcome_methodology,The List: 2/20,Critical self-examination score 2/20 based on documented reflexivity about own power claims,2,20,Score 2/20: no evidence of self-examination for this project
https://the-list.uk,The List,C5,underdog_signal + org_type,The List: 5/6,"Structural underdog score 5/6 based on org type, funding, institutional position, and dossier completeness",5,6,Score 5/6: grassroots minimally-funded facing resistance for this project
https://the-list.uk,The List,C6,governance_model + political_relevance_summary,The List: 2/12,Democratic depth score 2/12 based on IAP2 level: informs-consults-involves-collaborates-empowers,2,12,Score 2/12: informs level democratic engagement for this project
https://opencouncildata.co.uk,Open Council Data UK,C1,political_relevance_summary,Open Council Data UK: 4/12,Power asymmetry score 4/12 based on mechanism formality and significance relative to affected population,4,12,Score 4/12: low based on formality and significance of power correction mechanism documented
https://opencouncildata.co.uk,Open Council Data UK,C2,communities_served + primary_users_or_beneficiaries,Open Council Data UK: 3/20,Excluded population specificity score 3/20 based on named populations and named exclusion mechanisms,3,20,Score 3/20: generic beneficiary framing for this project
https://opencouncildata.co.uk,Open Council Data UK,C3,outcome_methodology + governance_model,Open Council Data UK: 1/12,Participatory lifecycle score 1/12 based on documented community engagement stages,1,12,Score 1/12: no documented community engagement for this project
https://opencouncildata.co.uk,Open Council Data UK,C4,documented_limitations + outcome_methodology,Open Council Data UK: 2/20,Critical self-examination score 2/20 based on documented reflexivity about own power claims,2,20,Score 2/20: no evidence of self-examination for this project
https://opencouncildata.co.uk,Open Council Data UK,C5,underdog_signal + org_type,Open Council Data UK: 4/6,"Structural underdog score 4/6 based on org type, funding, institutional position, and dossier completeness",4,6,Score 4/6: some structural disadvantage for this project
https://opencouncildata.co.uk,Open Council Data UK,C6,governance_model + political_relevance_summary,Open Council Data UK: 2/12,Democratic depth score 2/12 based on IAP2 level: informs-consults-involves-collaborates-empowers,2,12,Score 2/12: informs level democratic engagement for this project
https://osf.io,Open Science Framework,C1,political_relevance_summary,Open Science Framework: 5/12,Power asymmetry score 5/12 based on mechanism formality and significance relative to affected population,5,12,Score 5/12: medium based on formality and significance of power correction mechanism documented
https://osf.io,Open Science Framework,C2,communities_served + primary_users_or_beneficiaries,Open Science Framework: 3/20,Excluded population specificity score 3/20 based on named populations and named exclusion mechanisms,3,20,Score 3/20: generic beneficiary framing for this project
https://osf.io,Open Science Framework,C3,outcome_methodology + governance_model,Open Science Framework: 2/12,Participatory lifecycle score 2/12 based on documented community engagement stages,2,12,Score 2/12: no documented community engagement for this project
https://osf.io,Open Science Framework,C4,documented_limitations + outcome_methodology,Open Science Framework: 3/20,Critical self-examination score 3/20 based on documented reflexivity about own power claims,3,20,Score 3/20: no evidence of self-examination for this project
https://osf.io,Open Science Framework,C5,underdog_signal + org_type,Open Science Framework: 1/6,"Structural underdog score 1/6 based on org type, funding, institutional position, and dossier completeness",1,6,Score 1/6: institutionally secure well-funded for this project
https://osf.io,Open Science Framework,C6,governance_model + political_relevance_summary,Open Science Framework: 2/12,Democratic depth score 2/12 based on IAP2 level: informs-consults-involves-collaborates-empowers,2,12,Score 2/12: informs level democratic engagement for this project
https://postbug.com,PostBug,C1,political_relevance_summary,PostBug: 3/12,Power asymmetry score 3/12 based on mechanism formality and significance relative to affected population,3,12,Score 3/12: low based on formality and significance of power correction mechanism documented
https://postbug.com,PostBug,C2,communities_served + primary_users_or_beneficiaries,PostBug: 3/20,Excluded population specificity score 3/20 based on named populations and named exclusion mechanisms,3,20,Score 3/20: generic beneficiary framing for this project
https://postbug.com,PostBug,C3,outcome_methodology + governance_model,PostBug: 1/12,Participatory lifecycle score 1/12 based on documented community engagement stages,1,12,Score 1/12: no documented community engagement for this project
https://postbug.com,PostBug,C4,documented_limitations + outcome_methodology,PostBug: 2/20,Critical self-examination score 2/20 based on documented reflexivity about own power claims,2,20,Score 2/20: no evidence of self-examination for this project
https://postbug.com,PostBug,C5,underdog_signal + org_type,PostBug: 2/6,"Structural underdog score 2/6 based on org type, funding, institutional position, and dossier completeness",2,6,Score 2/6: institutionally secure well-funded for this project
https://postbug.com,PostBug,C6,governance_model + political_relevance_summary,PostBug: 5/12,Democratic depth score 5/12 based on IAP2 level: informs-consults-involves-collaborates-empowers,5,12,Score 5/12: involves/consults level democratic engagement for this project
https://shareyourpaper.org,Shareyourpaper.org,C1,political_relevance_summary,Shareyourpaper.org: 5/12,Power asymmetry score 5/12 based on mechanism formality and significance relative to affected population,5,12,Score 5/12: medium based on formality and significance of power correction mechanism documented
https://shareyourpaper.org,Shareyourpaper.org,C2,communities_served + primary_users_or_beneficiaries,Shareyourpaper.org: 3/20,Excluded population specificity score 3/20 based on named populations and named exclusion mechanisms,3,20,Score 3/20: generic beneficiary framing for this project
https://shareyourpaper.org,Shareyourpaper.org,C3,outcome_methodology + governance_model,Shareyourpaper.org: 1/12,Participatory lifecycle score 1/12 based on documented community engagement stages,1,12,Score 1/12: no documented community engagement for this project
https://shareyourpaper.org,Shareyourpaper.org,C4,documented_limitations + outcome_methodology,Shareyourpaper.org: 2/20,Critical self-examination score 2/20 based on documented reflexivity about own power claims,2,20,Score 2/20: no evidence of self-examination for this project
https://shareyourpaper.org,Shareyourpaper.org,C5,underdog_signal + org_type,Shareyourpaper.org: 3/6,"Structural underdog score 3/6 based on org type, funding, institutional position, and dossier completeness",3,6,Score 3/6: some structural disadvantage for this project
https://shareyourpaper.org,Shareyourpaper.org,C6,governance_model + political_relevance_summary,Shareyourpaper.org: 2/12,Democratic depth score 2/12 based on IAP2 level: informs-consults-involves-collaborates-empowers,2,12,Score 2/12: informs level democratic engagement for this project
https://site.urbanistai.com,UrbanistAI,C1,political_relevance_summary,UrbanistAI: 6/12,Power asymmetry score 6/12 based on mechanism formality and significance relative to affected population,6,12,Score 6/12: medium based on formality and significance of power correction mechanism documented
https://site.urbanistai.com,UrbanistAI,C2,communities_served + primary_users_or_beneficiaries,UrbanistAI: 5/20,Excluded population specificity score 5/20 based on named populations and named exclusion mechanisms,5,20,Score 5/20: generic beneficiary framing for this project
https://site.urbanistai.com,UrbanistAI,C3,outcome_methodology + governance_model,UrbanistAI: 3/12,Participatory lifecycle score 3/12 based on documented community engagement stages,3,12,Score 3/12: no documented community engagement for this project
https://site.urbanistai.com,UrbanistAI,C4,documented_limitations + outcome_methodology,UrbanistAI: 2/20,Critical self-examination score 2/20 based on documented reflexivity about own power claims,2,20,Score 2/20: no evidence of self-examination for this project
https://site.urbanistai.com,UrbanistAI,C5,underdog_signal + org_type,UrbanistAI: 3/6,"Structural underdog score 3/6 based on org type, funding, institutional position, and dossier completeness",3,6,Score 3/6: some structural disadvantage for this project
https://site.urbanistai.com,UrbanistAI,C6,governance_model + political_relevance_summary,UrbanistAI: 6/12,Democratic depth score 6/12 based on IAP2 level: informs-consults-involves-collaborates-empowers,6,12,Score 6/12: involves/consults level democratic engagement for this project
https://spacetu.be,Spacetube,C1,political_relevance_summary,Spacetube: 2/12,Power asymmetry score 2/12 based on mechanism formality and significance relative to affected population,2,12,Score 2/12: low based on formality and significance of power correction mechanism documented
https://spacetu.be,Spacetube,C2,communities_served + primary_users_or_beneficiaries,Spacetube: 2/20,Excluded population specificity score 2/20 based on named populations and named exclusion mechanisms,2,20,Score 2/20: generic beneficiary framing for this project
https://spacetu.be,Spacetube,C3,outcome_methodology + governance_model,Spacetube: 1/12,Participatory lifecycle score 1/12 based on documented community engagement stages,1,12,Score 1/12: no documented community engagement for this project
https://spacetu.be,Spacetube,C4,documented_limitations + outcome_methodology,Spacetube: 2/20,Critical self-examination score 2/20 based on documented reflexivity about own power claims,2,20,Score 2/20: no evidence of self-examination for this project
https://spacetu.be,Spacetube,C5,underdog_signal + org_type,Spacetube: 5/6,"Structural underdog score 5/6 based on org type, funding, institutional position, and dossier completeness",5,6,Score 5/6: grassroots minimally-funded facing resistance for this project
https://spacetu.be,Spacetube,C6,governance_model + political_relevance_summary,Spacetube: 4/12,Democratic depth score 4/12 based on IAP2 level: informs-consults-involves-collaborates-empowers,4,12,Score 4/12: informs level democratic engagement for this project
https://onodi.co/bisect/,Theft Bisect,C1,political_relevance_summary,Theft Bisect: 4/12,Power asymmetry score 4/12 based on mechanism formality and significance relative to affected population,4,12,Score 4/12: low based on formality and significance of power correction mechanism documented
https://onodi.co/bisect/,Theft Bisect,C2,communities_served + primary_users_or_beneficiaries,Theft Bisect: 3/20,Excluded population specificity score 3/20 based on named populations and named exclusion mechanisms,3,20,Score 3/20: generic beneficiary framing for this project
https://onodi.co/bisect/,Theft Bisect,C3,outcome_methodology + governance_model,Theft Bisect: 1/12,Participatory lifecycle score 1/12 based on documented community engagement stages,1,12,Score 1/12: no documented community engagement for this project
https://onodi.co/bisect/,Theft Bisect,C4,documented_limitations + outcome_methodology,Theft Bisect: 3/20,Critical self-examination score 3/20 based on documented reflexivity about own power claims,3,20,Score 3/20: no evidence of self-examination for this project
https://onodi.co/bisect/,Theft Bisect,C5,underdog_signal + org_type,Theft Bisect: 5/6,"Structural underdog score 5/6 based on org type, funding, institutional position, and dossier completeness",5,6,Score 5/6: grassroots minimally-funded facing resistance for this project
https://onodi.co/bisect/,Theft Bisect,C6,governance_model + political_relevance_summary,Theft Bisect: 2/12,Democratic depth score 2/12 based on IAP2 level: informs-consults-involves-collaborates-empowers,2,12,Score 2/12: informs level democratic engagement for this project
https://orcid.org,ORCID,C1,political_relevance_summary,ORCID: 4/12,Power asymmetry score 4/12 based on mechanism formality and significance relative to affected population,4,12,Score 4/12: low based on formality and significance of power correction mechanism documented
https://orcid.org,ORCID,C2,communities_served + primary_users_or_beneficiaries,ORCID: 3/20,Excluded population specificity score 3/20 based on named populations and named exclusion mechanisms,3,20,Score 3/20: generic beneficiary framing for this project
https://orcid.org,ORCID,C3,outcome_methodology + governance_model,ORCID: 2/12,Participatory lifecycle score 2/12 based on documented community engagement stages,2,12,Score 2/12: no documented community engagement for this project
https://orcid.org,ORCID,C4,documented_limitations + outcome_methodology,ORCID: 3/20,Critical self-examination score 3/20 based on documented reflexivity about own power claims,3,20,Score 3/20: no evidence of self-examination for this project
https://orcid.org,ORCID,C5,underdog_signal + org_type,ORCID: 1/6,"Structural underdog score 1/6 based on org type, funding, institutional position, and dossier completeness",1,6,Score 1/6: institutionally secure well-funded for this project
https://orcid.org,ORCID,C6,governance_model + political_relevance_summary,ORCID: 2/12,Democratic depth score 2/12 based on IAP2 level: informs-consults-involves-collaborates-empowers,2,12,Score 2/12: informs level democratic engagement for this project
https://opendatacommunities.org,Open Data Communities,C1,political_relevance_summary,Open Data Communities: 5/12,Power asymmetry score 5/12 based on mechanism formality and significance relative to affected population,5,12,Score 5/12: medium based on formality and significance of power correction mechanism documented
https://opendatacommunities.org,Open Data Communities,C2,communities_served + primary_users_or_beneficiaries,Open Data Communities: 3/20,Excluded population specificity score 3/20 based on named populations and named exclusion mechanisms,3,20,Score 3/20: generic beneficiary framing for this project
https://opendatacommunities.org,Open Data Communities,C3,outcome_methodology + governance_model,Open Data Communities: 2/12,Participatory lifecycle score 2/12 based on documented community engagement stages,2,12,Score 2/12: no documented community engagement for this project
https://opendatacommunities.org,Open Data Communities,C4,documented_limitations + outcome_methodology,Open Data Communities: 2/20,Critical self-examination score 2/20 based on documented reflexivity about own power claims,2,20,Score 2/20: no evidence of self-examination for this project
https://opendatacommunities.org,Open Data Communities,C5,underdog_signal + org_type,Open Data Communities: 1/6,"Structural underdog score 1/6 based on org type, funding, institutional position, and dossier completeness",1,6,Score 1/6: institutionally secure well-funded for this project
https://opendatacommunities.org,Open Data Communities,C6,governance_model + political_relevance_summary,Open Data Communities: 2/12,Democratic depth score 2/12 based on IAP2 level: informs-consults-involves-collaborates-empowers,2,12,Score 2/12: informs level democratic engagement for this project
https://timecounts.org,Timecounts,C1,political_relevance_summary,Timecounts: 3/12,Power asymmetry score 3/12 based on mechanism formality and significance relative to affected population,3,12,Score 3/12: low based on formality and significance of power correction mechanism documented
https://timecounts.org,Timecounts,C2,communities_served + primary_users_or_beneficiaries,Timecounts: 3/20,Excluded population specificity score 3/20 based on named populations and named exclusion mechanisms,3,20,Score 3/20: generic beneficiary framing for this project
https://timecounts.org,Timecounts,C3,outcome_methodology + governance_model,Timecounts: 2/12,Participatory lifecycle score 2/12 based on documented community engagement stages,2,12,Score 2/12: no documented community engagement for this project
https://timecounts.org,Timecounts,C4,documented_limitations + outcome_methodology,Timecounts: 2/20,Critical self-examination score 2/20 based on documented reflexivity about own power claims,2,20,Score 2/20: no evidence of self-examination for this project
https://timecounts.org,Timecounts,C5,underdog_signal + org_type,Timecounts: 3/6,"Structural underdog score 3/6 based on org type, funding, institutional position, and dossier completeness",3,6,Score 3/6: some structural disadvantage for this project
https://timecounts.org,Timecounts,C6,governance_model + political_relevance_summary,Timecounts: 2/12,Democratic depth score 2/12 based on IAP2 level: informs-consults-involves-collaborates-empowers,2,12,Score 2/12: informs level democratic engagement for this project
https://radicle.xyz,Radicle,C1,political_relevance_summary,Radicle: 3/12,Power asymmetry score 3/12 based on mechanism formality and significance relative to affected population,3,12,Score 3/12: low based on formality and significance of power correction mechanism documented
https://radicle.xyz,Radicle,C2,communities_served + primary_users_or_beneficiaries,Radicle: 2/20,Excluded population specificity score 2/20 based on named populations and named exclusion mechanisms,2,20,Score 2/20: generic beneficiary framing for this project
https://radicle.xyz,Radicle,C3,outcome_methodology + governance_model,Radicle: 1/12,Participatory lifecycle score 1/12 based on documented community engagement stages,1,12,Score 1/12: no documented community engagement for this project
https://radicle.xyz,Radicle,C4,documented_limitations + outcome_methodology,Radicle: 2/20,Critical self-examination score 2/20 based on documented reflexivity about own power claims,2,20,Score 2/20: no evidence of self-examination for this project
https://radicle.xyz,Radicle,C5,underdog_signal + org_type,Radicle: 4/6,"Structural underdog score 4/6 based on org type, funding, institutional position, and dossier completeness",4,6,Score 4/6: some structural disadvantage for this project
https://radicle.xyz,Radicle,C6,governance_model + political_relevance_summary,Radicle: 5/12,Democratic depth score 5/12 based on IAP2 level: informs-consults-involves-collaborates-empowers,5,12,Score 5/12: involves/consults level democratic engagement for this project
https://semanticclimate.github.io,semanticClimate,C1,political_relevance_summary,semanticClimate: 4/12,Power asymmetry score 4/12 based on mechanism formality and significance relative to affected population,4,12,Score 4/12: low based on formality and significance of power correction mechanism documented
https://semanticclimate.github.io,semanticClimate,C2,communities_served + primary_users_or_beneficiaries,semanticClimate: 3/20,Excluded population specificity score 3/20 based on named populations and named exclusion mechanisms,3,20,Score 3/20: generic beneficiary framing for this project
https://semanticclimate.github.io,semanticClimate,C3,outcome_methodology + governance_model,semanticClimate: 1/12,Participatory lifecycle score 1/12 based on documented community engagement stages,1,12,Score 1/12: no documented community engagement for this project
https://semanticclimate.github.io,semanticClimate,C4,documented_limitations + outcome_methodology,semanticClimate: 2/20,Critical self-examination score 2/20 based on documented reflexivity about own power claims,2,20,Score 2/20: no evidence of self-examination for this project
https://semanticclimate.github.io,semanticClimate,C5,underdog_signal + org_type,semanticClimate: 2/6,"Structural underdog score 2/6 based on org type, funding, institutional position, and dossier completeness",2,6,Score 2/6: institutionally secure well-funded for this project
https://semanticclimate.github.io,semanticClimate,C6,governance_model + political_relevance_summary,semanticClimate: 2/12,Democratic depth score 2/12 based on IAP2 level: informs-consults-involves-collaborates-empowers,2,12,Score 2/12: informs level democratic engagement for this project
https://pageviews.wmcloud.org,Pageviews Analysis,C1,political_relevance_summary,Pageviews Analysis: 2/12,Power asymmetry score 2/12 based on mechanism formality and significance relative to affected population,2,12,Score 2/12: low based on formality and significance of power correction mechanism documented
https://pageviews.wmcloud.org,Pageviews Analysis,C2,communities_served + primary_users_or_beneficiaries,Pageviews Analysis: 2/20,Excluded population specificity score 2/20 based on named populations and named exclusion mechanisms,2,20,Score 2/20: generic beneficiary framing for this project
https://pageviews.wmcloud.org,Pageviews Analysis,C3,outcome_methodology + governance_model,Pageviews Analysis: 1/12,Participatory lifecycle score 1/12 based on documented community engagement stages,1,12,Score 1/12: no documented community engagement for this project
https://pageviews.wmcloud.org,Pageviews Analysis,C4,documented_limitations + outcome_methodology,Pageviews Analysis: 2/20,Critical self-examination score 2/20 based on documented reflexivity about own power claims,2,20,Score 2/20: no evidence of self-examination for this project
https://pageviews.wmcloud.org,Pageviews Analysis,C5,underdog_signal + org_type,Pageviews Analysis: 5/6,"Structural underdog score 5/6 based on org type, funding, institutional position, and dossier completeness",5,6,Score 5/6: grassroots minimally-funded facing resistance for this project
https://pageviews.wmcloud.org,Pageviews Analysis,C6,governance_model + political_relevance_summary,Pageviews Analysis: 1/12,Democratic depth score 1/12 based on IAP2 level: informs-consults-involves-collaborates-empowers,1,12,Score 1/12: informs level democratic engagement for this project
https://plausible.io,Plausible Analytics,C1,political_relevance_summary,Plausible Analytics: 3/12,Power asymmetry score 3/12 based on mechanism formality and significance relative to affected population,3,12,Score 3/12: low based on formality and significance of power correction mechanism documented
https://plausible.io,Plausible Analytics,C2,communities_served + primary_users_or_beneficiaries,Plausible Analytics: 2/20,Excluded population specificity score 2/20 based on named populations and named exclusion mechanisms,2,20,Score 2/20: generic beneficiary framing for this project
https://plausible.io,Plausible Analytics,C3,outcome_methodology + governance_model,Plausible Analytics: 1/12,Participatory lifecycle score 1/12 based on documented community engagement stages,1,12,Score 1/12: no documented community engagement for this project
https://plausible.io,Plausible Analytics,C4,documented_limitations + outcome_methodology,Plausible Analytics: 2/20,Critical self-examination score 2/20 based on documented reflexivity about own power claims,2,20,Score 2/20: no evidence of self-examination for this project
https://plausible.io,Plausible Analytics,C5,underdog_signal + org_type,Plausible Analytics: 3/6,"Structural underdog score 3/6 based on org type, funding, institutional position, and dossier completeness",3,6,Score 3/6: some structural disadvantage for this project
https://plausible.io,Plausible Analytics,C6,governance_model + political_relevance_summary,Plausible Analytics: 2/12,Democratic depth score 2/12 based on IAP2 level: informs-consults-involves-collaborates-empowers,2,12,Score 2/12: informs level democratic engagement for this project
https://riversentiment.app,River Sentiment Dashboard,C1,political_relevance_summary,River Sentiment Dashboard: 3/12,Power asymmetry score 3/12 based on mechanism formality and significance relative to affected population,3,12,Score 3/12: low based on formality and significance of power correction mechanism documented
https://riversentiment.app,River Sentiment Dashboard,C2,communities_served + primary_users_or_beneficiaries,River Sentiment Dashboard: 3/20,Excluded population specificity score 3/20 based on named populations and named exclusion mechanisms,3,20,Score 3/20: generic beneficiary framing for this project
https://riversentiment.app,River Sentiment Dashboard,C3,outcome_methodology + governance_model,River Sentiment Dashboard: 1/12,Participatory lifecycle score 1/12 based on documented community engagement stages,1,12,Score 1/12: no documented community engagement for this project
https://riversentiment.app,River Sentiment Dashboard,C4,documented_limitations + outcome_methodology,River Sentiment Dashboard: 2/20,Critical self-examination score 2/20 based on documented reflexivity about own power claims,2,20,Score 2/20: no evidence of self-examination for this project
https://riversentiment.app,River Sentiment Dashboard,C5,underdog_signal + org_type,River Sentiment Dashboard: 2/6,"Structural underdog score 2/6 based on org type, funding, institutional position, and dossier completeness",2,6,Score 2/6: institutionally secure well-funded for this project
https://riversentiment.app,River Sentiment Dashboard,C6,governance_model + political_relevance_summary,River Sentiment Dashboard: 2/12,Democratic depth score 2/12 based on IAP2 level: informs-consults-involves-collaborates-empowers,2,12,Score 2/12: informs level democratic engagement for this project
https://standards.theodi.org,Open Standards for Data Guidebook,C1,political_relevance_summary,Open Standards for Data Guidebook: 3/12,Power asymmetry score 3/12 based on mechanism formality and significance relative to affected population,3,12,Score 3/12: low based on formality and significance of power correction mechanism documented
https://standards.theodi.org,Open Standards for Data Guidebook,C2,communities_served + primary_users_or_beneficiaries,Open Standards for Data Guidebook: 2/20,Excluded population specificity score 2/20 based on named populations and named exclusion mechanisms,2,20,Score 2/20: generic beneficiary framing for this project
https://standards.theodi.org,Open Standards for Data Guidebook,C3,outcome_methodology + governance_model,Open Standards for Data Guidebook: 3/12,Participatory lifecycle score 3/12 based on documented community engagement stages,3,12,Score 3/12: no documented community engagement for this project
https://standards.theodi.org,Open Standards for Data Guidebook,C4,documented_limitations + outcome_methodology,Open Standards for Data Guidebook: 2/20,Critical self-examination score 2/20 based on documented reflexivity about own power claims,2,20,Score 2/20: no evidence of self-examination for this project
https://standards.theodi.org,Open Standards for Data Guidebook,C5,underdog_signal + org_type,Open Standards for Data Guidebook: 1/6,"Structural underdog score 1/6 based on org type, funding, institutional position, and dossier completeness",1,6,Score 1/6: institutionally secure well-funded for this project
https://standards.theodi.org,Open Standards for Data Guidebook,C6,governance_model + political_relevance_summary,Open Standards for Data Guidebook: 2/12,Democratic depth score 2/12 based on IAP2 level: informs-consults-involves-collaborates-empowers,2,12,Score 2/12: informs level democratic engagement for this project
https://research.localgov.digital,User Research Library,C1,political_relevance_summary,User Research Library: 3/12,Power asymmetry score 3/12 based on mechanism formality and significance relative to affected population,3,12,Score 3/12: low based on formality and significance of power correction mechanism documented
https://research.localgov.digital,User Research Library,C2,communities_served + primary_users_or_beneficiaries,User Research Library: 2/20,Excluded population specificity score 2/20 based on named populations and named exclusion mechanisms,2,20,Score 2/20: generic beneficiary framing for this project
https://research.localgov.digital,User Research Library,C3,outcome_methodology + governance_model,User Research Library: 2/12,Participatory lifecycle score 2/12 based on documented community engagement stages,2,12,Score 2/12: no documented community engagement for this project
https://research.localgov.digital,User Research Library,C4,documented_limitations + outcome_methodology,User Research Library: 2/20,Critical self-examination score 2/20 based on documented reflexivity about own power claims,2,20,Score 2/20: no evidence of self-examination for this project
https://research.localgov.digital,User Research Library,C5,underdog_signal + org_type,User Research Library: 1/6,"Structural underdog score 1/6 based on org type, funding, institutional position, and dossier completeness",1,6,Score 1/6: institutionally secure well-funded for this project
https://research.localgov.digital,User Research Library,C6,governance_model + political_relevance_summary,User Research Library: 2/12,Democratic depth score 2/12 based on IAP2 level: informs-consults-involves-collaborates-empowers,2,12,Score 2/12: informs level democratic engagement for this project
https://schema.org,Schema.org,C1,political_relevance_summary,Schema.org: 2/12,Power asymmetry score 2/12 based on mechanism formality and significance relative to affected population,2,12,Score 2/12: low based on formality and significance of power correction mechanism documented
https://schema.org,Schema.org,C2,communities_served + primary_users_or_beneficiaries,Schema.org: 1/20,Excluded population specificity score 1/20 based on named populations and named exclusion mechanisms,1,20,Score 1/20: generic beneficiary framing for this project
https://schema.org,Schema.org,C3,outcome_methodology + governance_model,Schema.org: 3/12,Participatory lifecycle score 3/12 based on documented community engagement stages,3,12,Score 3/12: no documented community engagement for this project
https://schema.org,Schema.org,C4,documented_limitations + outcome_methodology,Schema.org: 2/20,Critical self-examination score 2/20 based on documented reflexivity about own power claims,2,20,Score 2/20: no evidence of self-examination for this project
https://schema.org,Schema.org,C5,underdog_signal + org_type,Schema.org: 1/6,"Structural underdog score 1/6 based on org type, funding, institutional position, and dossier completeness",1,6,Score 1/6: institutionally secure well-funded for this project
https://schema.org,Schema.org,C6,governance_model + political_relevance_summary,Schema.org: 5/12,Democratic depth score 5/12 based on IAP2 level: informs-consults-involves-collaborates-empowers,5,12,Score 5/12: involves/consults level democratic engagement for this project
https://overton.io,Overton,C1,political_relevance_summary,Overton: 3/12,Power asymmetry score 3/12 based on mechanism formality and significance relative to affected population,3,12,Score 3/12: low based on formality and significance of power correction mechanism documented
https://overton.io,Overton,C2,communities_served + primary_users_or_beneficiaries,Overton: 2/20,Excluded population specificity score 2/20 based on named populations and named exclusion mechanisms,2,20,Score 2/20: generic beneficiary framing for this project
https://overton.io,Overton,C3,outcome_methodology + governance_model,Overton: 1/12,Participatory lifecycle score 1/12 based on documented community engagement stages,1,12,Score 1/12: no documented community engagement for this project
https://overton.io,Overton,C4,documented_limitations + outcome_methodology,Overton: 2/20,Critical self-examination score 2/20 based on documented reflexivity about own power claims,2,20,Score 2/20: no evidence of self-examination for this project
https://overton.io,Overton,C5,underdog_signal + org_type,Overton: 1/6,"Structural underdog score 1/6 based on org type, funding, institutional position, and dossier completeness",1,6,Score 1/6: institutionally secure well-funded for this project
https://overton.io,Overton,C6,governance_model + political_relevance_summary,Overton: 2/12,Democratic depth score 2/12 based on IAP2 level: informs-consults-involves-collaborates-empowers,2,12,Score 2/12: informs level democratic engagement for this project
https://theodi.org/insights/reports/registers-and-collaboration-making-lists-we-can-trust-report,Registers and Collaboration: Making Lists We Can Trust,C1,political_relevance_summary,Registers and Collaboration: Making Lists We Can Trust: 3/12,Power asymmetry score 3/12 based on mechanism formality and significance relative to affected population,3,12,Score 3/12: low based on formality and significance of power correction mechanism documented
https://theodi.org/insights/reports/registers-and-collaboration-making-lists-we-can-trust-report,Registers and Collaboration: Making Lists We Can Trust,C2,communities_served + primary_users_or_beneficiaries,Registers and Collaboration: Making Lists We Can Trust: 2/20,Excluded population specificity score 2/20 based on named populations and named exclusion mechanisms,2,20,Score 2/20: generic beneficiary framing for this project
https://theodi.org/insights/reports/registers-and-collaboration-making-lists-we-can-trust-report,Registers and Collaboration: Making Lists We Can Trust,C3,outcome_methodology + governance_model,Registers and Collaboration: Making Lists We Can Trust: 1/12,Participatory lifecycle score 1/12 based on documented community engagement stages,1,12,Score 1/12: no documented community engagement for this project
https://theodi.org/insights/reports/registers-and-collaboration-making-lists-we-can-trust-report,Registers and Collaboration: Making Lists We Can Trust,C4,documented_limitations + outcome_methodology,Registers and Collaboration: Making Lists We Can Trust: 2/20,Critical self-examination score 2/20 based on documented reflexivity about own power claims,2,20,Score 2/20: no evidence of self-examination for this project
https://theodi.org/insights/reports/registers-and-collaboration-making-lists-we-can-trust-report,Registers and Collaboration: Making Lists We Can Trust,C5,underdog_signal + org_type,Registers and Collaboration: Making Lists We Can Trust: 1/6,"Structural underdog score 1/6 based on org type, funding, institutional position, and dossier completeness",1,6,Score 1/6: institutionally secure well-funded for this project
https://theodi.org/insights/reports/registers-and-collaboration-making-lists-we-can-trust-report,Registers and Collaboration: Making Lists We Can Trust,C6,governance_model + political_relevance_summary,Registers and Collaboration: Making Lists We Can Trust: 2/12,Democratic depth score 2/12 based on IAP2 level: informs-consults-involves-collaborates-empowers,2,12,Score 2/12: informs level democratic engagement for this project
https://publicmediastack.com,Public Media Stack,C1,political_relevance_summary,Public Media Stack: 2/12,Power asymmetry score 2/12 based on mechanism formality and significance relative to affected population,2,12,Score 2/12: low based on formality and significance of power correction mechanism documented
https://publicmediastack.com,Public Media Stack,C2,communities_served + primary_users_or_beneficiaries,Public Media Stack: 2/20,Excluded population specificity score 2/20 based on named populations and named exclusion mechanisms,2,20,Score 2/20: generic beneficiary framing for this project
https://publicmediastack.com,Public Media Stack,C3,outcome_methodology + governance_model,Public Media Stack: 1/12,Participatory lifecycle score 1/12 based on documented community engagement stages,1,12,Score 1/12: no documented community engagement for this project
https://publicmediastack.com,Public Media Stack,C4,documented_limitations + outcome_methodology,Public Media Stack: 2/20,Critical self-examination score 2/20 based on documented reflexivity about own power claims,2,20,Score 2/20: no evidence of self-examination for this project
https://publicmediastack.com,Public Media Stack,C5,underdog_signal + org_type,Public Media Stack: 1/6,"Structural underdog score 1/6 based on org type, funding, institutional position, and dossier completeness",1,6,Score 1/6: institutionally secure well-funded for this project
https://publicmediastack.com,Public Media Stack,C6,governance_model + political_relevance_summary,Public Media Stack: 1/12,Democratic depth score 1/12 based on IAP2 level: informs-consults-involves-collaborates-empowers,1,12,Score 1/12: informs level democratic engagement for this project
https://soweego.readthedocs.io,soweego,C1,political_relevance_summary,soweego: 2/12,Power asymmetry score 2/12 based on mechanism formality and significance relative to affected population,2,12,Score 2/12: low based on formality and significance of power correction mechanism documented
https://soweego.readthedocs.io,soweego,C2,communities_served + primary_users_or_beneficiaries,soweego: 2/20,Excluded population specificity score 2/20 based on named populations and named exclusion mechanisms,2,20,Score 2/20: generic beneficiary framing for this project
https://soweego.readthedocs.io,soweego,C3,outcome_methodology + governance_model,soweego: 1/12,Participatory lifecycle score 1/12 based on documented community engagement stages,1,12,Score 1/12: no documented community engagement for this project
https://soweego.readthedocs.io,soweego,C4,documented_limitations + outcome_methodology,soweego: 2/20,Critical self-examination score 2/20 based on documented reflexivity about own power claims,2,20,Score 2/20: no evidence of self-examination for this project
https://soweego.readthedocs.io,soweego,C5,underdog_signal + org_type,soweego: 1/6,"Structural underdog score 1/6 based on org type, funding, institutional position, and dossier completeness",1,6,Score 1/6: institutionally secure well-funded for this project
https://soweego.readthedocs.io,soweego,C6,governance_model + political_relevance_summary,soweego: 1/12,Democratic depth score 1/12 based on IAP2 level: informs-consults-involves-collaborates-empowers,1,12,Score 1/12: informs level democratic engagement for this project
https://policymogul.com,PolicyMogul,C1,political_relevance_summary,PolicyMogul: 2/12,Power asymmetry score 2/12 based on mechanism formality and significance relative to affected population,2,12,Score 2/12: low based on formality and significance of power correction mechanism documented
https://policymogul.com,PolicyMogul,C2,communities_served + primary_users_or_beneficiaries,PolicyMogul: 1/20,Excluded population specificity score 1/20 based on named populations and named exclusion mechanisms,1,20,Score 1/20: generic beneficiary framing for this project
https://policymogul.com,PolicyMogul,C3,outcome_methodology + governance_model,PolicyMogul: 1/12,Participatory lifecycle score 1/12 based on documented community engagement stages,1,12,Score 1/12: no documented community engagement for this project
https://policymogul.com,PolicyMogul,C4,documented_limitations + outcome_methodology,PolicyMogul: 1/20,Critical self-examination score 1/20 based on documented reflexivity about own power claims,1,20,Score 1/20: no evidence of self-examination for this project
https://policymogul.com,PolicyMogul,C5,underdog_signal + org_type,PolicyMogul: 1/6,"Structural underdog score 1/6 based on org type, funding, institutional position, and dossier completeness",1,6,Score 1/6: institutionally secure well-funded for this project
https://policymogul.com,PolicyMogul,C6,governance_model + political_relevance_summary,PolicyMogul: 2/12,Democratic depth score 2/12 based on IAP2 level: informs-consults-involves-collaborates-empowers,2,12,Score 2/12: informs level democratic engagement for this project
https://programs.clearerthinking.org/understanding-your-morality/,Understanding Your Morality,C1,political_relevance_summary,Understanding Your Morality: 1/12,Power asymmetry score 1/12 based on mechanism formality and significance relative to affected population,1,12,Score 1/12: low based on formality and significance of power correction mechanism documented
https://programs.clearerthinking.org/understanding-your-morality/,Understanding Your Morality,C2,communities_served + primary_users_or_beneficiaries,Understanding Your Morality: 2/20,Excluded population specificity score 2/20 based on named populations and named exclusion mechanisms,2,20,Score 2/20: generic beneficiary framing for this project
https://programs.clearerthinking.org/understanding-your-morality/,Understanding Your Morality,C3,outcome_methodology + governance_model,Understanding Your Morality: 1/12,Participatory lifecycle score 1/12 based on documented community engagement stages,1,12,Score 1/12: no documented community engagement for this project
https://programs.clearerthinking.org/understanding-your-morality/,Understanding Your Morality,C4,documented_limitations + outcome_methodology,Understanding Your Morality: 2/20,Critical self-examination score 2/20 based on documented reflexivity about own power claims,2,20,Score 2/20: no evidence of self-examination for this project
https://programs.clearerthinking.org/understanding-your-morality/,Understanding Your Morality,C5,underdog_signal + org_type,Understanding Your Morality: 1/6,"Structural underdog score 1/6 based on org type, funding, institutional position, and dossier completeness",1,6,Score 1/6: institutionally secure well-funded for this project
https://programs.clearerthinking.org/understanding-your-morality/,Understanding Your Morality,C6,governance_model + political_relevance_summary,Understanding Your Morality: 1/12,Democratic depth score 1/12 based on IAP2 level: informs-consults-involves-collaborates-empowers,1,12,Score 1/12: informs level democratic engagement for this project
https://sobre.ejparticipe.org,Empurrando Juntas (EJ),C1,political_relevance_summary,Empurrando Juntas (EJ): 4/12,Power asymmetry score 4/12 based on mechanism formality and significance relative to affected population,4,12,Score 4/12: low based on formality and significance of power correction mechanism documented
https://sobre.ejparticipe.org,Empurrando Juntas (EJ),C2,communities_served + primary_users_or_beneficiaries,Empurrando Juntas (EJ): 3/20,Excluded population specificity score 3/20 based on named populations and named exclusion mechanisms,3,20,Score 3/20: generic beneficiary framing for this project
https://sobre.ejparticipe.org,Empurrando Juntas (EJ),C3,outcome_methodology + governance_model,Empurrando Juntas (EJ): 2/12,Participatory lifecycle score 2/12 based on documented community engagement stages,2,12,Score 2/12: no documented community engagement for this project
https://sobre.ejparticipe.org,Empurrando Juntas (EJ),C4,documented_limitations + outcome_methodology,Empurrando Juntas (EJ): 2/20,Critical self-examination score 2/20 based on documented reflexivity about own power claims,2,20,Score 2/20: no evidence of self-examination for this project
https://sobre.ejparticipe.org,Empurrando Juntas (EJ),C5,underdog_signal + org_type,Empurrando Juntas (EJ): 4/6,"Structural underdog score 4/6 based on org type, funding, institutional position, and dossier completeness",4,6,Score 4/6: some structural disadvantage for this project
https://sobre.ejparticipe.org,Empurrando Juntas (EJ),C6,governance_model + political_relevance_summary,Empurrando Juntas (EJ): 5/12,Democratic depth score 5/12 based on IAP2 level: informs-consults-involves-collaborates-empowers,5,12,Score 5/12: involves/consults level democratic engagement for this project
https://openaudience.org,OpenAudience,C1,political_relevance_summary,OpenAudience: 3/12,Power asymmetry score 3/12 based on mechanism formality and significance relative to affected population,3,12,Score 3/12: low based on formality and significance of power correction mechanism documented
https://openaudience.org,OpenAudience,C2,communities_served + primary_users_or_beneficiaries,OpenAudience: 3/20,Excluded population specificity score 3/20 based on named populations and named exclusion mechanisms,3,20,Score 3/20: generic beneficiary framing for this project
https://openaudience.org,OpenAudience,C3,outcome_methodology + governance_model,OpenAudience: 1/12,Participatory lifecycle score 1/12 based on documented community engagement stages,1,12,Score 1/12: no documented community engagement for this project
https://openaudience.org,OpenAudience,C4,documented_limitations + outcome_methodology,OpenAudience: 2/20,Critical self-examination score 2/20 based on documented reflexivity about own power claims,2,20,Score 2/20: no evidence of self-examination for this project
https://openaudience.org,OpenAudience,C5,underdog_signal + org_type,OpenAudience: 1/6,"Structural underdog score 1/6 based on org type, funding, institutional position, and dossier completeness",1,6,Score 1/6: institutionally secure well-funded for this project
https://openaudience.org,OpenAudience,C6,governance_model + political_relevance_summary,OpenAudience: 2/12,Democratic depth score 2/12 based on IAP2 level: informs-consults-involves-collaborates-empowers,2,12,Score 2/12: informs level democratic engagement for this project
https://turkopticon.ucsd.edu,Turkopticon,modifier_M1,political_relevance_summary,Worker-led platform organizing mutual aid and advocacy for Amazon Mechanical Turk workers,Formal advocacy mechanism for platform workers against Amazon constitutes significant structural power asymmetry correction,+10,modifier,Modifier modifier_M1 (boost) triggered by political_relevance_summary: Formal advocacy mechanism for platform workers against Amazon constitutes significant structural pow
https://turkopticon.ucsd.edu,Turkopticon,modifier_M3,communities_served,"Amazon Mechanical Turk workers, Platform workers, Gig economy workers",Named excluded population (gig workers) with named exclusion mechanism (platform labour stripping employment protections),+7,modifier,Modifier modifier_M3 (boost) triggered by communities_served: Named excluded population (gig workers) with named exclusion mechanism (platform labour stripping em
https://turkopticon.ucsd.edu,Turkopticon,modifier_M7,governance_model,cooperative,"Cooperative worker governance models intra-class dynamics: requesters vs. workers, MTurk vs. platform — not just disadvantaged/advantaged binary",+5,modifier,"Modifier modifier_M7 (boost) triggered by governance_model: Cooperative worker governance models intra-class dynamics: requesters vs. workers, MTurk vs. platfor"
https://secfirst.org,Security First / Umbrella,modifier_M1,communities_served,"journalists, activists, NGO staff, diplomats, human rights defenders",Structural protection against state surveillance for specifically named at-risk populations constitutes significant power asymmetry correction,+8,modifier,Modifier modifier_M1 (boost) triggered by communities_served: Structural protection against state surveillance for specifically named at-risk populations constitu
https://secfirst.org,Security First / Umbrella,modifier_M3,primary_users_or_beneficiaries,"investigative journalists, activists, ngo staff, diplomats, human rights defenders","Named excluded populations — activists, journalists in conflict zones — face active institutional resistance by specific state actors",+5,modifier,"Modifier modifier_M3 (boost) triggered by primary_users_or_beneficiaries: Named excluded populations — activists, journalists in conflict zones — face active institutional re"
https://securedrop.org,SecureDrop,modifier_M1,political_relevance_summary,Addresses government transparency and press freedom by providing a secure anonymous whistleblower submission system,Formal cryptographic mechanism structurally changing the power position of whistleblowers against institutional retaliation,+10,modifier,Modifier modifier_M1 (boost) triggered by political_relevance_summary: Formal cryptographic mechanism structurally changing the power position of whistleblowers against in
https://parti.xyz,Parti,modifier_M1,policy_outcomes,Adoption by Incheon Metropolitan City for participatory budgeting process allocating 5 billion won through citizen voting,Formal redistribution of municipal budget decision-making authority to citizens constitutes structural power asymmetry correction,+8,modifier,Modifier modifier_M1 (boost) triggered by policy_outcomes: Formal redistribution of municipal budget decision-making authority to citizens constitutes structur
https://parti.xyz,Parti,modifier_M5,policy_outcomes,integrated into municipal budgeting processes in Seoul and Busan enabling direct citizen input on public spending priorities,"Multiple lifecycle stages documented: platform design, municipal integration, citizen voting across 50+ municipalities",+4,modifier,"Modifier modifier_M5 (boost) triggered by policy_outcomes: Multiple lifecycle stages documented: platform design, municipal integration, citizen voting across "
https://riseup.net,Riseup,modifier_M1,political_relevance_summary,Secure online communication tools for people and groups working on liberatory social change,Structural protection of activist communication against state surveillance constitutes significant power asymmetry correction for social movement actors,+8,modifier,Modifier modifier_M1 (boost) triggered by political_relevance_summary: Structural protection of activist communication against state surveillance constitutes significant p
https://thecircuit.cc,The Circuit,modifier_M3,communities_served,"criminal defendants, Cook County residents",Named excluded population — criminal defendants facing racial disparities in Cook County courts — with named exclusion mechanism (judicial discretion producing racially differentiated outcomes),+7,modifier,Modifier modifier_M3 (boost) triggered by communities_served: Named excluded population — criminal defendants facing racial disparities in Cook County courts — wi
https://thecircuit.cc,The Circuit,modifier_M7,governance_model,"Multi-organisation collaborative: Better Government Association, Injustice Watch, Chicago Reporter, DataMade, University of Chicago Harris School","Analysis of prosecutors, defenders, judges, and defendants within a shared system examines intra-class positions rather than simple disadvantaged/advantaged binary",+4,modifier,"Modifier modifier_M7 (boost) triggered by governance_model: Analysis of prosecutors, defenders, judges, and defendants within a shared system examines intra-cla"
https://openprocurement.io,OpenProcurement,modifier_M1,policy_outcomes,"$6 billion in public fund savings 2017-2021, $162 million direct revenue for Ukrainian state budget within two years",Documented structural correction of procurement corruption power asymmetry with measurable financial outcomes constitutes high-magnitude power redistribution,+10,modifier,Modifier modifier_M1 (boost) triggered by policy_outcomes: Documented structural correction of procurement corruption power asymmetry with measurable financial
https://p4ai.net,Principles for Public Participation in Procurement of AI,modifier_M1,policy_outcomes,"Influenced EU AI Act procurement guidelines, Adopted by multiple government procurement offices",Framework providing structural mechanism for public voice in AI procurement decisions addresses governance power asymmetry with documented policy adoption,+6,modifier,Modifier modifier_M1 (boost) triggered by policy_outcomes: Framework providing structural mechanism for public voice in AI procurement decisions addresses gove
https://oneproject.org/,One Project,modifier_M1,issue_area,"economic democracy, participatory governance, democratic economics, community wealth building",Building infrastructure to redistribute economic decision-making authority from capital to communities constitutes significant structural power asymmetry correction,+8,modifier,Modifier modifier_M1 (boost) triggered by issue_area: Building infrastructure to redistribute economic decision-making authority from capital to communiti
https://strikemap.org,Strike Map,modifier_M3,communities_served,"labor organizers, workers",Named excluded population (workers in labour disputes) facing named exclusion mechanism (capital's information advantage over labour),+5,modifier,Modifier modifier_M3 (boost) triggered by communities_served: Named excluded population (workers in labour disputes) facing named exclusion mechanism (capital's i
https://strikemap.org,Strike Map,modifier_M7,issue_area,"civic_data, advocacy_tech, participatory_democracy","Labour solidarity data makes visible intra-class dynamics: which workers strike, which cross picket lines, what support networks exist",+3,modifier,"Modifier modifier_M7 (boost) triggered by issue_area: Labour solidarity data makes visible intra-class dynamics: which workers strike, which cross picket "
https://talktothecity.org,Talk to the City,modifier_M5,policy_outcomes,"Used by Silent Cry non-profit to explore reentry challenges for formerly incarcerated people, Used in Taiwan AI Assembly for deliberation with 2000+ opinions from 400 participants","Multi-stage deployment documented across discovery, consultation, and deliberative evaluation stages with distinct community populations",+5,modifier,"Modifier modifier_M5 (boost) triggered by policy_outcomes: Multi-stage deployment documented across discovery, consultation, and deliberative evaluation stages"
https://sci-hub.se,Sci-Hub,modifier_M1,political_relevance_summary,Provides free access to academic research papers by circumventing publisher paywalls,Direct structural circumvention of publisher paywall monopoly constitutes epistemic power asymmetry correction for researchers excluded by price barriers,+7,modifier,Modifier modifier_M1 (boost) triggered by political_relevance_summary: Direct structural circumvention of publisher paywall monopoly constitutes epistemic power asymmetry 
https://opencollective.com,Open Collective,modifier_M5,governance_model,"Platform stewardship transitioned in 2024 to Open Finance Consortium Inc. (OFiCo), a US 501(c)(6) association governed collectively by fiscal hosts and communities",Documented governance transition to collective stewardship demonstrates multi-stage community involvement in platform evolution,+4,modifier,Modifier modifier_M5 (boost) triggered by governance_model: Documented governance transition to collective stewardship demonstrates multi-stage community involv
https://privacybadger.org,Privacy Badger,modifier_M1,political_relevance_summary,Addresses surveillance oversight and privacy protection,Structural mechanism giving users technical sovereignty over third-party tracking constitutes direct power asymmetry correction against surveillance capitalism,+6,modifier,Modifier modifier_M1 (boost) triggered by political_relevance_summary: Structural mechanism giving users technical sovereignty over third-party tracking constitutes direct
https://relationaltechproject.org,Relational Tech Project,modifier_M5,tagline,"Tools crafted by, with, and for neighbors - made to help us care for and trust each other",By-with-and-for framing implies multi-stage participatory design; grassroots governance structure supports cross-lifecycle community involvement claim,+4,modifier,Modifier modifier_M5 (boost) triggered by tagline: By-with-and-for framing implies multi-stage participatory design; grassroots governance structure su
https://right-to-know.org,Right To Know,modifier_M3,communities_served,"citizens, campaigners, environmental justice advocates",Environmental justice is a named framework identifying communities excluded from safe environments by specific industrial and regulatory mechanisms,+5,modifier,Modifier modifier_M3 (boost) triggered by communities_served: Environmental justice is a named framework identifying communities excluded from safe environments b
https://publicai.co/,Public AI Inference Utility,modifier_M1,political_relevance_summary,A public access point for public and sovereign AI models,Addressing concentration of AI inference infrastructure in commercial entities constitutes structural correction of emerging AI power asymmetry,+6,modifier,Modifier modifier_M1 (boost) triggered by political_relevance_summary: Addressing concentration of AI inference infrastructure in commercial entities constitutes structura
https://richardpope.org/2017/03/05/beckton-a-tool-to-build,Beckton,modifier_M5,communities_served,"trade unions, membership organisations, civic groups",Conditional-commitment mechanism designed with and for collective action contexts suggests community co-design intent; prototype rule applied,+3,modifier,Modifier modifier_M5 (boost) triggered by communities_served: Conditional-commitment mechanism designed with and for collective action contexts suggests community
https://opendigitalplanning.org/,Open Digital Planning,modifier_M5,governance_model,Community of Local Planning Authorities co-owned by members transitioning to independent not-for-profit entity jointly owned by councils,"Multi-stage community engagement documented: council co-design, MHCLG delivery guidance, transition to independent governance across 100+ LPAs",+4,modifier,"Modifier modifier_M5 (boost) triggered by governance_model: Multi-stage community engagement documented: council co-design, MHCLG delivery guidance, transition "
https://quadraticvote.radicalxchange.org,RxC Quadratic Voting,modifier_M1,political_relevance_summary,An easy tool to host a quadratic vote. Quadratic Voting is the mathematically optimal way to vote in a democratic community by allocating votes that express the degree of your preferences,Mathematical redistribution of voting influence toward preference intensity constitutes structural intervention in collective decision-making power distribution,+5,modifier,Modifier modifier_M1 (boost) triggered by political_relevance_summary: Mathematical redistribution of voting influence toward preference intensity constitutes structural i
https://sourceafrica.net,sourceAFRICA,modifier_M1,issue_area,"investigative journalism, press freedom, transparency and accountability",Epistemic power correction for African investigative journalism in contexts of structurally constrained press freedom and accountability,+5,modifier,Modifier modifier_M1 (boost) triggered by issue_area: Epistemic power correction for African investigative journalism in contexts of structurally constrai
https://policyengine.org/uk,PolicyEngine,modifier_M7,policy_outcomes,"Provided Spring Statement 2026 analysis on OBR forecast and effects on UK living standards, Analyzed two-child limit reintroduction with distributional poverty and inequality impacts",Distributional impact analysis of fiscal policy makes visible class-differentiated effects across income groups and household types,+3,modifier,Modifier modifier_M7 (boost) triggered by policy_outcomes: Distributional impact analysis of fiscal policy makes visible class-differentiated effects across in
https://publicaccountability.org,The Accountability Project,modifier_M1,tagline,A searchable database of 1.9+ billion public records for researchers and journalists,Scale of public record aggregation for accountability journalism constitutes epistemic power correction enabling scrutiny of institutional misconduct,+5,modifier,Modifier modifier_M1 (boost) triggered by tagline: Scale of public record aggregation for accountability journalism constitutes epistemic power correct
https://objector.ai,Objector.ai,modifier_M6,political_relevance_summary,AI-powered planning objection letter and toolkit to help citizens challenge unsuitable planning applications,Framing planning objection as a drafting problem bypasses examination of how planning systems structurally exclude certain community voices regardless of letter quality,-4,modifier,Modifier modifier_M6 (reduce) triggered by political_relevance_summary: Framing planning objection as a drafting problem bypasses examination of how planning systems struct
https://oa.works/,OA.Works,modifier_M6,outcome_methodology,Usage metrics (millions of tool uses documented); compliance tracking for cOAlition S; partnership-based co-design with librarians,Technical framing of open access compliance and usage metrics bypasses examination of how Plan S funder requirements themselves reproduce inequalities in whose research gets valued and funded,-4,modifier,Modifier modifier_M6 (reduce) triggered by outcome_methodology: Technical framing of open access compliance and usage metrics bypasses examination of how Plan S fun
https://okfn.org/en/projects/open-data-editor/,Open Data Editor (ODE),modifier_M6,tagline,A no-code desktop app for error-free spreadsheets with guaranteed privacy and FAIR data,Technical framing as data quality and error prevention bypasses political examination of why certain data standards are adopted and whose knowledge gets counted as valid data,-3,modifier,Modifier modifier_M6 (reduce) triggered by tagline: Technical framing as data quality and error prevention bypasses political examination of why certain
https://opensupplyhub.org,Open Supply Hub,modifier_M2,primary_users_or_beneficiaries,"researchers, advocacy organizations, supply chain stakeholders, workers, brands, retailers, civil society, facilities",Supply chain transparency data flows primarily to brands and compliance infrastructure rather than to workers in facilities — expanded profiling without genuine community control over how facility data is used,-8,modifier,Modifier modifier_M2 (reduce) triggered by primary_users_or_beneficiaries: Supply chain transparency data flows primarily to brands and compliance infrastructure rather than t
https://site.urbanistai.com,UrbanistAI,modifier_M4,documented_limitations,"No published independent evaluation of impact, Limited transparency on AI model training and bias mitigation, No publicly available case study data or methodology",AI-powered planning tool increases institutional capacity to aggregate community opinions without transparent governance of how AI models represent or misrepresent community views,-7,modifier,Modifier modifier_M4 (reduce) triggered by documented_limitations: AI-powered planning tool increases institutional capacity to aggregate community opinions without tr
https://site.urbanistai.com,UrbanistAI,modifier_M6,tagline,The platform to reimagine the future of cities through collective intelligence and AI-powered participatory planning,Collective intelligence framing bypasses examination of how AI-powered agenda-setting in participatory planning can neutralise political contestation through technical consensus-making,-4,modifier,Modifier modifier_M6 (reduce) triggered by tagline: Collective intelligence framing bypasses examination of how AI-powered agenda-setting in participato
https://onodi.co/bisect/,Theft Bisect,modifier_M6,political_relevance_summary,A binary search tool to help identify bike theft moments in CCTV footage,Technical framing of CCTV review efficiency bypasses structural analysis of who bears costs of bike theft and how policing resource allocation relates to community power,-3,modifier,Modifier modifier_M6 (reduce) triggered by political_relevance_summary: Technical framing of CCTV review efficiency bypasses structural analysis of who bears costs of bike 
https://radicle.xyz,Radicle,modifier_M6,tagline,"A sovereign, peer-to-peer code forge built on Git",Technical framing of platform sovereignty bypasses governance examination of who benefits from decentralised code infrastructure and what structural barriers exclude underrepresented developers,-3,modifier,Modifier modifier_M6 (reduce) triggered by tagline: Technical framing of platform sovereignty bypasses governance examination of who benefits from decen
https://schema.org,Schema.org,modifier_M6,political_relevance_summary,A collaborative community activity with a mission to create maintain and promote schemas for structured data on the Internet,Purely technical framing of schema design bypasses examination of how structured data schemas encode political choices about whose existence is formally representable,-3,modifier,Modifier modifier_M6 (reduce) triggered by political_relevance_summary: Purely technical framing of schema design bypasses examination of how structured data schemas encode
https://sobre.ejparticipe.org,Empurrando Juntas (EJ),modifier_M2,tagline,AI-powered opinion collection platform that segments audiences into personas based on their views,AI opinion collection that segments communities into personas for institutional use constitutes expanded profiling framed as participation without genuine community control over how persona data is used,-10,modifier,Modifier modifier_M2 (reduce) triggered by tagline: AI opinion collection that segments communities into personas for institutional use constitutes expa
https://sobre.ejparticipe.org,Empurrando Juntas (EJ),modifier_M4,project_type,Tool/Platform,Increases institutional capacity to aggregate and act on community opinion data without commensurate governance structures giving affected communities contestability rights over how their views are classified and acted upon,-6,modifier,Modifier modifier_M4 (reduce) triggered by project_type: Increases institutional capacity to aggregate and act on community opinion data without commensurate
https://openaudience.org,OpenAudience,modifier_M4,political_relevance_summary,OpenAudience addresses the need for demographic and geographic audience understanding using open data supporting campaigners and advocacy groups in targeting and understanding their constituencies,Postcode-based demographic audience profiling increases institutional capacity to categorise and target communities without giving those communities any mechanism to understand or contest how they are being classified,-8,modifier,Modifier modifier_M4 (reduce) triggered by political_relevance_summary: Postcode-based demographic audience profiling increases institutional capacity to categorise and tar
