rank,url,project_name,score,criteria_score,modifier_adj,dossier_completeness,uncertainty,popularity_risk,primary_driver,rationale
1,https://openheartmind.org,Open Heart Mind (OHM),85.8,67.8,18,0.83,LOW,LOW,modifier,"I'm drawn to this because Open Heart Mind (OHM) is open-source and directly serves open science communities, arts and culture communities and activist and civic tech communities. The primary scoring driver is open-source bonus, underdog protection, pushing the total to 85.8."
2,https://opencouncil.network,Open Council Network,83.6,65.6,18,1.0,LOW,LOW,modifier,"A genuinely empowering tool. Open Council Network is open-source and directly serves citizens in United Kingdom, researchers and campaigners. The primary scoring driver is open-source bonus, underdog protection, pushing the total to 83.6. the underdog modifier cushions this against the thin evidence base."
3,https://github.com/mastodon/mastodon,Mastodon,81.1,71.1,10,1.0,LOW,HIGH,criteria,"This is exactly the kind of project I build for — Mastodon directly benefits journalists, activists and researchers. The primary driver is direct practitioner benefit (scoring 18/20), with a total of 81.1. the documentation advantage here may inflate the score relative to underdocumented peers."
4,https://bonfirenetworks.org/,Bonfire,80.2,72.2,8,0.83,LOW,LOW,criteria,"This is the kind of thing I'd build myself. Bonfire takes a clear anti-extraction stance, keeping users independent of platforms. The primary driver is anti-extraction/platform independence (scoring 19/20), with a total of 80.2. underdog protection applies because the limited record shouldn't be held against grassroots work."
5,https://github.com/podemos-info/participa,Participa (Podemos),79.1,61.1,18,0.92,LOW,LOW,modifier,"This hits close to home. Participa (Podemos) is open-source and directly serves Podemos party members, Spanish citizens and political activists. The primary scoring driver is open-source bonus, underdog protection, pushing the total to 79.1. this gets underdog protection; I'd rather err on the side of supporting small projects."
6,https://okfn.org/en/projects/open-data-editor/,Open Data Editor (ODE),78.3,73.3,5,1.0,LOW,LOW,criteria,"The open-source commitment here matters. Open Data Editor (ODE) is open-source and freely accessible, which is foundational. The primary driver is free/open access (scoring 16/20), with a total of 78.3."
7,https://thegovernmentsays.com,The Government Says,75.8,67.8,8,1.0,LOW,LOW,criteria,"Exactly the right approach. The Government Says directly benefits journalists, researchers and citizens. The primary driver is direct practitioner benefit (scoring 15/20), with a total of 75.8. protected as an underdog — the lack of documentation doesn't mean it lacks merit."
8,https://logos.co/,Logos,75.1,71.1,4,0.92,LOW,LOW,criteria,"This checks every box for me. Logos takes a clear anti-extraction stance, keeping users independent of platforms. The primary driver is anti-extraction/platform independence (scoring 19/20), with a total of 75.1."
9,https://participedia.net,Participedia,74.4,64.4,10,0.92,LOW,MEDIUM,criteria,"Open-source, practitioner-focused, and genuinely useful — Participedia directly benefits researchers, practitioners and policymakers. The primary driver is direct practitioner benefit (scoring 15/20), with a total of 74.4."
10,https://github.com/geeksforsocialchange/placecal,PlaceCal,74.4,64.4,10,0.83,LOW,LOW,criteria,"Really strong alignment here. PlaceCal directly benefits community organizers, citizens in United Kingdom and local organizations. The primary driver is direct practitioner benefit (scoring 18/20), with a total of 74.4."
11,https://bsky.app,Bluesky,72.9,68.9,4,0.83,LOW,HIGH,criteria,"This gets it right. Bluesky directly benefits investigative journalists, civic technology researchers and individuals concerned about digital rights and privacy. The primary driver is direct practitioner benefit (scoring 18/20), with a total of 72.9. popularity risk is high here — the rich dossier may overstate true alignment."
12,https://alaveteli.org,Alaveteli,71.1,71.1,0,1.0,LOW,HIGH,criteria,"I've been hoping to see something like this. Alaveteli directly benefits citizens seeking to participate in local democratic processes, investigative journalists and civic technology researchers. The primary driver is direct practitioner benefit (scoring 18/20), with a total of 71.1. I'm flagging a popularity risk — well-documented projects can score higher simply because there's more to evaluate."
13,https://oneproject.org/,One Project,71.1,61.1,10,0.83,LOW,LOW,criteria,"This removes a real barrier. One Project directly benefits economic democracy organisations, participatory funds and community-led organisations. The primary driver is direct practitioner benefit (scoring 15/20), with a total of 71.1."
14,https://data.mysociety.org,mySociety Datasets and APIs,71.1,71.1,0,1.0,LOW,HIGH,criteria,"Practically useful and ethically grounded. mySociety Datasets and APIs directly benefits researchers, journalists and campaigners. The primary driver is direct practitioner benefit (scoring 18/20), with a total of 71.1. the strong documentation may inflate this score somewhat relative to equally worthy but less visible projects."
15,https://datacollective.mozillafoundation.org/,Mozilla Data Collective,70.6,65.6,5,0.83,LOW,HIGH,criteria,"Projects like this are why I care about civic tech. Mozilla Data Collective is open-source and freely accessible, which is foundational. The primary driver is free/open access (scoring 16/20), with a total of 70.6. this benefits from good documentation, which could be a scoring artefact rather than genuine superiority. I'm giving this the benefit of the doubt via the underdog modifier."
16,https://opendigitalplanning.org/,Open Digital Planning,70.2,62.2,8,1.0,LOW,LOW,criteria,"Solid work that directly serves the people who need it. Open Digital Planning directly benefits local planning authorities, council planning officers and residents. The primary driver is direct practitioner benefit (scoring 18/20), with a total of 70.2."
17,https://opencollective.com,Open Collective,69.1,51.1,18,0.83,LOW,LOW,modifier,"Not quite what I'd champion, but Open Collective is open-source and directly serves open source projects, mutual aid groups and climate initiatives. The primary scoring driver is open-source bonus, underdog protection, pushing the total to 69.1."
18,https://secfirst.org,Security First / Umbrella,69.1,61.1,8,0.92,LOW,LOW,criteria,"There's substance here, Security First / Umbrella is open-source and freely accessible, which is foundational. The primary driver is free/open access (scoring 16/20), with a total of 69.1. I've applied underdog protection — the evidence gap shouldn't sink a project that may well deserve better."
19,https://tech-coops.xyz,Tech Coops List,69.1,61.1,8,0.83,LOW,LOW,criteria,"I appreciate parts of this, Tech Coops List directly benefits technology workers, freelancers and cooperative enterprises. The primary driver is direct practitioner benefit (scoring 15/20), with a total of 69.1. protected as an underdog — the lack of documentation doesn't mean it lacks merit."
20,https://channel.org,Channel.org,68.4,64.4,4,0.83,LOW,LOW,criteria,"I wouldn't dismiss this. Channel.org directly benefits organizations, content creators and communities. The primary driver is direct practitioner benefit (scoring 15/20), with a total of 68.4."
21,https://web.archive.org,Internet Archive Wayback Machine,68.3,63.3,5,1.0,LOW,HIGH,criteria,"I have reservations but also respect for Internet Archive Wayback Machine is open-source and freely accessible, which is foundational. The primary driver is free/open access (scoring 16/20), with a total of 68.3. worth noting that the thorough documentation gives this an advantage that less visible projects lack."
22,https://github.com/openpolitics/groupthink,Groupthink (OpenPolitics Votebot),68.0,60.0,8,0.92,LOW,LOW,criteria,"Fair enough. Groupthink (OpenPolitics Votebot) directly benefits political activists, open source contributors and Something New party members. The primary driver is direct practitioner benefit (scoring 15/20), with a total of 68.0. this gets underdog protection; I'd rather err on the side of supporting small projects."
23,https://bellingcat.gitbook.io/toolkit,Bellingcat Online Investigation Toolkit,67.8,67.8,0,0.83,LOW,HIGH,criteria,"I can respect this, Bellingcat Online Investigation Toolkit directly benefits investigative journalists, fact-checkers and human rights researchers. The primary driver is direct practitioner benefit (scoring 15/20), with a total of 67.8. the documentation advantage here may inflate the score relative to underdocumented peers."
24,https://www.martus.org,Martus,67.8,67.8,0,0.83,LOW,MEDIUM,criteria,"This occupies a middle ground for me. Martus is open-source and freely accessible, which is foundational. The primary driver is free/open access (scoring 16/20), with a total of 67.8."
25,https://pursuanceproject.org,Pursuance Project,67.8,67.8,0,0.83,LOW,LOW,criteria,"There's alignment, but it's partial. Pursuance Project directly benefits activists, nonprofits and charities. The primary driver is direct practitioner benefit (scoring 18/20), with a total of 67.8."
26,https://relationaltechproject.org,Relational Tech Project,67.8,67.8,0,0.67,MEDIUM,LOW,criteria,"Not a perfect fit but still contributing. Relational Tech Project directly benefits grassroots organizers, civic technologists and digital rights advocates. The primary driver is direct practitioner benefit (scoring 18/20), with a total of 67.8."
27,https://murmurations.network,Murmurations Protocol,66.9,58.9,8,0.83,LOW,LOW,criteria,"Neither fully aligned nor misaligned. Murmurations Protocol takes a clear anti-extraction stance, keeping users independent of platforms. The primary driver is anti-extraction/platform independence (scoring 16/20), with a total of 66.9. I'm giving this the benefit of the doubt via the underdog modifier."
28,https://www.globaleaks.org,GlobaLeaks,66.2,62.2,4,1.0,LOW,MEDIUM,criteria,"Interesting approach, GlobaLeaks directly benefits journalists, activists and public agencies. The primary driver is direct practitioner benefit (scoring 18/20), with a total of 66.2."
29,https://github.com/kazad/pastecal,Pastecal,66.2,62.2,4,0.83,LOW,LOW,criteria,"I can see the intention, Pastecal directly benefits citizens in Multiple countries via open-source deployment, organizers and collaborative groups. The primary driver is direct practitioner benefit (scoring 15/20), with a total of 66.2."
30,https://guardianproject.info,Guardian Project,65.8,57.8,8,0.92,LOW,MEDIUM,criteria,"The concept resonates, Guardian Project directly benefits journalists, activists and human rights defenders. The primary driver is direct practitioner benefit (scoring 15/20), with a total of 65.8. I've applied underdog protection — the evidence gap shouldn't sink a project that may well deserve better."
31,https://library.theengineroom.org,The Engine Room Library,65.8,57.8,8,0.83,LOW,LOW,criteria,"I understand what this is trying to do. The Engine Room Library directly benefits civil society organisations, human rights defenders and NGOs. The primary driver is direct practitioner benefit (scoring 15/20), with a total of 65.8. the underdog modifier cushions this against the thin evidence base."
32,https://constituteproject.org,Constitute Project,65.6,65.6,0,1.0,LOW,LOW,criteria,"Credible work in a space I care about. Constitute Project directly benefits civic technology researchers, constitutional courts and educators. The primary driver is direct practitioner benefit (scoring 15/20), with a total of 65.6."
33,https://coralproject.net,Coral,65.6,65.6,0,0.92,LOW,MEDIUM,criteria,"Functionally useful, Coral directly benefits newsrooms, investigative journalists and online readers. The primary driver is direct practitioner benefit (scoring 15/20), with a total of 65.6."
34,https://privacybadger.org,Privacy Badger,65.1,61.1,4,0.92,LOW,MEDIUM,criteria,"I'd want to see more, Privacy Badger directly benefits general internet users, investigative journalists and activists. The primary driver is direct practitioner benefit (scoring 18/20), with a total of 65.1. underdog protection applies because the limited record shouldn't be held against grassroots work."
35,https://snowdrift.coop,Snowdrift.coop,65.0,50.0,15,0.83,LOW,LOW,modifier,"On paper this is reasonable. Snowdrift.coop serves free/libre/open source developers, digital public goods creators and open source patrons and gets a lift from underdog protection. The primary scoring driver is underdog protection, community journalism bonus, pushing the total to 65.0. I've applied underdog protection — the evidence gap shouldn't sink a project that may well deserve better."
36,https://aleph.occrp.org,Aleph (OCCRP),64.4,64.4,0,0.92,LOW,HIGH,criteria,"Decent work, Aleph (OCCRP) directly benefits investigative journalists, civil society researchers and grassroots activists and organizers. The primary driver is direct practitioner benefit (scoring 18/20), with a total of 64.4. the strong documentation may inflate this score somewhat relative to equally worthy but less visible projects."
37,https://consulproject.org,CONSUL Democracy,64.4,64.4,0,1.0,LOW,MEDIUM,criteria,"Not a perfect fit but still contributing. CONSUL Democracy is open-source and freely accessible, which is foundational. The primary driver is free/open access (scoring 16/20), with a total of 64.4."
38,https://github.com/travisbrown/birdwatch,Community Notes (Birdwatch) Analysis Tool,64.4,64.4,0,0.92,LOW,LOW,criteria,"I have reservations but also respect for Community Notes (Birdwatch) Analysis Tool directly benefits civic technology researchers, investigative journalists and fact-checkers. The primary driver is direct practitioner benefit (scoring 15/20), with a total of 64.4."
39,https://communityrule.info,CommunityRule,64.4,64.4,0,1.0,LOW,LOW,criteria,"A solid idea that CommunityRule directly benefits community organizers, online communities and governance practitioners. The primary driver is direct practitioner benefit (scoring 18/20), with a total of 64.4."
40,https://littlesis.org,LittleSis,64.4,64.4,0,0.92,LOW,MEDIUM,criteria,"Some merit here. LittleSis directly benefits researchers, activists and journalists. The primary driver is direct practitioner benefit (scoring 18/20), with a total of 64.4."
41,https://getodk.org,ODK (Open Data Kit),64.4,64.4,0,1.0,LOW,MEDIUM,criteria,"Mixed feelings on this one. ODK (Open Data Kit) is open-source and freely accessible, which is foundational. The primary driver is free/open access (scoring 16/20), with a total of 64.4."
42,https://unpaywall.org/products/extension,Unpaywall Browser Extension,64.4,64.4,0,0.75,LOW,MEDIUM,criteria,"Moderate alignment. Unpaywall Browser Extension directly benefits researchers, journalists and academics. The primary driver is direct practitioner benefit (scoring 18/20), with a total of 64.4."
43,https://www.whatgov.co.uk,WhatGov,64.4,64.4,0,0.92,LOW,LOW,criteria,"I understand what this is trying to do. WhatGov directly benefits citizens, researchers and campaigners. The primary driver is direct practitioner benefit (scoring 15/20), with a total of 64.4."
44,https://cobudget.com,Cobudget,63.6,55.6,8,1.0,LOW,HIGH,criteria,"Neither fully aligned nor misaligned. Cobudget is open-source and freely accessible, which is foundational. The primary driver is free/open access (scoring 13/20), with a total of 63.6. this benefits from good documentation, which could be a scoring artefact rather than genuine superiority. protected as an underdog — the lack of documentation doesn't mean it lacks merit."
45,https://decidim.org,Decidim,63.6,55.6,8,1.0,LOW,HIGH,criteria,"This does real work, even if Decidim is open-source and freely accessible, which is foundational. The primary driver is free/open access (scoring 16/20), with a total of 63.6. popularity risk is high here — the rich dossier may overstate true alignment."
46,https://liquidfeedback.com,LiquidFeedback,63.6,55.6,8,1.0,LOW,MEDIUM,criteria,"There's something here, though not as strong as I'd like. LiquidFeedback is open-source and freely accessible, which is foundational. The primary driver is free/open access (scoring 13/20), with a total of 63.6. I'm giving this the benefit of the doubt via the underdog modifier."
47,https://opencouncildata.co.uk,Open Council Data UK,63.3,53.3,10,0.92,LOW,LOW,criteria,"There's substance here, Open Council Data UK directly benefits psephologists, campaigners and charities. The primary driver is direct practitioner benefit (scoring 18/20), with a total of 63.3."
48,https://www.mysociety.org/climate/neighbourhood-warmth,Neighbourhood Warmth,62.4,54.4,8,0.92,LOW,HIGH,criteria,"On paper this is reasonable. Neighbourhood Warmth directly benefits homeowners, local authorities and local energy service cooperatives. The primary driver is direct practitioner benefit (scoring 18/20), with a total of 62.4. worth noting that the thorough documentation gives this an advantage that less visible projects lack. the underdog modifier cushions this against the thin evidence base."
49,https://pageviews.wmcloud.org,Pageviews Analysis,62.2,62.2,0,0.83,LOW,LOW,criteria,"Not quite what I'd champion, but Pageviews Analysis is open-source and freely accessible, which is foundational. The primary driver is free/open access (scoring 13/20), with a total of 62.2."
50,https://github.com/radicalxchange/rxc-voice,RxC Voice,62.2,62.2,0,0.83,LOW,LOW,criteria,"This has potential, RxC Voice takes a clear anti-extraction stance, keeping users independent of platforms. The primary driver is anti-extraction/platform independence (scoring 16/20), with a total of 62.2."
51,https://www.organise.org.uk,Organise,61.7,46.7,15,0.92,LOW,LOW,modifier,"I appreciate parts of this, Organise serves workers, employees and self-employed individuals and gets a lift from underdog protection. The primary scoring driver is open-source bonus, underdog protection, pushing the total to 61.7."
52,https://activisthandbook.org/,Activist Handbook,61.3,53.3,8,0.83,LOW,LOW,criteria,"The concept resonates, Activist Handbook directly benefits grassroots activists and organizers, political and social campaigners and nonprofit organizations. The primary driver is direct practitioner benefit (scoring 18/20), with a total of 61.3. underdog protection applies because the limited record shouldn't be held against grassroots work."
53,https://nymtech.net,Nym,61.3,53.3,8,0.83,LOW,LOW,criteria,"Interesting approach, Nym takes a clear anti-extraction stance, keeping users independent of platforms. The primary driver is anti-extraction/platform independence (scoring 16/20), with a total of 61.3."
54,https://creativecommons.org,Creative Commons,61.2,52.2,9,1.0,LOW,HIGH,criteria,"Worth considering, though Creative Commons directly benefits educators, civic technology researchers and artists. The primary driver is direct practitioner benefit (scoring 15/20), with a total of 61.2. I'm flagging a popularity risk — well-documented projects can score higher simply because there's more to evaluate."
55,https://all-our-ideas.citizens.is,All Our Ideas,61.1,61.1,0,0.83,LOW,LOW,criteria,"Useful in its niche, All Our Ideas directly benefits citizens seeking to participate in local democratic processes and policymakers and legislative staff. The primary driver is direct practitioner benefit (scoring 15/20), with a total of 61.1."
56,https://citizenos.com/platform/,Citizen OS,61.1,61.1,0,1.0,LOW,LOW,criteria,"Not my top pick, but Citizen OS is open-source and freely accessible, which is foundational. The primary driver is free/open access (scoring 16/20), with a total of 61.1."
57,https://upgrader.gapminder.org,Gapminder Worldview Upgrader,61.1,51.1,10,1.0,LOW,LOW,criteria,"The ambition is right even if the execution is debatable. Gapminder Worldview Upgrader is open-source and freely accessible, which is foundational. The primary driver is free/open access (scoring 13/20), with a total of 61.1."
58,https://quadraticvote.radicalxchange.org,RxC Quadratic Voting,61.1,61.1,0,0.92,LOW,LOW,criteria,"Parts of this I like, RxC Quadratic Voting directly benefits voters seeking electoral information, organizations and communities. The primary driver is direct practitioner benefit (scoring 15/20), with a total of 61.1."
59,https://adhocracy.plus,adhocracy+,61.1,61.1,0,1.0,LOW,LOW,criteria,"I see value in what this does, adhocracy+ directly benefits municipal residents, civil society organisations and public administrations. The primary driver is direct practitioner benefit (scoring 15/20), with a total of 61.1."
60,https://joss.theoj.org,Journal of Open Source Software,60.2,52.2,8,0.83,LOW,LOW,criteria,"I'd want to see more, Journal of Open Source Software is open-source and freely accessible, which is foundational. The primary driver is free/open access (scoring 16/20), with a total of 60.2."
61,https://github.com/populatetools,Populate Tools,60.2,52.2,8,0.92,LOW,LOW,criteria,"Functionally useful, Populate Tools is open-source and freely accessible, which is foundational. The primary driver is free/open access (scoring 13/20), with a total of 60.2. this gets underdog protection; I'd rather err on the side of supporting small projects."
62,https://github.com/g0v/vue.vtaiwan.tw,vTaiwan,60.2,52.2,8,1.0,LOW,LOW,criteria,"I can respect this, vTaiwan is open-source and freely accessible, which is foundational. The primary driver is free/open access (scoring 13/20), with a total of 60.2. I've applied underdog protection — the evidence gap shouldn't sink a project that may well deserve better."
63,https://www.mptwitterbios.co.uk,MP Twitter Bios,60.0,60.0,0,0.83,LOW,LOW,criteria,"A reasonable project with some alignment to my values. MP Twitter Bios directly benefits researchers and journalists. The primary driver is direct practitioner benefit (scoring 15/20), with a total of 60.0."
64,https://objector.ai,Objector.ai,60.0,50.0,10,0.92,LOW,LOW,criteria,"There's alignment, but it's partial. Objector.ai directly benefits citizens in United Kingdom, community groups and individuals objecting to planning applications. The primary driver is direct practitioner benefit (scoring 18/20), with a total of 60.0."
65,https://www.objector.ai,Objector.ai,60.0,50.0,10,0.83,LOW,LOW,criteria,"The intent is good. Objector.ai directly benefits citizens in United Kingdom, community groups and individuals objecting to planning applications. The primary driver is direct practitioner benefit (scoring 18/20), with a total of 60.0."
66,https://opensupplyhub.org,Open Supply Hub,60.0,60.0,0,1.0,LOW,LOW,criteria,"I wouldn't dismiss this. Open Supply Hub is open-source and freely accessible, which is foundational. The primary driver is free/open access (scoring 13/20), with a total of 60.0."
67,https://parti.xyz,Parti,60.0,50.0,10,1.0,LOW,LOW,criteria,"Fair enough. Parti directly benefits citizens in South Korea, civic organizations and local governments. The primary driver is direct practitioner benefit (scoring 15/20), with a total of 60.0."
68,https://policyengine.org/uk,PolicyEngine,60.0,60.0,0,1.0,LOW,LOW,criteria,"This occupies a middle ground for me. PolicyEngine is open-source and freely accessible, which is foundational. The primary driver is free/open access (scoring 16/20), with a total of 60.0."
69,https://www.teachingpublicservice.digital,Teaching Public Service in the Digital Age,60.0,60.0,0,0.92,LOW,LOW,criteria,"Credible work in a space I care about. Teaching Public Service in the Digital Age is open-source and freely accessible, which is foundational. The primary driver is free/open access (scoring 13/20), with a total of 60.0."
70,https://www.torproject.org,Tor Project,59.8,67.8,-8,1.0,LOW,HIGH,criteria,"I can see the intention, Tor Project directly benefits journalists, activists and researchers. The primary driver is direct practitioner benefit (scoring 18/20), with a total of 59.8. I'm flagging a popularity risk — well-documented projects can score higher simply because there's more to evaluate."
71,https://www.otree.org,oTree,59.7,46.7,13,0.92,LOW,LOW,modifier,"The intent is good. oTree serves researchers, academics and economists and gets a lift from underdog protection. The primary scoring driver is underdog protection, design ethics bonus, pushing the total to 59.7."
72,https://openreferraluk.org,Open Referral UK,59.1,51.1,8,1.0,LOW,LOW,criteria,"The ambition is right even if the execution is debatable. Open Referral UK directly benefits local councils, community organisations and social care providers. The primary driver is direct practitioner benefit (scoring 18/20), with a total of 59.1. I'm giving this the benefit of the doubt via the underdog modifier."
73,https://osintframework.com,OSINT Framework,58.9,58.9,0,0.83,LOW,LOW,criteria,"I wouldn't dismiss this. OSINT Framework takes a clear anti-extraction stance, keeping users independent of platforms. The primary driver is anti-extraction/platform independence (scoring 16/20), with a total of 58.9."
74,https://openbudgets.eu,OpenBudgets.eu,58.9,58.9,0,1.0,LOW,LOW,criteria,"Parts of this I like, OpenBudgets.eu directly benefits government agencies, journalists and data wranglers. The primary driver is direct practitioner benefit (scoring 15/20), with a total of 58.9."
75,https://www.papertree.earth,Papertree,58.9,58.9,0,0.58,MEDIUM,NONE,criteria,"I'd want to see more, Papertree is open-source and freely accessible, which is foundational. The primary driver is free/open access (scoring 13/20), with a total of 58.9."
76,https://github.com/vbuterin/dao,The DAO (Standard DAO Framework),58.9,58.9,0,0.83,LOW,LOW,criteria,"Fair enough. The DAO (Standard DAO Framework) takes a clear anti-extraction stance, keeping users independent of platforms. The primary driver is anti-extraction/platform independence (scoring 16/20), with a total of 58.9."
77,https://docs.plus,docs.plus,58.9,58.9,0,0.75,LOW,LOW,criteria,"Not my top pick, but docs.plus is open-source and freely accessible, which is foundational. The primary driver is free/open access (scoring 16/20), with a total of 58.9."
78,https://sourceafrica.net,sourceAFRICA,58.9,58.9,0,0.83,LOW,LOW,criteria,"I have reservations but also respect for sourceAFRICA is open-source and freely accessible, which is foundational. The primary driver is free/open access (scoring 16/20), with a total of 58.9."
79,https://github.com/ytdl-org/youtube-dl,youtube-dl,58.4,54.4,4,0.83,LOW,MEDIUM,criteria,"On paper this is reasonable. youtube-dl is open-source and freely accessible, which is foundational. The primary driver is free/open access (scoring 13/20), with a total of 58.4."
80,https://commonslibrary.org,The Commons Social Change Library,58.3,53.3,5,0.83,LOW,LOW,criteria,"Neither fully aligned nor misaligned. The Commons Social Change Library directly benefits activists, campaigners and community organizers. The primary driver is direct practitioner benefit (scoring 18/20), with a total of 58.3. the underdog modifier cushions this against the thin evidence base."
81,https://www.agenciesforgood.org,Agencies for Good,58.0,50.0,8,0.83,LOW,LOW,criteria,"This occupies a middle ground for me. Agencies for Good directly benefits tech agencies, consultancies and freelancers. The primary driver is direct practitioner benefit (scoring 18/20), with a total of 58.0."
82,https://github.com/bluesky-social,Bluesky Social,58.0,50.0,8,0.83,LOW,HIGH,criteria,"This has potential, Bluesky Social takes a clear anti-extraction stance, keeping users independent of platforms. The primary driver is anti-extraction/platform independence (scoring 16/20), with a total of 58.0. the documentation advantage here may inflate the score relative to underdocumented peers."
83,https://ecnl.org/publications/framework-meaningful-engagement-20?mc_cid=b1c5158063&mc_eid=a09c64ec38,Framework for Meaningful Engagement 2.0,58.0,50.0,8,0.92,LOW,LOW,criteria,"There's substance here, Framework for Meaningful Engagement 2.0 is open-source and freely accessible, which is foundational. The primary driver is free/open access (scoring 19/20), with a total of 58.0."
84,https://www.loomio.org,Loomio,58.0,50.0,8,1.0,LOW,HIGH,criteria,"A solid idea that Loomio is open-source and freely accessible, which is foundational. The primary driver is free/open access (scoring 13/20), with a total of 58.0. the strong documentation may inflate this score somewhat relative to equally worthy but less visible projects."
85,https://www.opensanctions.org,OpenSanctions,58.0,50.0,8,1.0,LOW,LOW,criteria,"Some merit here. OpenSanctions directly benefits investigators, companies and technologists. The primary driver is direct practitioner benefit (scoring 15/20), with a total of 58.0. underdog protection applies because the limited record shouldn't be held against grassroots work."
86,https://github.com/ribenamaplesyrup/sugartrail,Sugartrail,57.8,57.8,0,0.83,LOW,LOW,criteria,"I can respect this, Sugartrail is open-source and freely accessible, which is foundational. The primary driver is free/open access (scoring 13/20), with a total of 57.8."
87,https://github.com/compdemocracy/polis,Polis,57.2,52.2,5,1.0,LOW,HIGH,criteria,"There's alignment, but it's partial. Polis is open-source and freely accessible, which is foundational. The primary driver is free/open access (scoring 16/20), with a total of 57.2. this benefits from good documentation, which could be a scoring artefact rather than genuine superiority. this gets underdog protection; I'd rather err on the side of supporting small projects."
88,https://climateaction.tech,ClimateAction.Tech,56.9,48.9,8,0.83,LOW,LOW,criteria,"Worth considering, though ClimateAction.Tech is open-source and freely accessible, which is foundational. The primary driver is free/open access (scoring 13/20), with a total of 56.9. protected as an underdog — the lack of documentation doesn't mean it lacks merit."
89,https://cybersecurityfordemocracy.org,Cybersecurity for Democracy,56.7,56.7,0,1.0,LOW,LOW,criteria,"A reasonable project with some alignment to my values. Cybersecurity for Democracy takes a clear anti-extraction stance, keeping users independent of platforms. The primary driver is anti-extraction/platform independence (scoring 16/20), with a total of 56.7."
90,https://www.govtrack.us,GovTrack.us,56.7,56.7,0,1.0,LOW,MEDIUM,criteria,"There's something here, though not as strong as I'd like. GovTrack.us directly benefits citizens, journalists and researchers. The primary driver is direct practitioner benefit (scoring 15/20), with a total of 56.7."
91,https://www.parallelparliament.co.uk,Parallel Parliament,56.7,46.7,10,0.83,LOW,LOW,criteria,"Decent work, Parallel Parliament directly benefits researchers, journalists and campaigners. The primary driver is direct practitioner benefit (scoring 15/20), with a total of 56.7."
92,https://parliamentwatch.ug/,Parliament Watch Uganda,56.7,46.7,10,0.83,LOW,LOW,criteria,"Credible work in a space I care about. Parliament Watch Uganda directly benefits citizens in Uganda, researchers and journalists. The primary driver is direct practitioner benefit (scoring 15/20), with a total of 56.7."
93,https://strikemap.org,Strike Map,56.7,56.7,0,0.75,LOW,LOW,criteria,"I can see the intention, Strike Map directly benefits labor organizers, civic technology researchers and investigative journalists. The primary driver is direct practitioner benefit (scoring 18/20), with a total of 56.7."
94,https://communities.sunlightfoundation.com/methodology,Tactical Data Engagement,56.7,46.7,10,1.0,LOW,LOW,criteria,"Not a perfect fit but still contributing. Tactical Data Engagement directly benefits local government staff, community members and data providers. The primary driver is direct practitioner benefit (scoring 15/20), with a total of 56.7."
95,https://www.theyworkforyou.com,TheyWorkForYou,56.7,56.7,0,1.0,LOW,MEDIUM,criteria,"Useful in its niche, TheyWorkForYou directly benefits citizens, researchers and journalists. The primary driver is direct practitioner benefit (scoring 15/20), with a total of 56.7."
96,https://github.com/i-dot-ai/awesome-gov-datasets,Awesome UK Government Datasets,55.8,47.8,8,0.92,LOW,LOW,criteria,"Functionally useful, Awesome UK Government Datasets is open-source and freely accessible, which is foundational. The primary driver is free/open access (scoring 13/20), with a total of 55.8. the underdog modifier cushions this against the thin evidence base."
97,https://gordonguthrie.github.io/frankensteinbill,Frankenstein Bill,55.8,47.8,8,1.0,LOW,LOW,criteria,"I see value in what this does, Frankenstein Bill is open-source and freely accessible, which is foundational. The primary driver is free/open access (scoring 13/20), with a total of 55.8. underdog protection applies because the limited record shouldn't be held against grassroots work."
98,https://metagov.org/projects/interop,Interoperable Deliberative Tools,55.8,47.8,8,0.83,LOW,LOW,criteria,"Mixed feelings on this one. Interoperable Deliberative Tools directly benefits researchers, governance practitioners and AI alignment researchers. The primary driver is direct practitioner benefit (scoring 10/20), with a total of 55.8."
99,https://kialo.com,Kialo,55.8,47.8,8,0.83,LOW,LOW,criteria,"Not quite what I'd champion, but Kialo directly benefits educators, students and researchers. The primary driver is direct practitioner benefit (scoring 15/20), with a total of 55.8."
100,https://ddocs.new/,dDocs,55.8,47.8,8,0.58,MEDIUM,NONE,criteria,"This does real work, even if dDocs is open-source and freely accessible, which is foundational. The primary driver is free/open access (scoring 13/20), with a total of 55.8."
101,https://github.com/bellingcat/edgar,EDGAR,55.6,55.6,0,0.83,LOW,HIGH,criteria,"The concept resonates, EDGAR is open-source and freely accessible, which is foundational. The primary driver is free/open access (scoring 13/20), with a total of 55.6. popularity risk is high here — the rich dossier may overstate true alignment."
102,https://www.opencrvs.org,OpenCRVS,55.6,55.6,0,1.0,LOW,LOW,criteria,"I appreciate parts of this, OpenCRVS is open-source and freely accessible, which is foundational. The primary driver is free/open access (scoring 16/20), with a total of 55.6."
103,https://github.com/thicknavyrain/uk_elections_leaflets,OpenElections Leaflet Scraper and Parser,55.6,55.6,0,0.83,LOW,LOW,criteria,"Interesting approach, OpenElections Leaflet Scraper and Parser is open-source and freely accessible, which is foundational. The primary driver is free/open access (scoring 13/20), with a total of 55.6."
104,https://p4ai.net,Principles for Public Participation in Procurement of AI,55.6,55.6,0,0.83,LOW,LOW,criteria,"I understand what this is trying to do. Principles for Public Participation in Procurement of AI is open-source and freely accessible, which is foundational. The primary driver is free/open access (scoring 13/20), with a total of 55.6."
105,https://github.com/rahvaalgatus/rahvaalgatus,Rahvaalgatus,55.6,55.6,0,0.83,LOW,LOW,criteria,"Moderate alignment. Rahvaalgatus is open-source and freely accessible, which is foundational. The primary driver is free/open access (scoring 13/20), with a total of 55.6."
106,https://www.wikidata.org,Wikidata,55.6,55.6,0,1.0,LOW,MEDIUM,criteria,"There's substance here, Wikidata directly benefits researchers, journalists and citizens. The primary driver is direct practitioner benefit (scoring 18/20), with a total of 55.6."
107,https://semanticclimate.github.io,semanticClimate,55.6,55.6,0,0.75,LOW,LOW,criteria,"Not my top pick, but semanticClimate is open-source and freely accessible, which is foundational. The primary driver is free/open access (scoring 13/20), with a total of 55.6."
108,https://standards.theodi.org,Open Standards for Data Guidebook,54.7,46.7,8,1.0,LOW,LOW,criteria,"A solid idea that Open Standards for Data Guidebook is open-source and freely accessible, which is foundational. The primary driver is free/open access (scoring 13/20), with a total of 54.7."
109,https://www.whatdotheyknow.com,WhatDoTheyKnow,54.4,54.4,0,1.0,LOW,MEDIUM,criteria,"Useful in its niche, WhatDoTheyKnow directly benefits journalists, researchers and citizens. The primary driver is direct practitioner benefit (scoring 15/20), with a total of 54.4."
110,https://www.oporaua.org,ОПОРА (Opora),54.4,44.4,10,1.0,LOW,MEDIUM,criteria,"I wouldn't dismiss this. ОПОРА (Opora) strengthens democratic participation for citizens in Ukraine, election observers and researchers. The primary driver is community journalism/democratic participation (scoring 11/20), with a total of 54.4."
111,https://docs.holepunch.to,Pear by Holepunch,54.0,50.0,4,0.83,LOW,LOW,criteria,"The concept resonates, Pear by Holepunch takes a clear anti-extraction stance, keeping users independent of platforms. The primary driver is anti-extraction/platform independence (scoring 16/20), with a total of 54.0."
112,https://github.com/propublica/django-collaborative,django-collaborative,54.0,50.0,4,0.83,LOW,LOW,criteria,"This occupies a middle ground for me. django-collaborative is open-source and freely accessible, which is foundational. The primary driver is free/open access (scoring 13/20), with a total of 54.0."
113,https://schema.org,Schema.org,53.6,45.6,8,0.58,MEDIUM,NONE,criteria,"Parts of this I like, Schema.org is open-source and freely accessible, which is foundational. The primary driver is free/open access (scoring 13/20), with a total of 53.6."
114,https://ciudadaniai.org,Fundación Ciudadanía Inteligente,53.3,53.3,0,1.0,LOW,MEDIUM,criteria,"This does real work, even if Fundación Ciudadanía Inteligente directly benefits citizens, civil society organizations and local governments. The primary driver is direct practitioner benefit (scoring 15/20), with a total of 53.3."
115,https://openletter.earth,Open Letter,53.3,43.3,10,0.92,LOW,LOW,criteria,"Fair enough. Open Letter directly benefits engaged citizens and civic participants, campaigners and advocacy groups. The primary driver is direct practitioner benefit (scoring 15/20), with a total of 53.3."
116,https://radicle.xyz,Radicle,53.3,53.3,0,0.83,LOW,LOW,criteria,"I understand what this is trying to do. Radicle is open-source and freely accessible, which is foundational. The primary driver is free/open access (scoring 16/20), with a total of 53.3."
117,https://yourtracka.org,Tracka,53.3,43.3,10,1.0,LOW,MEDIUM,criteria,"Neither fully aligned nor misaligned. Tracka directly benefits citizens, community members and civil society organizations. The primary driver is direct practitioner benefit (scoring 15/20), with a total of 53.3."
118,https://viewpoints.xyz,Viewpoints,53.3,53.3,0,0.83,LOW,LOW,criteria,"The intent is good. Viewpoints directly benefits teams and organizations, event organizers and educators. The primary driver is direct practitioner benefit (scoring 18/20), with a total of 53.3."
119,https://www.meet.coop,meet.coop,53.3,53.3,0,0.83,LOW,LOW,criteria,"I'd want to see more, meet.coop takes a clear anti-extraction stance, keeping users independent of platforms. The primary driver is anti-extraction/platform independence (scoring 16/20), with a total of 53.3. this gets underdog protection; I'd rather err on the side of supporting small projects."
120,https://github.com/whotargetsme/ad-transparency-standards/blob/main/implement.md,Political Advertising Transparency Data Standard,53.1,61.1,-8,1.0,LOW,LOW,criteria,"I can respect this, Political Advertising Transparency Data Standard directly benefits investigative journalists, civic technology researchers and advertising platforms. The primary driver is direct practitioner benefit (scoring 15/20), with a total of 53.1."
121,https://talktothecity.org,Talk to the City,52.8,47.8,5,1.0,LOW,LOW,criteria,"Not quite what I'd champion, but Talk to the City directly benefits civic technology researchers, engaged citizens and policymakers. The primary driver is direct practitioner benefit (scoring 10/20), with a total of 52.8. protected as an underdog — the lack of documentation doesn't mean it lacks merit."
122,https://www.csail.mit.edu/research/wikum-bridging-discussion-systems-and-wikis-collective-summarization,Wikum,52.8,47.8,5,0.83,LOW,LOW,criteria,"Credible work in a space I care about. Wikum directly benefits researchers, online communities and discussion participants. The primary driver is direct practitioner benefit (scoring 10/20), with a total of 52.8. I'm giving this the benefit of the doubt via the underdog modifier."
123,https://landexplorer.coop,Land Explorer,52.4,44.4,8,1.0,LOW,LOW,criteria,"This has potential, Land Explorer directly benefits community organizations, land trusts and neighborhood planners. The primary driver is direct practitioner benefit (scoring 15/20), with a total of 52.4. I've applied underdog protection — the evidence gap shouldn't sink a project that may well deserve better."
124,https://site.urbanistai.com,UrbanistAI,52.4,44.4,8,0.92,LOW,LOW,criteria,"Not a perfect fit but still contributing. UrbanistAI directly benefits citizens, policymakers and local governments. The primary driver is direct practitioner benefit (scoring 15/20), with a total of 52.4. protected as an underdog — the lack of documentation doesn't mean it lacks merit."
125,https://civicrm.org,CiviCRM,52.2,52.2,0,1.0,LOW,HIGH,criteria,"On paper this is reasonable. CiviCRM is open-source and freely accessible, which is foundational. The primary driver is free/open access (scoring 13/20), with a total of 52.2. worth noting that the thorough documentation gives this an advantage that less visible projects lack."
126,https://journaliststudio.google.com,Journalist Studio,52.2,52.2,0,0.83,LOW,LOW,criteria,"Some merit here. Journalist Studio strengthens democratic participation for journalists, researchers and news organizations. The primary driver is community journalism/democratic participation (scoring 11/20), with a total of 52.2."
127,https://matrix.org,Matrix,52.2,52.2,0,1.0,LOW,MEDIUM,criteria,"Moderate alignment. Matrix takes a clear anti-extraction stance, keeping users independent of platforms. The primary driver is anti-extraction/platform independence (scoring 16/20), with a total of 52.2."
128,https://github.com/stanfordcdt/pb,Stanford Participatory Budgeting Platform,52.2,52.2,0,1.0,LOW,LOW,criteria,"Decent work, Stanford Participatory Budgeting Platform is open-source and freely accessible, which is foundational. The primary driver is free/open access (scoring 13/20), with a total of 52.2."
129,https://openparliament.ca/,openparliament.ca,52.2,52.2,0,0.83,LOW,MEDIUM,criteria,"Functionally useful, openparliament.ca directly benefits Canadian citizens, journalists and researchers. The primary driver is direct practitioner benefit (scoring 15/20), with a total of 52.2."
130,https://soweego.readthedocs.io,soweego,52.2,52.2,0,0.83,LOW,LOW,criteria,"The ambition is right even if the execution is debatable. soweego is open-source and freely accessible, which is foundational. The primary driver is free/open access (scoring 13/20), with a total of 52.2."
131,https://spartacus.app,Spartacus,51.7,46.7,5,0.83,LOW,LOW,criteria,"A reasonable project with some alignment to my values. Spartacus directly benefits engaged citizens, community organizers and neighborhood groups. The primary driver is direct practitioner benefit (scoring 18/20), with a total of 51.7."
132,https://civicpress.io/,CivicPress,51.1,51.1,0,0.83,LOW,LOW,criteria,"There's something here, though not as strong as I'd like. CivicPress directly benefits municipal government officials, local government staff and citizens seeking public records. The primary driver is direct practitioner benefit (scoring 15/20), with a total of 51.1."
133,https://humbledata.org,Humble Data Workshop,51.1,51.1,0,0.83,LOW,LOW,criteria,"I appreciate parts of this, Humble Data Workshop is open-source and freely accessible, which is foundational. The primary driver is free/open access (scoring 13/20), with a total of 51.1."
134,https://newpublic.substack.com/p/introducing-roundabout-built-for,New_ Public Roundabout,50.8,47.8,3,0.83,LOW,LOW,criteria,"I have reservations but also respect for New_ Public Roundabout directly benefits local/neighbourhood communities, underestimated communities and community stewards and moderators. The primary driver is direct practitioner benefit (scoring 18/20), with a total of 50.8."
135,https://fairbnb.coop,Fairbnb.coop,50.2,42.2,8,0.92,LOW,LOW,criteria,"I can see the intention, Fairbnb.coop directly benefits hosts, travelers and local communities. The primary driver is direct practitioner benefit (scoring 15/20), with a total of 50.2."
136,https://github.com/huridocs,HURIDOCS,50.2,42.2,8,1.0,LOW,MEDIUM,criteria,"Mixed feelings on this one. HURIDOCS is open-source and freely accessible, which is foundational. The primary driver is free/open access (scoring 13/20), with a total of 50.2."
137,https://charitydigitalskills.co.uk,Charity Digital Skills Report,50.0,50.0,0,0.92,LOW,MEDIUM,criteria,"Interesting approach, Charity Digital Skills Report takes a clear anti-extraction stance, keeping users independent of platforms. The primary driver is anti-extraction/platform independence (scoring 16/20), with a total of 50.0."
138,https://charmverse.io/,CharmVerse,50.0,50.0,0,0.83,LOW,LOW,criteria,"Worth considering, though CharmVerse directly benefits DAO operators, grant managers and builders. The primary driver is direct practitioner benefit (scoring 15/20), with a total of 50.0."
139,https://github.com/cavi-au/consent-o-matic,Consent-O-Matic,50.0,50.0,0,0.83,LOW,LOW,criteria,"I see value in what this does, Consent-O-Matic is open-source and freely accessible, which is foundational. The primary driver is free/open access (scoring 13/20), with a total of 50.0."
140,https://www.discourse.org,Discourse,50.0,50.0,0,0.83,LOW,MEDIUM,criteria,"There's alignment, but it's partial. Discourse directly benefits tech companies, developers and product teams. The primary driver is direct practitioner benefit (scoring 15/20), with a total of 50.0."
141,https://www.fixmystreet.com,FixMyStreet,50.0,50.0,0,1.0,LOW,MEDIUM,criteria,"This has potential, FixMyStreet directly benefits citizens, local councils and developers. The primary driver is direct practitioner benefit (scoring 15/20), with a total of 50.0."
142,https://github.com/sentinelteam/grim,GRIM (Global Risk Simulator),50.0,50.0,0,0.83,LOW,LOW,criteria,"Not a perfect fit but still contributing. GRIM (Global Risk Simulator) is open-source and freely accessible, which is foundational. The primary driver is free/open access (scoring 13/20), with a total of 50.0."
143,https://www.govocal.com,Go Vocal,50.0,50.0,0,0.83,LOW,LOW,criteria,"I understand what this is trying to do. Go Vocal directly benefits government agencies, residents and citizens. The primary driver is direct practitioner benefit (scoring 15/20), with a total of 50.0."
144,https://missingnumbers.org,Missing Numbers,50.0,40.0,10,0.92,LOW,LOW,criteria,"Fair enough. Missing Numbers directly benefits journalists, researchers and campaigners. The primary driver is direct practitioner benefit (scoring 15/20), with a total of 50.0."
145,https://www.open-contracting.org,Open Contracting Partnership,50.0,50.0,0,1.0,LOW,MEDIUM,criteria,"Neither fully aligned nor misaligned. Open Contracting Partnership directly benefits government procurement officials, civil society organizations and researchers. The primary driver is direct practitioner benefit (scoring 15/20), with a total of 50.0."
146,https://www.openorigins.com,OpenOrigins,50.0,50.0,0,0.83,LOW,LOW,criteria,"A solid idea that OpenOrigins directly benefits journalists, media organizations and researchers. The primary driver is direct practitioner benefit (scoring 15/20), with a total of 50.0."
147,https://securedrop.org,SecureDrop,50.0,50.0,0,0.92,LOW,MEDIUM,criteria,"On paper this is reasonable. SecureDrop is open-source and freely accessible, which is foundational. The primary driver is free/open access (scoring 16/20), with a total of 50.0."
148,https://spacetu.be,Spacetube,50.0,50.0,0,0.75,LOW,LOW,criteria,"Interesting approach, Spacetube takes a clear anti-extraction stance, keeping users independent of platforms. The primary driver is anti-extraction/platform independence (scoring 16/20), with a total of 50.0."
149,https://timecounts.org,Timecounts,50.0,50.0,0,0.83,LOW,LOW,criteria,"I appreciate parts of this, Timecounts directly benefits nonprofits, community groups and event organizers. The primary driver is direct practitioner benefit (scoring 18/20), with a total of 50.0."
150,https://www.ushahidi.com,Ushahidi,50.0,50.0,0,1.0,LOW,HIGH,criteria,"There's alignment, but it's partial. Ushahidi directly benefits citizens, community groups and governments. The primary driver is direct practitioner benefit (scoring 15/20), with a total of 50.0. the documentation advantage here may inflate the score relative to underdocumented peers."
151,https://wardwatch.uk,WardWatch,50.0,50.0,0,0.83,LOW,LOW,criteria,"This does real work, even if WardWatch directly benefits citizens, researchers and campaigners. The primary driver is direct practitioner benefit (scoring 15/20), with a total of 50.0."
152,https://yrpri.org,Your Priorities,50.0,50.0,0,1.0,LOW,MEDIUM,criteria,"The concept resonates, Your Priorities directly benefits governments, citizens and communities. The primary driver is direct practitioner benefit (scoring 15/20), with a total of 50.0."
153,https://coops.tech,CoTech,49.1,41.1,8,0.83,LOW,LOW,criteria,"Decent work, CoTech provides free access, removing a real barrier. The primary driver is free/open access (scoring 8/20), with a total of 49.1. I've applied underdog protection — the evidence gap shouldn't sink a project that may well deserve better."
154,https://ckan.org,CKAN,48.9,48.9,0,1.0,LOW,HIGH,criteria,"I'd want to see more, CKAN is open-source and freely accessible, which is foundational. The primary driver is free/open access (scoring 16/20), with a total of 48.9. I'm flagging a popularity risk — well-documented projects can score higher simply because there's more to evaluate."
155,https://github.com/datakind/data-observation-toolkit,Data Observation Toolkit (DOT),48.9,48.9,0,1.0,LOW,LOW,criteria,"This occupies a middle ground for me. Data Observation Toolkit (DOT) is open-source and freely accessible, which is foundational. The primary driver is free/open access (scoring 13/20), with a total of 48.9."
156,https://ethelo.com,Ethelo,48.9,48.9,0,1.0,LOW,MEDIUM,criteria,"There's substance here, Ethelo directly benefits municipal governments, indigenous communities and DAOs. The primary driver is direct practitioner benefit (scoring 12/20), with a total of 48.9."
157,https://manifold.markets,Manifold Markets,48.9,48.9,0,0.83,LOW,LOW,criteria,"I can see the intention, Manifold Markets directly benefits researchers, forecasters and traders. The primary driver is direct practitioner benefit (scoring 10/20), with a total of 48.9."
158,https://parsethebill.com,Parse The Bill,48.9,38.9,10,0.83,LOW,LOW,modifier,"Moderate alignment. Parse The Bill benefits from open-source bonus. The primary scoring driver is open-source bonus, pushing the total to 48.9."
159,https://richardpope.org/2017/03/05/beckton-a-tool-to-build,Beckton,48.3,43.3,5,0.83,LOW,LOW,criteria,"A reasonable project with some alignment to my values. Beckton is open-source and freely accessible, which is foundational. The primary driver is free/open access (scoring 13/20), with a total of 48.3. the underdog modifier cushions this against the thin evidence base."
160,https://choosealicense.com,Choose a License,47.8,47.8,0,0.83,LOW,MEDIUM,criteria,"There's something here, though not as strong as I'd like. Choose a License takes a clear anti-extraction stance, keeping users independent of platforms. The primary driver is anti-extraction/platform independence (scoring 16/20), with a total of 47.8."
161,https://contractsfordatacollaboration.org,Contracts for Data Collaboration,47.8,47.8,0,1.0,LOW,LOW,criteria,"The intent is good. Contracts for Data Collaboration is open-source and freely accessible, which is foundational. The primary driver is free/open access (scoring 13/20), with a total of 47.8."
162,https://www.localintelligencehub.com,Local Intelligence Hub,47.8,47.8,0,0.92,LOW,LOW,criteria,"The ambition is right even if the execution is debatable. Local Intelligence Hub directly benefits campaigners, organizers and climate advocates. The primary driver is direct practitioner benefit (scoring 15/20), with a total of 47.8."
163,https://urbit.org,Urbit,47.8,47.8,0,0.83,LOW,LOW,criteria,"Parts of this I like, Urbit takes a clear anti-extraction stance, keeping users independent of platforms. The primary driver is anti-extraction/platform independence (scoring 16/20), with a total of 47.8."
164,https://arxiv.org,arXiv,47.8,47.8,0,0.92,LOW,HIGH,criteria,"Mixed feelings on this one. arXiv directly benefits civic technology researchers, academics and scientists. The primary driver is direct practitioner benefit (scoring 10/20), with a total of 47.8. this benefits from good documentation, which could be a scoring artefact rather than genuine superiority."
165,https://aragon.org,Aragon,46.9,38.9,8,0.83,LOW,LOW,criteria,"Not quite what I'd champion, but Aragon provides free access, removing a real barrier. The primary driver is free/open access (scoring 8/20), with a total of 46.9."
166,https://plunkett.my.site.com/keepitinthecommunity/s,Keep It In The Community,46.9,38.9,8,0.67,MEDIUM,LOW,criteria,"I can respect this, Keep It In The Community directly benefits Local Communities. The primary driver is direct practitioner benefit (scoring 15/20), with a total of 46.9."
167,https://www.communitytech.network,Community Tech,46.7,46.7,0,0.92,LOW,LOW,criteria,"I wouldn't dismiss this. Community Tech directly benefits community organisations, local communities and citizens seeking to participate in local democratic processes. The primary driver is direct practitioner benefit (scoring 18/20), with a total of 46.7."
168,https://conservativepartyfunding.co.uk,Conservative Party Funding,46.7,46.7,0,0.83,LOW,LOW,criteria,"Credible work in a space I care about. Conservative Party Funding directly benefits civic technology researchers, members of the public seeking government information and investigative journalists. The primary driver is direct practitioner benefit (scoring 15/20), with a total of 46.7."
169,https://www.dfos.com,Democracy Fund Open Source,46.7,46.7,0,0.83,LOW,LOW,criteria,"Functionally useful, Democracy Fund Open Source is open-source and freely accessible, which is foundational. The primary driver is free/open access (scoring 13/20), with a total of 46.7."
170,https://gov.uk/find-local-consultations,Find local consultations,46.7,46.7,0,0.92,LOW,LOW,criteria,"Useful in its niche, Find local consultations directly benefits citizens, local councils and residents. The primary driver is direct practitioner benefit (scoring 18/20), with a total of 46.7."
171,https://granicus.com/uk,Granicus,46.7,46.7,0,0.92,LOW,LOW,criteria,"Worth considering, though Granicus directly benefits Local government, Central government and Healthcare. The primary driver is direct practitioner benefit (scoring 15/20), with a total of 46.7."
172,https://antievictionmappingproject.github.io/landlordtech,Landlord Tech Watch,46.7,46.7,0,0.92,LOW,LOW,criteria,"Not my top pick, but Landlord Tech Watch is open-source and freely accessible, which is foundational. The primary driver is free/open access (scoring 13/20), with a total of 46.7."
173,https://www.mpwatch.org,MP Watch,46.7,46.7,0,0.92,LOW,LOW,criteria,"I have reservations but also respect for MP Watch directly benefits campaigners, MPs and constituents. The primary driver is direct practitioner benefit (scoring 18/20), with a total of 46.7."
174,https://numfocus.org,NumFOCUS,46.7,46.7,0,0.92,LOW,MEDIUM,criteria,"Some merit here. NumFOCUS is open-source and freely accessible, which is foundational. The primary driver is free/open access (scoring 16/20), with a total of 46.7."
175,https://riseup.net,Riseup,46.7,46.7,0,0.83,LOW,MEDIUM,criteria,"I see value in what this does, Riseup directly benefits activists, social movements and advocacy organizations. The primary driver is direct practitioner benefit (scoring 15/20), with a total of 46.7."
176,https://github.com/mikekelly/policy-dojo,UK Policy Dojo,46.7,46.7,0,0.83,LOW,LOW,criteria,"A solid idea that UK Policy Dojo is open-source and freely accessible, which is foundational. The primary driver is free/open access (scoring 13/20), with a total of 46.7."
177,https://arxiv.org/abs/2005.13701,Modular Politics,46.1,41.1,5,0.83,LOW,HIGH,criteria,"Mixed feelings on this one. Modular Politics directly benefits researchers, platform operators and online community managers. The primary driver is direct practitioner benefit (scoring 10/20), with a total of 46.1. the strong documentation may inflate this score somewhat relative to equally worthy but less visible projects. underdog protection applies because the limited record shouldn't be held against grassroots work."
178,https://algorithmwatch.org,AlgorithmWatch,45.9,48.9,-3,1.0,LOW,LOW,criteria,"This does real work, even if AlgorithmWatch directly benefits general public, policymakers and legislative staff and investigative journalists. The primary driver is direct practitioner benefit (scoring 15/20), with a total of 45.9."
179,https://collaborative-data.theodi.org,Collaborative Data Patterns,45.6,45.6,0,0.75,LOW,LOW,criteria,"The intent is good. Collaborative Data Patterns directly benefits data practitioners, organizations and communities. The primary driver is direct practitioner benefit (scoring 10/20), with a total of 45.6."
180,https://www.hotosm.org,Humanitarian OpenStreetMap Team (HOT),45.6,45.6,0,1.0,LOW,HIGH,criteria,"I can see the intention, Humanitarian OpenStreetMap Team (HOT) provides free access, removing a real barrier. The primary driver is free/open access (scoring 8/20), with a total of 45.6. popularity risk is high here — the rich dossier may overstate true alignment."
181,https://oa.works/,OA.Works,45.6,45.6,0,1.0,LOW,MEDIUM,criteria,"Useful in its niche, OA.Works is open-source and freely accessible, which is foundational. The primary driver is free/open access (scoring 13/20), with a total of 45.6."
182,https://opendatacommunities.org,Open Data Communities,45.6,45.6,0,0.92,LOW,MEDIUM,criteria,"I have reservations but also respect for Open Data Communities directly benefits researchers, citizens in United Kingdom and local government. The primary driver is direct practitioner benefit (scoring 15/20), with a total of 45.6."
183,https://www.openownership.org,Open Ownership,45.6,45.6,0,1.0,LOW,LOW,criteria,"Not quite what I'd champion, but Open Ownership directly benefits governments, researchers and civil society organizations. The primary driver is direct practitioner benefit (scoring 15/20), with a total of 45.6."
184,https://publicai.co/,Public AI Inference Utility,45.6,45.6,0,1.0,LOW,LOW,criteria,"This has potential, Public AI Inference Utility is open-source and freely accessible, which is foundational. The primary driver is free/open access (scoring 16/20), with a total of 45.6."
185,https://thecircuit.cc,The Circuit,45.6,45.6,0,0.92,LOW,LOW,criteria,"The ambition is right even if the execution is debatable. The Circuit directly benefits Cook County residents, criminal defendants and journalists. The primary driver is direct practitioner benefit (scoring 15/20), with a total of 45.6."
186,https://onodi.co/bisect/,Theft Bisect,45.6,45.6,0,0.92,LOW,LOW,criteria,"I appreciate parts of this, Theft Bisect is open-source and freely accessible, which is foundational. The primary driver is free/open access (scoring 13/20), with a total of 45.6."
187,https://github.com/blacksky-algorithms/rsky,rsky,45.6,45.6,0,0.83,LOW,LOW,criteria,"There's substance here, rsky is open-source and freely accessible, which is foundational. The primary driver is free/open access (scoring 13/20), with a total of 45.6."
188,https://atlasofsurveillance.org,Atlas of Surveillance,45.3,53.3,-8,0.92,LOW,LOW,criteria,"I can respect this, Atlas of Surveillance directly benefits civic technology researchers, investigative journalists and individuals concerned about digital rights and privacy. The primary driver is direct practitioner benefit (scoring 18/20), with a total of 45.3."
189,https://nyaaya.org,Nyaaya,45.3,53.3,-8,0.83,LOW,LOW,criteria,"Not a perfect fit but still contributing. Nyaaya directly benefits general public, women and children. The primary driver is direct practitioner benefit (scoring 15/20), with a total of 45.3."
190,https://meta.wikimedia.org/wiki/abstract_wikipedia,Abstract Wikipedia,45,67.8,4,0.72,LOW,HIGH,procedural,"Worth considering, though Abstract Wikipedia directly benefits civic technology researchers, members of the public seeking government information and volunteer knowledge contributors. The primary driver is direct practitioner benefit (scoring 15/20), with a total of 45. worth noting that the thorough documentation gives this an advantage that less visible projects lack."
191,https://medium.com/metagov/introducing-the-agreement-engine-bf03b6d5c16c,Agreement Engine,45,60.0,0,0.55,MEDIUM,NONE,procedural,"Functionally useful, Agreement Engine is open-source and freely accessible, which is foundational. The primary driver is free/open access (scoring 13/20), with a total of 45."
192,https://annas-archive.pm,Anna's Archive,45,67.8,0,0.55,MEDIUM,NONE,procedural,"Fair enough. Anna's Archive directly benefits civic technology researchers, students and early-career researchers and academics. The primary driver is direct practitioner benefit (scoring 18/20), with a total of 45."
193,https://www.crowdjustice.com,CrowdJustice,45,46.7,5,0.72,LOW,MEDIUM,procedural,"I see value in what this does, CrowdJustice directly benefits citizens seeking to participate in local democratic processes, political and social campaigners and legal advocates. The primary driver is direct practitioner benefit (scoring 18/20), with a total of 45."
194,https://dunadyne.org,Dunadyne,45.0,40.0,5,0.75,LOW,LOW,criteria,"Interesting approach, Dunadyne directly benefits Organizations, Researchers and Data analysts. The primary driver is direct practitioner benefit (scoring 10/20), with a total of 45.0."
195,https://entitledto.co.uk,Entitledto,45,46.7,0,0.72,LOW,MEDIUM,procedural,"A reasonable project with some alignment to my values. Entitledto directly benefits citizens, low-income households and benefit claimants. The primary driver is direct practitioner benefit (scoring 15/20), with a total of 45."
196,https://www.givefood.org.uk,Give Food,45,48.9,0,0.72,LOW,LOW,procedural,"I'd want to see more, Give Food directly benefits citizens, food banks and journalists. The primary driver is direct practitioner benefit (scoring 18/20), with a total of 45."
197,https://hand-written-petition-scanner.streamlit.app,Hand-Written Petition Scanner,45,48.9,0,0.37999999999999995,HIGH,NONE,procedural,"Some merit here. Hand-Written Petition Scanner directly benefits activists, campaigners and civic organizations. The primary driver is direct practitioner benefit (scoring 10/20), with a total of 45. However, I'd need more information to rank this with confidence."
198,https://membersinterests.org.uk,Members' Interests,45,54.4,0,0.72,LOW,MEDIUM,procedural,"Parts of this I like, Members' Interests directly benefits journalists, researchers and campaigners. The primary driver is direct practitioner benefit (scoring 15/20), with a total of 45."
199,https://medium.com/@abscond/membership-a-prototype-ea822b2683b,Membership,45,50.0,5,0.37999999999999995,HIGH,NONE,procedural,"The concept resonates, Membership is open-source and freely accessible, which is foundational. The primary driver is free/open access (scoring 13/20), with a total of 45. However, there isn't enough data to be confident here."
200,https://openaccess.transparency.org.uk,Open Access – Transparency International UK,45,45.6,0,0.72,LOW,LOW,procedural,"There's alignment, but it's partial. Open Access – Transparency International UK directly benefits journalists, researchers and civil society organizations. The primary driver is direct practitioner benefit (scoring 15/20), with a total of 45."
201,https://planit.org.uk,PlanIT,45,46.7,10,0.72,LOW,LOW,procedural,"There's something here, though not as strong as I'd like. PlanIT directly benefits citizens in United Kingdom, local authorities and planning professionals. The primary driver is direct practitioner benefit (scoring 18/20), with a total of 45."
202,https://policykit.org,PolicyKit,45,61.1,0,0.6299999999999999,MEDIUM,LOW,procedural,"On paper this is reasonable. PolicyKit directly benefits online community leaders, community admins and community members. The primary driver is direct practitioner benefit (scoring 15/20), with a total of 45."
203,https://developer.parliament.uk,UK Parliament Developer Portal,45,45.6,0,0.72,LOW,LOW,procedural,"Decent work, UK Parliament Developer Portal directly benefits Developers, Civic Tech Community and Researchers. The primary driver is direct practitioner benefit (scoring 15/20), with a total of 45."
204,https://turkopticon.ucsd.edu,Turkopticon,44.7,36.7,8,0.92,LOW,MEDIUM,criteria,"This is fundamentally an institutional tool. Turkopticon is open-source and freely accessible, which is foundational. The primary driver is free/open access (scoring 13/20), with a total of 44.7. this gets underdog protection; I'd rather err on the side of supporting small projects."
205,https://civictech.guide,Civic Tech Field Guide,44.4,44.4,0,0.92,LOW,LOW,criteria,"Technology for its own sake. Civic Tech Field Guide strengthens democratic participation for civic tech practitioners, nonprofits and social good organizations. The primary driver is community journalism/democratic participation (scoring 11/20), with a total of 44.4."
206,https://github.com/disarmfoundation/disarmframeworks,DISARM Frameworks,44.4,44.4,0,1.0,LOW,LOW,criteria,"Practitioners are an afterthought here. DISARM Frameworks is open-source and freely accessible, which is foundational. The primary driver is free/open access (scoring 13/20), with a total of 44.4."
207,https://idealist.org,Idealist,44.4,44.4,0,0.83,LOW,MEDIUM,criteria,"Closed, institutional, and not practitioner-focused. Idealist directly benefits job seekers, nonprofit professionals and volunteers. The primary driver is direct practitioner benefit (scoring 15/20), with a total of 44.4."
208,https://www.marksoutoftenancy.com,Marks Out Of Tenancy,44.4,44.4,0,0.92,LOW,LOW,criteria,"The design choices here worry me. Marks Out Of Tenancy directly benefits renters, tenants and local authorities. The primary driver is direct practitioner benefit (scoring 15/20), with a total of 44.4."
209,https://publicaccountability.org,The Accountability Project,44.4,44.4,0,0.75,LOW,LOW,criteria,"I can't back this with conviction. The Accountability Project strengthens democratic participation for journalists, researchers and investigators. The primary driver is community journalism/democratic participation (scoring 11/20), with a total of 44.4."
210,https://www.writetothem.com,WriteToThem,44.4,44.4,0,1.0,LOW,MEDIUM,criteria,"No clear path to practitioner empowerment. WriteToThem directly benefits citizens, campaigners and constituents. The primary driver is direct practitioner benefit (scoring 10/20), with a total of 44.4."
211,https://www.campaigntracker.nl/en,Campaign Tracker,43.7,56.7,-13,1.0,LOW,LOW,criteria,"Not my kind of project. Campaign Tracker directly benefits investigative journalists, civic technology researchers and members of the public seeking government information. The primary driver is direct practitioner benefit (scoring 15/20), with a total of 43.7."
212,https://openprocurement.io,OpenProcurement,43.6,35.6,8,1.0,LOW,MEDIUM,criteria,"This serves institutions more than people. OpenProcurement is open-source and freely accessible, which is foundational. The primary driver is free/open access (scoring 13/20), with a total of 43.6. I'm giving this the benefit of the doubt via the underdog modifier."
213,https://blog.kagi.com/slopstop,Kagi SlopStop,43.4,34.4,9,0.83,LOW,LOW,modifier,"This doesn't align with my values. Kagi SlopStop serves general internet users and Kagi Search subscribers and gets a lift from underdog protection. The primary scoring driver is underdog protection, community journalism bonus, pushing the total to 43.4. this gets underdog protection; I'd rather err on the side of supporting small projects."
214,https://civiclick.com,CiviClick,43.3,43.3,0,0.75,LOW,LOW,criteria,"Not what I'm looking for. CiviClick directly benefits public affairs professionals, nonprofits and associations. The primary driver is direct practitioner benefit (scoring 15/20), with a total of 43.3."
215,https://cortico.ai/platform,Cortico,43.3,43.3,0,1.0,LOW,LOW,criteria,"This is the institutional model I'm wary of. Cortico directly benefits municipalities, community-based organizations and newsrooms. The primary driver is direct practitioner benefit (scoring 12/20), with a total of 43.3."
216,https://github.com/notchia/dao-governance-surfaces,DAO Governance Surfaces,43.3,43.3,0,0.83,LOW,LOW,criteria,"The design choices here worry me. DAO Governance Surfaces is open-source and freely accessible, which is foundational. The primary driver is free/open access (scoring 13/20), with a total of 43.3."
217,https://www.demnext.org/projects/delibtech-network,Deliberation & Technology (DelibTech) Network,43.3,43.3,0,0.83,LOW,LOW,criteria,"I'd redirect this funding. Deliberation & Technology (DelibTech) Network directly benefits technologists, practitioners and experts. The primary driver is direct practitioner benefit (scoring 15/20), with a total of 43.3."
218,https://developers.democracyclub.org.uk/api/v1,Democracy Club Developer API,43.3,43.3,0,1.0,LOW,LOW,criteria,"Too institutional for my taste. Democracy Club Developer API is open-source and freely accessible, which is foundational. The primary driver is free/open access (scoring 13/20), with a total of 43.3."
219,https://localinsight.org,Local Insight,43.3,43.3,0,0.92,LOW,LOW,criteria,"This doesn't pass my practitioner test. Local Insight directly benefits councils, grantmakers and housing associations. The primary driver is direct practitioner benefit (scoring 18/20), with a total of 43.3."
220,https://mapping.kids,Mapping.kids,43.3,43.3,0,0.5,MEDIUM,NONE,criteria,"I struggle to see the practitioner benefit here. Mapping.kids directly benefits Students, Educators and Young people. The primary driver is direct practitioner benefit (scoring 10/20), with a total of 43.3."
221,https://osf.io,Open Science Framework,43.3,43.3,0,0.92,LOW,MEDIUM,criteria,"Not enough openness or practitioner focus. Open Science Framework is open-source and freely accessible, which is foundational. The primary driver is free/open access (scoring 13/20), with a total of 43.3."
222,https://hact.org.uk/tools-and-services/uk-housing-data-standards,UK Housing Data Standards,43.3,43.3,0,1.0,LOW,LOW,criteria,"The model here concerns me. UK Housing Data Standards directly benefits social housing providers, housing associations and local authorities. The primary driver is direct practitioner benefit (scoring 15/20), with a total of 43.3."
223,https://programs.clearerthinking.org/understanding-your-morality/,Understanding Your Morality,43.3,43.3,0,0.83,LOW,LOW,criteria,"I see the ambition, but the execution is wrong-headed. Understanding Your Morality directly benefits General Public, Students and Educators. The primary driver is direct practitioner benefit (scoring 10/20), with a total of 43.3."
224,https://mapped.commonknowledge.coop,Mapped,43.1,51.1,-8,0.83,LOW,LOW,criteria,"This is fundamentally an institutional tool. Mapped directly benefits organisers, activists and campaigners. The primary driver is direct practitioner benefit (scoring 15/20), with a total of 43.1."
225,https://trends.whotargets.me,Who Targets Me Trends,42.4,54.4,-12,0.92,LOW,LOW,criteria,"Closed, institutional, and not practitioner-focused. Who Targets Me Trends directly benefits journalists, election monitors and researchers. The primary driver is direct practitioner benefit (scoring 15/20), with a total of 42.4."
226,https://aisafety.info,AISafety.info,42.2,42.2,0,0.83,LOW,LOW,criteria,"The platform lock-in is disqualifying. AISafety.info directly benefits civic technology researchers, students and early-career researchers and general public. The primary driver is direct practitioner benefit (scoring 10/20), with a total of 42.2."
227,https://expo.diia.gov.ua,Diia,42.2,42.2,0,1.0,LOW,LOW,criteria,"I'm sceptical of this approach. Diia is open-source and freely accessible, which is foundational. The primary driver is free/open access (scoring 13/20), with a total of 42.2."
228,https://dogooder.co,DoGooder,42.2,42.2,0,0.6299999999999999,MEDIUM,LOW,criteria,"This sits at the bottom for structural reasons. DoGooder directly benefits Activists, Non-profit organizations and Community groups. The primary driver is direct practitioner benefit (scoring 18/20), with a total of 42.2."
229,https://www.forms.service.gov.uk,GOV.UK Forms,42.2,42.2,0,1.0,LOW,LOW,criteria,"My constitution penalises this kind of approach. GOV.UK Forms provides free access, removing a real barrier. The primary driver is free/open access (scoring 8/20), with a total of 42.2."
230,https://local-deep-researcher-hnmh.vercel.app/,Local Deep Researcher,42.2,42.2,0,0.3,HIGH,NONE,criteria,"This feels extractive to me. Local Deep Researcher directly benefits Civic researchers, Local government advocates and Community organizers. The primary driver is direct practitioner benefit (scoring 15/20), with a total of 42.2. However, hard to score properly when the evidence is sparse."
231,https://github.com/cverluise/patcit,PatCit,42.2,42.2,0,0.83,LOW,LOW,criteria,"I don't see direct practitioner benefit. PatCit is open-source and freely accessible, which is foundational. The primary driver is free/open access (scoring 13/20), with a total of 42.2."
232,https://sci-hub.se,Sci-Hub,42.2,42.2,0,0.55,MEDIUM,NONE,criteria,"I can't back this with conviction. Sci-Hub directly benefits civic technology researchers, public policy students and academics. The primary driver is direct practitioner benefit (scoring 15/20), with a total of 42.2."
233,https://turbophonebank.com,Turbo Phonebank,42.0,50.0,-8,0.83,LOW,LOW,criteria,"I don't see how this empowers practitioners. Turbo Phonebank directly benefits campaigners, volunteers and organizers. The primary driver is direct practitioner benefit (scoring 18/20), with a total of 42.0."
234,https://metaculus.com,Metaculus,41.4,44.4,-3,0.72,LOW,LOW,criteria,"The value proposition doesn't land for me. Metaculus directly benefits researchers, forecasters and policymakers. The primary driver is direct practitioner benefit (scoring 15/20), with a total of 41.4. protected as an underdog — the lack of documentation doesn't mean it lacks merit."
235,https://riversentiment.app,River Sentiment Dashboard,41.4,44.4,-3,0.83,LOW,LOW,criteria,"This prioritises institutions over users. River Sentiment Dashboard strengthens democratic participation for civic technology researchers, engaged citizens and environmental advocates. The primary driver is community journalism/democratic participation (scoring 11/20), with a total of 41.4."
236,https://dovetail.network,Dovetail,41.1,41.1,0,0.83,LOW,LOW,criteria,"This represents what I push against. Dovetail directly benefits non-profits, charities and digital agencies. The primary driver is direct practitioner benefit (scoring 10/20), with a total of 41.1."
237,https://www.mastodonc.com,Mastodon C,41.1,41.1,0,1.0,LOW,HIGH,criteria,"No clear path to practitioner empowerment. Mastodon C provides free access, removing a real barrier. The primary driver is free/open access (scoring 8/20), with a total of 41.1. I'm flagging a popularity risk — well-documented projects can score higher simply because there's more to evaluate."
238,https://monitormamdani.com/,Monitor Mamdani,41.1,41.1,0,0.83,LOW,LOW,criteria,"The closed nature of this is a problem. Monitor Mamdani directly benefits voters and researchers. The primary driver is direct practitioner benefit (scoring 10/20), with a total of 41.1."
239,https://moralmachine.net,Moral Machine,41.1,41.1,0,0.83,LOW,LOW,criteria,"Technology for its own sake. Moral Machine directly benefits researchers, AI developers and policymakers. The primary driver is direct practitioner benefit (scoring 10/20), with a total of 41.1."
240,https://nookcrm.com,Nook CRM,41.1,41.1,0,0.83,LOW,LOW,criteria,"The platform dependency is a concern. Nook CRM directly benefits community energy organizations, energy advisors and energy advice services. The primary driver is direct practitioner benefit (scoring 10/20), with a total of 41.1."
241,https://openaudience.org,OpenAudience,41.1,41.1,0,0.83,LOW,LOW,criteria,"Practitioners are an afterthought here. OpenAudience (platform, api) augments human skill rather than replacing it. The primary driver is technology augmenting human skill (scoring 9/20), with a total of 41.1."
242,https://www.publiceditor.io,Public Editor,41.1,41.1,0,0.55,MEDIUM,NONE,criteria,"This isn't built for the people it claims to serve. Public Editor strengthens democratic participation for investigative journalists, media organizations and readers. The primary driver is community journalism/democratic participation (scoring 11/20), with a total of 41.1."
243,https://remembertovote.org.uk,Remember to Vote,41.1,41.1,0,0.75,LOW,LOW,criteria,"Hard to justify ranking this higher. Remember to Vote directly benefits voters seeking electoral information and registered voters. The primary driver is direct practitioner benefit (scoring 10/20), with a total of 41.1."
244,https://shareyourpaper.org,Shareyourpaper.org,41.1,41.1,0,0.83,LOW,LOW,criteria,"I can't champion something that Shareyourpaper.org is open-source and freely accessible, which is foundational. The primary driver is free/open access (scoring 16/20), with a total of 41.1."
245,https://www.workerinfoexchange.org,Worker Info Exchange,41.1,41.1,0,0.92,LOW,LOW,criteria,"This misses the point of open access. Worker Info Exchange directly benefits workers, labor advocates and researchers. The primary driver is direct practitioner benefit (scoring 10/20), with a total of 41.1."
246,https://github.com/ideal-postcodes/postcodes.io,postcodes.io,41.1,41.1,0,0.83,LOW,LOW,criteria,"Not enough openness or practitioner focus. postcodes.io is open-source and freely accessible, which is foundational. The primary driver is free/open access (scoring 13/20), with a total of 41.1."
247,https://esper.com/product,Esper,40.0,40.0,0,0.92,LOW,LOW,criteria,"The value proposition doesn't land for me. Esper directly benefits government agencies, policy staff and citizens. The primary driver is direct practitioner benefit (scoring 15/20), with a total of 40.0."
248,https://github.com/fission-codes/fission-codes,Fission Codes,40.0,40.0,0,0.75,LOW,LOW,criteria,"Technology for its own sake. Fission Codes is open-source and freely accessible, which is foundational. The primary driver is free/open access (scoring 13/20), with a total of 40.0."
249,https://grantnav.threesixtygiving.org,GrantNav,40.0,40.0,0,1.0,LOW,MEDIUM,criteria,"My constitution penalises this kind of approach. GrantNav directly benefits funders, researchers and grant recipients. The primary driver is direct practitioner benefit (scoring 10/20), with a total of 40.0."
250,https://en.wikipedia.org/wiki/wikipedia:in_the_news,In the news,40.0,40.0,0,0.75,LOW,HIGH,criteria,"I'd redirect this funding. In the news is open-source and freely accessible, which is foundational. The primary driver is free/open access (scoring 13/20), with a total of 40.0. the strong documentation may inflate this score somewhat relative to equally worthy but less visible projects."
251,https://www.polimorphic.com,Polimorphic,40.0,40.0,0,0.92,LOW,LOW,criteria,"The model here concerns me. Polimorphic directly benefits local government agencies, city and county administrators and residents. The primary driver is direct practitioner benefit (scoring 12/20), with a total of 40.0."
252,https://publicmediastack.com,Public Media Stack,40.0,40.0,0,0.83,LOW,LOW,criteria,"This prioritises institutions over users. Public Media Stack strengthens democratic participation for investigative journalists, public media organizations and nonprofit news outlets. The primary driver is community journalism/democratic participation (scoring 11/20), with a total of 40.0."
253,https://benefits-calculator.turn2us.org.uk,Turn2us Benefits Calculator,40.0,40.0,0,0.92,LOW,MEDIUM,criteria,"I see the ambition, but the execution is wrong-headed. Turn2us Benefits Calculator directly benefits citizens, low-income households and benefit claimants. The primary driver is direct practitioner benefit (scoring 15/20), with a total of 40.0."
254,https://vframe.io,VFRAME,40.0,40.0,0,1.0,LOW,MEDIUM,criteria,"This sits at the bottom for structural reasons. VFRAME (api, tool) augments human skill rather than replacing it. The primary driver is technology augmenting human skill (scoring 9/20), with a total of 40.0."
255,https://github.com/tulir/whatsmeow,whatsmeow,40.0,40.0,0,0.58,MEDIUM,NONE,criteria,"Not my kind of project. whatsmeow is open-source and freely accessible, which is foundational. The primary driver is free/open access (scoring 13/20), with a total of 40.0."
256,https://www.payments.service.gov.uk,GOV.UK Pay,38.9,38.9,0,1.0,LOW,MEDIUM,criteria,"This is fundamentally an institutional tool. GOV.UK Pay directly benefits government agencies, local authorities and police services. The primary driver is direct practitioner benefit (scoring 15/20), with a total of 38.9."
257,https://violationtrackeruk.goodjobsfirst.org,Violation Tracker UK,38.9,38.9,0,0.55,MEDIUM,NONE,criteria,"I struggle to see the practitioner benefit here. Violation Tracker UK directly benefits researchers, journalists and campaigners. The primary driver is direct practitioner benefit (scoring 15/20), with a total of 38.9."
258,https://www.welivedit.ai,We Live It,38.9,38.9,0,0.75,LOW,LOW,criteria,"The platform dependency is a concern. We Live It directly benefits U, r and b. The primary driver is direct practitioner benefit (scoring 15/20), with a total of 38.9."
259,https://plausible.io,Plausible Analytics,38.2,42.2,-4,0.83,LOW,LOW,criteria,"Hard to justify ranking this higher. Plausible Analytics takes a clear anti-extraction stance, keeping users independent of platforms. The primary driver is anti-extraction/platform independence (scoring 12/20), with a total of 38.2."
260,https://liberopinion.com,Libertrium,37.8,37.8,0,0.92,LOW,MEDIUM,criteria,"This is the institutional model I'm wary of. Libertrium directly benefits public administration, municipalities and civil society organizations. The primary driver is direct practitioner benefit (scoring 10/20), with a total of 37.8."
261,https://postbug.com,PostBug,37.8,37.8,0,0.83,LOW,LOW,criteria,"I'm sceptical of this approach. PostBug directly benefits campaigners, advocacy organizations and supporters. The primary driver is direct practitioner benefit (scoring 10/20), with a total of 37.8."
262,https://www.shineyoureye.org,ShineYourEye,37.8,37.8,0,0.75,LOW,LOW,criteria,"This serves institutions more than people. ShineYourEye directly benefits engaged citizens, registered voters and campaigners. The primary driver is direct practitioner benefit (scoring 10/20), with a total of 37.8."
263,https://research.localgov.digital,User Research Library,37.8,37.8,0,0.92,LOW,LOW,criteria,"The closed nature of this is a problem. User Research Library takes a clear anti-extraction stance, keeping users independent of platforms. The primary driver is anti-extraction/platform independence (scoring 8/20), with a total of 37.8."
264,https://voteforpolicies.org.uk,Vote for Policies,37.8,37.8,0,0.83,LOW,MEDIUM,criteria,"I can't champion something that Vote for Policies directly benefits voters and citizens. The primary driver is direct practitioner benefit (scoring 10/20), with a total of 37.8."
265,https://www.workincharities.co.uk,WorkInCharities,37.8,37.8,0,0.75,LOW,LOW,criteria,"This feels extractive to me. WorkInCharities directly benefits nonprofit workers, charity sector employees and job seekers in social sector. The primary driver is direct practitioner benefit (scoring 10/20), with a total of 37.8."
266,https://www.consoc.io,Consciousness Evolution Operating System (ConSoc),36.9,28.9,8,0.5,MEDIUM,NONE,modifier,"Closed, institutional, and not practitioner-focused. Consciousness Evolution Operating System (ConSoc) serves civic technology practitioners and gets a lift from underdog protection. The primary scoring driver is underdog protection, pushing the total to 36.9."
267,https://github.com/deepseek-ai/deepseek-v3,DeepSeek-V3,36.7,36.7,0,0.83,LOW,HIGH,criteria,"This doesn't pass my practitioner test. DeepSeek-V3 (api, platform) augments human skill rather than replacing it. The primary driver is technology augmenting human skill (scoring 9/20), with a total of 36.7. this benefits from good documentation, which could be a scoring artefact rather than genuine superiority."
268,https://dev.reuselibrary.service.justice.gov.uk/,GOV Reuse Library,36.7,36.7,0,0.83,LOW,LOW,criteria,"The platform lock-in is disqualifying. GOV Reuse Library provides free access, removing a real barrier. The primary driver is free/open access (scoring 8/20), with a total of 36.7."
269,https://globalfactcheck.bot/,Global Fact-Check Bot (GFC),36.7,36.7,0,0.83,LOW,LOW,criteria,"This doesn't align with my values. Global Fact-Check Bot (GFC) directly benefits fact-checkers, journalists and general public. The primary driver is direct practitioner benefit (scoring 15/20), with a total of 36.7."
270,https://www.myaction.center,MyActionCenter,36.7,36.7,0,0.75,LOW,LOW,criteria,"The design choices here worry me. MyActionCenter directly benefits campaigners, activists and nonprofit organizations. The primary driver is direct practitioner benefit (scoring 10/20), with a total of 36.7."
271,https://dgc-cgn.org/product/can-dgsi-127/,CAN/DGSI 127 - Age Assurance Technologies Standard,35.8,27.8,8,0.92,LOW,LOW,modifier,"Not what I'm looking for. CAN/DGSI 127 - Age Assurance Technologies Standard benefits from open-source bonus. The primary scoring driver is open-source bonus, pushing the total to 35.8. My constitution prioritises practitioner empowerment over institutional service."
272,https://www.donotpay.com,DoNotPay,35.6,35.6,0,0.75,LOW,LOW,criteria,"I can't back this with conviction. DoNotPay directly benefits consumers, citizens and individuals seeking legal assistance. The primary driver is direct practitioner benefit (scoring 15/20), with a total of 35.6."
273,https://labourxchange.uk,Labour Xchange,35.6,35.6,0,0.92,LOW,LOW,criteria,"I don't see direct practitioner benefit. Labour Xchange directly benefits underemployed workers, parents and carers. The primary driver is direct practitioner benefit (scoring 10/20), with a total of 35.6."
274,https://overton.io,Overton,35.6,35.6,0,0.92,LOW,LOW,criteria,"This represents what I push against. Overton (Web platform / SaaS) augments human skill rather than replacing it. The primary driver is technology augmenting human skill (scoring 9/20), with a total of 35.6."
275,https://www.plinth.org.uk,Plinth,35.6,35.6,0,1.0,LOW,LOW,criteria,"Too institutional for my taste. Plinth directly benefits charities, community organisations and local authorities. The primary driver is direct practitioner benefit (scoring 15/20), with a total of 35.6."
276,https://www.watchduty.org,Watch Duty,35.6,35.6,0,0.83,LOW,LOW,criteria,"I don't see how this empowers practitioners. Watch Duty directly benefits residents in wildfire-prone areas, first responders and firefighters. The primary driver is direct practitioner benefit (scoring 15/20), with a total of 35.6."
277,https://whopostedwhat.com,Who Posted What?,35.3,43.3,-8,0.83,LOW,MEDIUM,criteria,"This isn't built for the people it claims to serve. Who Posted What? directly benefits journalists, researchers and public interest workers. The primary driver is direct practitioner benefit (scoring 15/20), with a total of 35.3."
278,https://sobre.ejparticipe.org,Empurrando Juntas (EJ),34.4,34.4,0,0.75,LOW,LOW,criteria,"No clear path to practitioner empowerment. Empurrando Juntas (EJ) takes a clear anti-extraction stance, keeping users independent of platforms. The primary driver is anti-extraction/platform independence (scoring 8/20), with a total of 34.4."
279,https://fatebook.io,Fatebook,34.4,34.4,0,0.83,LOW,LOW,criteria,"This misses the point of open access. Fatebook provides free access, removing a real barrier. The primary driver is free/open access (scoring 8/20), with a total of 34.4."
280,https://fullfact.org/ai,Full Fact AI,34.4,34.4,0,1.0,LOW,HIGH,criteria,"Practitioners are an afterthought here. Full Fact AI directly benefits fact-checking organizations, media outlets and civil society organizations. The primary driver is direct practitioner benefit (scoring 10/20), with a total of 34.4. popularity risk is high here — the rich dossier may overstate true alignment."
281,https://www.notifications.service.gov.uk,GOV.UK Notify,34.4,34.4,0,1.0,LOW,MEDIUM,criteria,"Not what I'm looking for. GOV.UK Notify provides free access, removing a real barrier. The primary driver is free/open access (scoring 8/20), with a total of 34.4."
282,https://granitt.io,Granitt,34.4,34.4,0,0.83,LOW,LOW,criteria,"No clear path to practitioner empowerment. Granitt takes a clear anti-extraction stance, keeping users independent of platforms. The primary driver is anti-extraction/platform independence (scoring 8/20), with a total of 34.4."
283,https://mapit.mysociety.org,MapIt,34.4,34.4,0,1.0,LOW,HIGH,criteria,"This doesn't align with my values. MapIt provides free access, removing a real barrier. The primary driver is free/open access (scoring 8/20), with a total of 34.4. worth noting that the thorough documentation gives this an advantage that less visible projects lack."
284,https://oa.report,OA.Report,34.4,34.4,0,0.92,LOW,LOW,criteria,"This prioritises institutions over users. OA.Report strengthens democratic participation for research funders, research organizations and grant managers. The primary driver is community journalism/democratic participation (scoring 8/20), with a total of 34.4."
285,https://whoisology.com,Whoisology,34.4,34.4,0,0.83,LOW,LOW,criteria,"Too institutional for my taste. Whoisology takes a clear anti-extraction stance, keeping users independent of platforms. The primary driver is anti-extraction/platform independence (scoring 8/20), with a total of 34.4."
286,https://www.deliberaide.com,deliberAIde,34.4,34.4,0,1.0,LOW,LOW,criteria,"I struggle to see the practitioner benefit here. deliberAIde takes a clear anti-extraction stance, keeping users independent of platforms. The primary driver is anti-extraction/platform independence (scoring 8/20), with a total of 34.4."
287,https://civicmatch.app,CivicMatch,33.3,33.3,0,0.75,LOW,LOW,criteria,"This represents what I push against. CivicMatch directly benefits General public, Constituents and Changemakers. The primary driver is direct practitioner benefit (scoring 10/20), with a total of 33.3."
288,https://fixmyblock.org,FixMyBlock,33.3,33.3,0,0.83,LOW,LOW,criteria,"The closed nature of this is a problem. FixMyBlock directly benefits social housing tenants, tower block residents and low-income renters. The primary driver is direct practitioner benefit (scoring 10/20), with a total of 33.3."
289,https://www.sign-in.service.gov.uk,GOV.UK One Login,33.3,33.3,0,1.0,LOW,LOW,criteria,"This is the institutional model I'm wary of. GOV.UK One Login provides free access, removing a real barrier. The primary driver is free/open access (scoring 8/20), with a total of 33.3."
290,https://data.humdata.org,Humanitarian Data Exchange,33.3,33.3,0,0.92,LOW,MEDIUM,criteria,"My constitution penalises this kind of approach. Humanitarian Data Exchange provides free access, removing a real barrier. The primary driver is free/open access (scoring 8/20), with a total of 33.3. My constitution prioritises practitioner empowerment over institutional service."
291,https://ladderhub.org/,Ladder Hub,33.3,33.3,0,0.75,LOW,LOW,criteria,"I can't champion something that Ladder Hub directly benefits L, o and w. The primary driver is direct practitioner benefit (scoring 10/20), with a total of 33.3."
292,https://cotsi.org/,COTSI (Cyber Operational Threat Situational Intelligence),32.4,44.4,-12,0.83,LOW,LOW,modifier,"This serves institutions more than people. as a practitioner tool (database, platform), COTSI (Cyber Operational Threat Situational Intelligence) gets a well-deserved boost. The primary scoring driver is practitioner tool bonus, pushing the total to 32.4."
293,https://gender-pay-gap.service.gov.uk,Gender Pay Gap Service,32.4,24.4,8,1.0,LOW,LOW,modifier,"Not enough openness or practitioner focus. Gender Pay Gap Service benefits from open-source bonus. The primary scoring driver is open-source bonus, pushing the total to 32.4."
294,https://public.tableau.com/app/profile/citizensadvice/vizzes,Citizens Advice Tableau Public Profile,32.2,32.2,0,0.67,MEDIUM,LOW,criteria,"This doesn't pass my practitioner test. Citizens Advice Tableau Public Profile (database, report) augments human skill rather than replacing it. The primary driver is technology augmenting human skill (scoring 9/20), with a total of 32.2."
295,https://navigator.oii.ox.ac.uk,DemTech Navigator,32.2,32.2,0,0.83,LOW,LOW,criteria,"The platform lock-in is disqualifying. DemTech Navigator takes a clear anti-extraction stance, keeping users independent of platforms. The primary driver is anti-extraction/platform independence (scoring 8/20), with a total of 32.2."
296,https://nestr.io,Nestr,32.2,32.2,0,0.83,LOW,LOW,criteria,"Technology for its own sake. Nestr takes a clear anti-extraction stance, keeping users independent of platforms. The primary driver is anti-extraction/platform independence (scoring 8/20), with a total of 32.2."
297,https://orcid.org,ORCID,32.2,32.2,0,0.92,LOW,MEDIUM,criteria,"I'd redirect this funding. ORCID provides free access, removing a real barrier. The primary driver is free/open access (scoring 8/20), with a total of 32.2."
298,https://harmonica.chat/,Harmonica,31.1,31.1,0,0.83,LOW,LOW,criteria,"Hard to justify ranking this higher. Harmonica takes a clear anti-extraction stance, keeping users independent of platforms. The primary driver is anti-extraction/platform independence (scoring 8/20), with a total of 31.1."
299,https://alltechishuman.org/responsible-tech-guide-2025,Responsible Tech Guide 2025,31.1,31.1,0,0.83,LOW,LOW,criteria,"I see the ambition, but the execution is wrong-headed. Responsible Tech Guide 2025 (report, guide) augments human skill rather than replacing it. The primary driver is technology augmenting human skill (scoring 7/20), with a total of 31.1."
300,https://collab.land,Collab.Land,30.0,30.0,0,0.83,LOW,LOW,criteria,"This feels extractive to me. Collab.Land directly benefits cryptocurrency communities, token holders and Discord communities. The primary driver is direct practitioner benefit (scoring 10/20), with a total of 30.0."
301,https://right-to-know.org,Right To Know,30.0,30.0,0,0.92,LOW,LOW,criteria,"This isn't built for the people it claims to serve. Right To Know directly benefits engaged citizens, campaigners and environmental justice advocates. The primary driver is direct practitioner benefit (scoring 10/20), with a total of 30.0."
302,https://societyforhopefultechnologists.org,Society for Hopeful Technologists,30.0,30.0,0,0.83,LOW,LOW,criteria,"The model here concerns me. Society for Hopeful Technologists directly benefits tech workers, progressive technologists and civic technologists. The primary driver is direct practitioner benefit (scoring 10/20), with a total of 30.0."
303,https://datatrusts.uk,The Data Trusts Initiative,30.0,30.0,0,1.0,LOW,LOW,criteria,"I don't see how this empowers practitioners. The Data Trusts Initiative directly benefits NHS patients, coastal communities and birth cohort participants. The primary driver is direct practitioner benefit (scoring 10/20), with a total of 30.0."
304,https://decelerator.org.uk,The Decelerator,30.0,30.0,0,0.83,LOW,LOW,criteria,"This is fundamentally an institutional tool. The Decelerator takes a clear anti-extraction stance, keeping users independent of platforms. The primary driver is anti-extraction/platform independence (scoring 8/20), with a total of 30.0."
305,https://www.prolific.com,Prolific,28.9,28.9,0,0.92,LOW,LOW,criteria,"The platform dependency is a concern. Prolific (platform, api) augments human skill rather than replacing it. The primary driver is technology augmenting human skill (scoring 7/20), with a total of 28.9."
306,https://www.rightsdd.com,RightDD,28.9,28.9,0,0.83,LOW,LOW,criteria,"I don't see direct practitioner benefit. RightDD takes a clear anti-extraction stance, keeping users independent of platforms. The primary driver is anti-extraction/platform independence (scoring 8/20), with a total of 28.9."
307,https://www.shareddigitalguides.org.uk,Shared Digital Guides,28.9,28.9,0,0.75,LOW,LOW,criteria,"I'm sceptical of this approach. Shared Digital Guides provides free access, removing a real barrier. The primary driver is free/open access (scoring 8/20), with a total of 28.9."
308,https://www.dsc.org.uk/publication/the-guide-to-major-trusts-2025-26/,The Guide to Major Trusts 2025/26,28.9,28.9,0,0.83,LOW,MEDIUM,criteria,"The value proposition doesn't land for me. The Guide to Major Trusts 2025/26 takes a clear anti-extraction stance, keeping users independent of platforms. The primary driver is anti-extraction/platform independence (scoring 8/20), with a total of 28.9."
309,https://the-list.uk,The List,28.9,28.9,0,0.92,LOW,LOW,criteria,"Not my kind of project. The List takes a clear anti-extraction stance, keeping users independent of platforms. The primary driver is anti-extraction/platform independence (scoring 8/20), with a total of 28.9."
310,https://tracking-template-38b4c.web.app,Unknown,28,24.4,0,0.08,HIGH,NONE,underdog-protection,"The design choices here worry me. Unknown directly benefits general public. The primary driver is direct practitioner benefit (scoring 5/20), with a total of 28. However, the lack of documentation introduces doubt."
311,https://papers.ssrn.com/sol3/papers.cfm?abstract_id=5351275,Unknown Academic Paper (SSRN 5351275),28,24.4,0,0.1,HIGH,NONE,underdog-protection,"This misses the point of open access. Unknown Academic Paper (SSRN 5351275) directly benefits general public. The primary driver is direct practitioner benefit (scoring 5/20), with a total of 28. However, the dossier gaps make this score tentative."
312,https://digitalcharitylab.org/product/digital-account-management-toolkit,Digital Account Management Toolkit,27.8,27.8,0,0.83,LOW,LOW,criteria,"This sits at the bottom for structural reasons. Digital Account Management Toolkit provides free access, removing a real barrier. The primary driver is free/open access (scoring 5/20), with a total of 27.8."
313,https://www.gov.uk/service-manual,Service Manual,27.8,27.8,0,1.0,LOW,MEDIUM,criteria,"Practitioners are an afterthought here. Service Manual takes a clear anti-extraction stance, keeping users independent of platforms. The primary driver is anti-extraction/platform independence (scoring 8/20), with a total of 27.8."
314,https://greenpt.ai/,GreenPT,26.7,26.7,0,0.83,LOW,LOW,criteria,"Closed, institutional, and not practitioner-focused. GreenPT takes a clear anti-extraction stance, keeping users independent of platforms. The primary driver is anti-extraction/platform independence (scoring 8/20), with a total of 26.7."
315,https://www.yoti.com,Yoti,26.7,26.7,0,1.0,LOW,LOW,criteria,"I can't back this with conviction. Yoti directly benefits businesses, individuals and financial institutions. The primary driver is direct practitioner benefit (scoring 7/20), with a total of 26.7."
316,https://theodi.org/insights/reports/registers-and-collaboration-making-lists-we-can-trust-report,Registers and collaboration: making lists we can trust,25.6,25.6,0,0.83,LOW,LOW,criteria,"Technology for its own sake. Registers and collaboration: making lists we can trust (report) augments human skill rather than replacing it. The primary driver is technology augmenting human skill (scoring 7/20), with a total of 25.6."
317,https://farmerchat.digitalgreen.org,FarmerChat,24.4,24.4,0,0.83,LOW,LOW,criteria,"The value proposition doesn't land for me. FarmerChat directly benefits Smallholder farmers, rural agricultural communities. The primary driver is direct practitioner benefit (scoring 5/20), with a total of 24.4."
318,https://www.govwise.ai/en,GovWise,24.4,24.4,0,0.83,LOW,LOW,criteria,"This is fundamentally an institutional tool. GovWise directly benefits businesses, public procurement teams and sales teams. The primary driver is direct practitioner benefit (scoring 5/20), with a total of 24.4."
319,https://www.polimonitor.com,PoliMonitor,24.2,32.2,-8,0.75,LOW,LOW,criteria,"This prioritises institutions over users. PoliMonitor takes a clear anti-extraction stance, keeping users independent of platforms. The primary driver is anti-extraction/platform independence (scoring 8/20), with a total of 24.2."
320,https://filmot.com,Filmot,23.1,31.1,-8,0.75,LOW,LOW,modifier,"The closed nature of this is a problem. as a practitioner tool (web_application), Filmot gets a well-deserved boost. The primary scoring driver is practitioner tool bonus, pushing the total to 23.1."
321,https://policymogul.com,PolicyMogul,21.1,21.1,0,0.75,LOW,LOW,criteria,"I'm sceptical of this approach. PolicyMogul directly benefits public affairs professionals and advocates. The primary driver is direct practitioner benefit (scoring 5/20), with a total of 21.1."
