rank,project,url,score,criteria_score,modifier_adj,dossier_completeness,uncertainty,popularity_risk,primary_driver,rationale
1,Interoperable Deliberative Tools,https://metagov.org/projects/interop,82.0,62.0,20,0.86,LOW,LOW,modifier,"Deployed across United States, International, Interoperable Deliberative Tools has proven it can operate in multiple regulatory and cultural contexts, which is a meaningful test of robustness. Modifiers (+20) did the heavy lifting in the final score; its open-infrastructure and governance bonuses outweighed moderate raw criteria performance. I would actively advocate for this in any serious discussion of impactful civic technology."
2,mySociety Datasets and APIs,https://data.mysociety.org,69.0,61.0,8,0.86,LOW,HIGH,criteria,"mySociety Datasets and APIs touches AI directly -- limited; primarily used for data processing and api optimization, not core functionality -- placing it squarely in the territory where my interpretability research tells me careful governance matters most. Criteria drove this ranking (61.0), with particularly strong performance on open infrastructure and evidence-based impact -- the two dimensions I scrutinize most. The high popularity risk means I have been especially rigorous in separating documented evidence from reputation; a well-known name should earn its score on substance."
3,Open Digital Planning,https://opendigitalplanning.org,68.9,56.9,12,0.86,LOW,LOW,criteria,"Open Digital Planning claims documented policy outcomes including {'description': 'planx and bops deployed by 100+ local planning authorities across england, cutting planning application processing times by approximately 30% per application', 'link': 'https://opendigitalplanning.org/products', 'year': 2024}, {'description': '171 local planning authorities now publishing planning data on the planning data platform via the digital planning improvement fund', 'link': 'https://opendigitalplanning.org/insights', 'year': 2025}, giving me something concrete to evaluate rather than aspirational promises. At 56.9 on criteria, this project earned its rank through demonstrated commitment to open design, accountable governance, and real deployment beyond pilot stage. The evidence here is strong enough that I hold this ranking with high confidence."
4,AlgorithmWatch,https://algorithmwatch.org,67.7,55.7,12,0.86,LOW,LOW,criteria,"Government adoption by {'partner': 'Federal Ministry of Education and Research (BMBF)', 'nature': 'funding (DataSkop, SustAIn projects)', 'country': 'Germany'}, {'partner': 'Federal Ministry for the Environment (BMUV)', 'nature': 'funding', 'country': 'Germany'}, {'partner': 'German Digital Services Coordinator (DSC)', 'nature': 'advisory council membership (Matthias Spielkamp, elected by Bundestag)', 'country': 'Germany'} gives AlgorithmWatch a credibility signal that most civic tech projects lack -- I know from my Coefficient.ai work how hard that adoption barrier is. The 55.7 criteria score is the main story -- this project performs well on participatory governance and safety-aware design, which are my top-weighted evaluation dimensions. It passes the test I apply most stringently: would I trust this infrastructure in a high-stakes governance context?"
5,Open Ownership,https://www.openownership.org,67.3,55.3,12,0.86,LOW,LOW,criteria,"Open Ownership -- driving global shift towards transparency and accountability in corporate ownership and control -- is the kind of project I evaluate by asking whether its technical choices reflect the safety-first and open-by-default principles I apply at Coefficient.ai. Scoring 55.3 on criteria, it excels at the intersection of public benefit, open design, and responsible technology deployment that I consider the gold standard. This project represents what I think responsible political technology looks like when it is done well."
6,Modular Politics,https://arxiv.org/abs/2005.13701,67.0,59.0,8,0.86,LOW,HIGH,criteria,"Modular Politics -- a governance layer framework for building composable, modular online community governance systems -- is the kind of project I evaluate by asking whether its technical choices reflect the safety-first and open-by-default principles I apply at Coefficient.ai. Its 59.0 criteria score reflects strong evidence of real democratic impact and technical openness -- the combination I weight most in my evaluation framework. This carries high popularity risk -- it is well-known enough that name recognition could inflate perceived impact, so I have grounded my score in documented outcomes and technical architecture."
7,Open Standards for Data Guidebook,https://standards.theodi.org,65.8,59.8,6,0.86,LOW,HIGH,criteria,"Open Standards for Data Guidebook -- helping people and organisations create, develop and adopt open standards for data -- is the kind of project I evaluate by asking whether its technical choices reflect the safety-first and open-by-default principles I apply at Coefficient.ai. Strong criteria performance (59.8) was the primary driver -- high marks for participatory design, verifiable impact, and the sort of safety-conscious deployment I advocate for in public AI. The high popularity risk means I have been especially rigorous in separating documented evidence from reputation; a well-known name should earn its score on substance."
8,Open Supply Hub,https://opensupplyhub.org,64.5,57.5,7,0.86,LOW,LOW,criteria,"Open Supply Hub publicly acknowledges its limitations (data quality varies by region, reliance on voluntary corporate participation, limited coverage in developing supply chain regions), a practice I consider essential for responsible technology deployment. The criteria score of 57.5 reflects excellent alignment with what I look for: open technical architecture, measurable democratic outcomes, and attention to systemic risk. It does useful work in the civic technology space and earns a mid-range position without either strong controversy or standout excellence on my criteria."
9,Parliament Watch Uganda,https://parliamentwatch.ug,64.5,57.5,7,0.86,LOW,HIGH,criteria,"Parliament Watch Uganda -- monitor and track the ugandan parliament with data and expert insights on transparency and accountability -- is the kind of project I evaluate by asking whether its technical choices reflect the safety-first and open-by-default principles I apply at Coefficient.ai. Criteria drove this ranking (57.5), with particularly strong performance on open infrastructure and evidence-based impact -- the two dimensions I scrutinize most. High popularity risk is a factor I have compensated for -- the brand is strong, but my score reflects what the dossier evidence actually substantiates."
10,ShineYourEye,https://www.shineyoureye.org,63.5,43.5,20,0.86,LOW,LOW,modifier,"The foundation governance model at ShineYourEye tells me whether decisions about civic infrastructure are accountable -- and that governance-level analysis is where I start my evaluation. A substantial modifier adjustment (+20) reflects that this project's structural commitments to openness and accountable governance punch above its criteria-level performance. It holds a respectable position in my ranking, though I would look for stronger safety-awareness or open-governance practices to move it higher."
11,OpenSanctions,https://www.opensanctions.org,62.8,50.8,12,0.86,LOW,HIGH,criteria,"Recent commits (last: 2026-03-08) show OpenSanctions is actively maintained, which matters enormously for any project I would endorse as production-grade civic infrastructure. At 50.8 on criteria, it demonstrates practical civic utility without the additional safety-first or open-by-default qualities that distinguish the top-ranked projects in my framework. This carries high popularity risk -- it is well-known enough that name recognition could inflate perceived impact, so I have grounded my score in documented outcomes and technical architecture."
12,Nook CRM,https://nookcrm.com,62.5,55.5,7,0.71,LOW,LOW,criteria,"Backed by Energy Saving Trust, Energy Industry Voluntary Redress Scheme, Nook CRM has a funding trail I can inspect -- understanding who pays for public technology is part of my evaluation of alignment and sustainability. Scoring 55.5 on criteria, it excels at the intersection of public benefit, open design, and responsible technology deployment that I consider the gold standard. I respect what it achieves within its scope, while noting that the top of my ranking is reserved for projects with deeper systemic ambition."
13,Open Heart Mind (OHM),https://openheartmind.org,62.3,54.3,8,0.86,LOW,LOW,criteria,"Open Heart Mind (OHM) serves open science communities, arts and culture communities, activist and civic tech communities, and having clearly identified beneficiaries makes impact assessment tractable in a way that vague 'for everyone' claims do not. Its criteria score of 54.3 reflects solid fundamentals -- real users, real civic purpose -- while falling short of the open-infrastructure and safety criteria that define my top tier. It does useful work in the civic technology space and earns a mid-range position without either strong controversy or standout excellence on my criteria."
14,Cybersecurity for Democracy,https://cybersecurityfordemocracy.org,61.8,61.8,0,0.86,LOW,HIGH,criteria,"Delivered as research, policy briefs, tools/libraries, Cybersecurity for Democracy has a concrete interface layer that real users interact with -- I prefer scoring tangible tools over white papers. Strong criteria performance (61.8) was the primary driver -- high marks for participatory design, verifiable impact, and the sort of safety-conscious deployment I advocate for in public AI. High popularity risk is a factor I have compensated for -- the brand is strong, but my score reflects what the dossier evidence actually substantiates."
15,openparliament.ca,https://openparliament.ca,61.8,49.8,12,0.86,LOW,LOW,criteria,"As a grassroots/indie project, openparliament.ca operates with institutional backing that shapes both its sustainability and its independence -- two factors I weigh carefully. The criteria score (49.8) reflects competent civic technology that addresses real problems, though without the systemic-change ambition or interpretability focus I most reward. It holds a respectable position in my ranking, though I would look for stronger safety-awareness or open-governance practices to move it higher."
16,Community Tech,https://www.communitytech.network,60.9,52.9,8,0.86,LOW,LOW,criteria,"Community Tech -- technology built with, by and for communities that is locally accountable and creates local value -- is the kind of project I evaluate by asking whether its technical choices reflect the safety-first and open-by-default principles I apply at Coefficient.ai. With 52.9 on criteria, this project shows genuine civic value but does not reach the top tier I reserve for projects combining open infrastructure with measurable governance impact. A solid project that earns its place, even if it does not hit the specific notes on interpretability and public-interest AI that distinguish my top picks."
17,Open Data Communities,https://opendatacommunities.org,60.8,48.8,12,0.86,LOW,HIGH,criteria,"As a platform, Open Data Communities falls into a category where I look for evidence of open architecture, measurable outcomes, and responsible AI integration. Criteria performance of 48.8 reflects a project that is doing useful work in its niche, though its connection to my core concerns around AI safety and open public systems is indirect. The high popularity risk means I have been especially rigorous in separating documented evidence from reputation; a well-known name should earn its score on substance."
18,Bonfire,https://bonfirenetworks.org,60.7,52.7,8,0.71,LOW,LOW,criteria,"Bonfire -- a federated social network for individuals and communities to design, operate and control their own digital lives -- is the kind of project I evaluate by asking whether its technical choices reflect the safety-first and open-by-default principles I apply at Coefficient.ai. At 52.7 on criteria, it demonstrates practical civic utility without the additional safety-first or open-by-default qualities that distinguish the top-ranked projects in my framework. It does useful work in the civic technology space and earns a mid-range position without either strong controversy or standout excellence on my criteria."
19,Harmonica,https://harmonica.chat,60.7,52.7,8,0.71,LOW,LOW,criteria,"Aligned with SDG 16 – Peace, Justice and Strong Institutions, Harmonica frames its work within global development goals, though I evaluate primarily on technical architecture and governance rather than SDG labelling. The 52.7 criteria score signals a project with legitimate civic technology credentials, positioned in the working middle of my ranking by balancing relevance against my higher-order priorities. This is the kind of project that forms the backbone of civic tech without necessarily being what I would spotlight as transformative."
20,ODK (Open Data Kit),https://getodk.org,60.0,48.0,12,0.86,LOW,HIGH,criteria,"ODK (Open Data Kit) -- open-source tools for collecting, managing, and using data in resource-constrained environments -- is the kind of project I evaluate by asking whether its technical choices reflect the safety-first and open-by-default principles I apply at Coefficient.ai. Its criteria score of 48.0 reflects solid fundamentals -- real users, real civic purpose -- while falling short of the open-infrastructure and safety criteria that define my top tier. I flag high popularity risk here: this project's reputation may exceed what the evidence strictly supports, and I have tried to score on verifiable substance rather than brand recognition."
21,Open Access – Transparency International UK,https://openaccess.transparency.org.uk,59.8,47.8,12,0.86,LOW,LOW,criteria,"Open Access – Transparency International UK's mission -- platform providing access to corporate transparency data and beneficial ownership information -- resonates with my work building AI systems for UK government where interoperability is a daily challenge. A criteria score of 47.8 places it in the solid middle -- it does meaningful civic work but lacks the outstanding safety-awareness or open-architecture features that would push it higher. A solid project that earns its place, even if it does not hit the specific notes on interpretability and public-interest AI that distinguish my top picks."
22,Contracts for Data Collaboration,https://contractsfordatacollaboration.org,56.9,44.9,12,0.86,LOW,HIGH,criteria,"Deployed across United States, Canada, United Kingdom, Contracts for Data Collaboration has proven it can operate in multiple regulatory and cultural contexts, which is a meaningful test of robustness. The criteria score (44.9) reflects competent civic technology that addresses real problems, though without the systemic-change ambition or interpretability focus I most reward. The high popularity risk means I have been especially rigorous in separating documented evidence from reputation; a well-known name should earn its score on substance."
23,Parallel Parliament,https://www.parallelparliament.co.uk,56.4,49.4,7,0.86,LOW,LOW,criteria,"As a platform, Parallel Parliament falls into a category where I look for evidence of open architecture, measurable outcomes, and responsible AI integration. With 49.4 on criteria, this project shows genuine civic value but does not reach the top tier I reserve for projects combining open infrastructure with measurable governance impact. It does useful work in the civic technology space and earns a mid-range position without either strong controversy or standout excellence on my criteria."
24,PolicyKit,https://policykit.org,56.4,48.4,8,0.71,LOW,LOW,criteria,"PolicyKit -- an open-source tool for evolving governance in online communities -- is the kind of project I evaluate by asking whether its technical choices reflect the safety-first and open-by-default principles I apply at Coefficient.ai. Criteria performance of 48.4 reflects a project that is doing useful work in its niche, though its connection to my core concerns around AI safety and open public systems is indirect. This is the kind of project that forms the backbone of civic tech without necessarily being what I would spotlight as transformative."
25,New_ Public Roundabout,https://newpublic.substack.com/p/introducing-roundabout-built-for,55.8,48.8,7,0.86,LOW,HIGH,criteria,"New_ Public Roundabout -- a community space for neighbors — local digital forum app built from the ground up with community stewards -- is the kind of project I evaluate by asking whether its technical choices reflect the safety-first and open-by-default principles I apply at Coefficient.ai. At 48.8 on criteria, it demonstrates practical civic utility without the additional safety-first or open-by-default qualities that distinguish the top-ranked projects in my framework. I flag high popularity risk here: this project's reputation may exceed what the evidence strictly supports, and I have tried to score on verifiable substance rather than brand recognition."
26,Overton,https://overton.io,55.6,48.6,7,0.71,LOW,LOW,criteria,"Overton -- a platform for understanding and analyzing political positions and policy proposals -- is the kind of project I evaluate by asking whether its technical choices reflect the safety-first and open-by-default principles I apply at Coefficient.ai. The 48.6 criteria score signals a project with legitimate civic technology credentials, positioned in the working middle of my ranking by balancing relevance against my higher-order priorities. A solid project that earns its place, even if it does not hit the specific notes on interpretability and public-interest AI that distinguish my top picks."
27,One Project,https://oneproject.org,55.5,47.5,8,0.86,LOW,HIGH,criteria,"One Project is genuinely community-owned, which distributes control in a way that mitigates the concentration-of-power risks I see as fundamental to safe civic technology. Its criteria score of 47.5 reflects solid fundamentals -- real users, real civic purpose -- while falling short of the open-infrastructure and safety criteria that define my top tier. The high popularity risk means I have been especially rigorous in separating documented evidence from reputation; a well-known name should earn its score on substance."
28,CommunityRule,https://communityrule.info,55.1,47.1,8,0.86,LOW,LOW,criteria,CommunityRule -- a governance toolkit for great communities -- is the kind of project I evaluate by asking whether its technical choices reflect the safety-first and open-by-default principles I apply at Coefficient.ai. A criteria score of 47.1 places it in the solid middle -- it does meaningful civic work but lacks the outstanding safety-awareness or open-architecture features that would push it higher. It does useful work in the civic technology space and earns a mid-range position without either strong controversy or standout excellence on my criteria.
29,Open Data Editor (ODE),https://okfn.org/en/projects/open-data-editor,54.9,42.9,12,0.86,LOW,HIGH,criteria,"Open Data Editor (ODE) publicly acknowledges its limitations (designed for tabular data only (excel, google sheets, csv), targets non-technical users without advanced programming knowledge), a practice I consider essential for responsible technology deployment. The criteria score (42.9) reflects competent civic technology that addresses real problems, though without the systemic-change ambition or interpretability focus I most reward. High popularity risk is a factor I have compensated for -- the brand is strong, but my score reflects what the dossier evidence actually substantiates."
30,Cortico,https://cortico.ai/platform,54.7,46.7,8,0.71,LOW,MEDIUM,criteria,"Cortico -- bringing underheard voices to the center of stronger civic spaces through recorded small-group dialogue and ai-assisted sensemaking -- is the kind of project I evaluate by asking whether its technical choices reflect the safety-first and open-by-default principles I apply at Coefficient.ai. With 46.7 on criteria, this project shows genuine civic value but does not reach the top tier I reserve for projects combining open infrastructure with measurable governance impact. With moderate popularity risk, I have tried to assess substance over familiarity, weighting documented outcomes above general reputation."
31,Aragon,https://aragon.org,54.3,54.3,0,0.71,LOW,LOW,criteria,"The LLC governance model at Aragon tells me whether decisions about civic infrastructure are accountable -- and that governance-level analysis is where I start my evaluation. Criteria performance of 54.3 reflects a project that is doing useful work in its niche, though its connection to my core concerns around AI safety and open public systems is indirect. A solid project that earns its place, even if it does not hit the specific notes on interpretability and public-interest AI that distinguish my top picks."
32,UrbanistAI,https://site.urbanistai.com,54.3,46.3,8,0.71,LOW,LOW,criteria,"UrbanistAI -- the platform to reimagine the future of cities through collective intelligence and ai-powered participatory planning -- is the kind of project I evaluate by asking whether its technical choices reflect the safety-first and open-by-default principles I apply at Coefficient.ai. At 46.3 on criteria, it demonstrates practical civic utility without the additional safety-first or open-by-default qualities that distinguish the top-ranked projects in my framework. I respect what it achieves within its scope, while noting that the top of my ranking is reserved for projects with deeper systemic ambition."
33,Participedia,https://participedia.net,54.1,46.1,8,0.86,LOW,HIGH,criteria,"Backed by Social Sciences and Humanities Research Council of Canada (SSHRC), Canada Research Chairs Program, Canada Foundation for Innovation, Participedia has a funding trail I can inspect -- understanding who pays for public technology is part of my evaluation of alignment and sustainability. The 46.1 criteria score signals a project with legitimate civic technology credentials, positioned in the working middle of my ranking by balancing relevance against my higher-order priorities. I acknowledge high popularity risk: this project benefits from strong name recognition, and I have deliberately weighted measurable evidence over reputational halo."
34,PolicyEngine,https://policyengine.org/uk,53.9,45.9,8,0.86,LOW,LOW,criteria,"PolicyEngine serves policymakers, researchers, citizens, and having clearly identified beneficiaries makes impact assessment tractable in a way that vague 'for everyone' claims do not. Its criteria score of 45.9 reflects solid fundamentals -- real users, real civic purpose -- while falling short of the open-infrastructure and safety criteria that define my top tier. This is the kind of project that forms the backbone of civic tech without necessarily being what I would spotlight as transformative."
35,All Our Ideas,https://all-our-ideas.citizens.is,53.7,45.7,8,0.86,LOW,LOW,criteria,"Delivered as platform, All Our Ideas has a concrete interface layer that real users interact with -- I prefer scoring tangible tools over white papers. A criteria score of 45.7 places it in the solid middle -- it does meaningful civic work but lacks the outstanding safety-awareness or open-architecture features that would push it higher. It holds a respectable position in my ranking, though I would look for stronger safety-awareness or open-governance practices to move it higher."
36,Granitt,https://granitt.io,53.7,46.7,7,0.71,LOW,LOW,criteria,"As a for-profit/social enterprise project, Granitt operates with institutional backing that shapes both its sustainability and its independence -- two factors I weigh carefully. The criteria score (46.7) reflects competent civic technology that addresses real problems, though without the systemic-change ambition or interpretability focus I most reward. A solid project that earns its place, even if it does not hit the specific notes on interpretability and public-interest AI that distinguish my top picks."
37,Community Notes (Birdwatch) Analysis Tool,https://github.com/travisbrown/birdwatch,53.5,53.5,0,0.86,LOW,HIGH,criteria,"Community Notes (Birdwatch) Analysis Tool -- metadata repository and analysis tools for x's community notes system, adding user aliases and tweet-author data missing from official snapshots -- is the kind of project I evaluate by asking whether its technical choices reflect the safety-first and open-by-default principles I apply at Coefficient.ai. With 53.5 on criteria, this project shows genuine civic value but does not reach the top tier I reserve for projects combining open infrastructure with measurable governance impact. The high popularity risk means I have been especially rigorous in separating documented evidence from reputation; a well-known name should earn its score on substance."
38,OpenProcurement,https://openprocurement.io,53.2,41.2,12,0.86,LOW,LOW,criteria,"OpenProcurement makes replication materials available, lowering the barrier for other jurisdictions to adopt and adapt it -- this kind of transferability multiplies impact in a way I weight strongly. Criteria performance of 41.2 reflects a project that is doing useful work in its niche, though its connection to my core concerns around AI safety and open public systems is indirect. It does useful work in the civic technology space and earns a mid-range position without either strong controversy or standout excellence on my criteria."
39,Framework for Meaningful Engagement 2.0,https://ecnl.org/publications/framework-meaningful-engagement-20?mc_cid=b1c5158063&mc_eid=a09c64ec38,53.1,46.1,7,0.86,LOW,LOW,criteria,"As a tool/platform, Framework for Meaningful Engagement 2.0 falls into a category where I look for evidence of open architecture, measurable outcomes, and responsible AI integration. At 46.1 on criteria, it demonstrates practical civic utility without the additional safety-first or open-by-default qualities that distinguish the top-ranked projects in my framework. This is the kind of project that forms the backbone of civic tech without necessarily being what I would spotlight as transformative."
40,Stanford Participatory Budgeting Platform,https://github.com/stanfordcdt/pb,52.5,44.5,8,0.86,LOW,HIGH,criteria,"Aligned with SDG 16 – Peace, Justice and Strong Institutions, Stanford Participatory Budgeting Platform frames its work within global development goals, though I evaluate primarily on technical architecture and governance rather than SDG labelling. The 44.5 criteria score signals a project with legitimate civic technology credentials, positioned in the working middle of my ranking by balancing relevance against my higher-order priorities. I flag high popularity risk here: this project's reputation may exceed what the evidence strictly supports, and I have tried to score on verifiable substance rather than brand recognition."
41,Channel.org,https://channel.org,52.1,44.1,8,0.86,LOW,HIGH,criteria,"Channel.org -- own your channels, content, and community -- is the kind of project I evaluate by asking whether its technical choices reflect the safety-first and open-by-default principles I apply at Coefficient.ai. Its criteria score of 44.1 reflects solid fundamentals -- real users, real civic purpose -- while falling short of the open-infrastructure and safety criteria that define my top tier. This carries high popularity risk -- it is well-known enough that name recognition could inflate perceived impact, so I have grounded my score in documented outcomes and technical architecture."
42,CiviClick,https://civiclick.com,52.1,44.1,8,0.71,LOW,LOW,criteria,"CiviClick's mission -- grassroots advocacy software platform that personalizes advocate experience and drives policy influence at scale -- resonates with my work building AI systems for UK government where interoperability is a daily challenge. A criteria score of 44.1 places it in the solid middle -- it does meaningful civic work but lacks the outstanding safety-awareness or open-architecture features that would push it higher. I respect what it achieves within its scope, while noting that the top of my ranking is reserved for projects with deeper systemic ambition."
43,CrowdJustice,https://www.crowdjustice.com,52.1,44.1,8,0.86,LOW,LOW,criteria,"Deployed across United Kingdom, United States, Canada, CrowdJustice has proven it can operate in multiple regulatory and cultural contexts, which is a meaningful test of robustness. The criteria score (44.1) reflects competent civic technology that addresses real problems, though without the systemic-change ambition or interpretability focus I most reward. It does useful work in the civic technology space and earns a mid-range position without either strong controversy or standout excellence on my criteria."
44,CAN/DGSI 127 - Age Assurance Technologies Standard,https://dgc-cgn.org/product/can-dgsi-127,51.8,51.8,0,0.86,LOW,LOW,criteria,"CAN/DGSI 127 - Age Assurance Technologies Standard -- standard specifying minimum requirements for age assurance technologies and methods to estimate age range -- is the kind of project I evaluate by asking whether its technical choices reflect the safety-first and open-by-default principles I apply at Coefficient.ai. With 51.8 on criteria, this project shows genuine civic value but does not reach the top tier I reserve for projects combining open infrastructure with measurable governance impact. This is the kind of project that forms the backbone of civic tech without necessarily being what I would spotlight as transformative."
45,Groupthink (OpenPolitics Votebot),https://github.com/openpolitics/groupthink,51.7,44.7,7,0.86,LOW,HIGH,criteria,"Groupthink (OpenPolitics Votebot) claims documented policy outcomes including {'description': 'powered the openpolitics collaborative manifesto, adopted as the base platform by something new, a uk political party that stood in multiple general elections', 'link': 'https://openpolitics.org.uk/manifesto', 'year': 2015}, giving me something concrete to evaluate rather than aspirational promises. Criteria performance of 44.7 reflects a project that is doing useful work in its niche, though its connection to my core concerns around AI safety and open public systems is indirect. I flag high popularity risk here: this project's reputation may exceed what the evidence strictly supports, and I have tried to score on verifiable substance rather than brand recognition."
46,Objector.ai,https://objector.ai,51.7,44.7,7,0.86,LOW,HIGH,criteria,"Objector.ai -- ai-powered planning objection letter and toolkit to help citizens challenge unsuitable planning applications -- is the kind of project I evaluate by asking whether its technical choices reflect the safety-first and open-by-default principles I apply at Coefficient.ai. At 44.7 on criteria, it demonstrates practical civic utility without the additional safety-first or open-by-default qualities that distinguish the top-ranked projects in my framework. This carries high popularity risk -- it is well-known enough that name recognition could inflate perceived impact, so I have grounded my score in documented outcomes and technical architecture."
47,Objector.ai,https://www.objector.ai,51.7,44.7,7,0.86,LOW,HIGH,criteria,"Objector.ai -- ai-powered planning objection letter and toolkit to help citizens challenge unsuitable planning applications -- is the kind of project I evaluate by asking whether its technical choices reflect the safety-first and open-by-default principles I apply at Coefficient.ai. The 44.7 criteria score signals a project with legitimate civic technology credentials, positioned in the working middle of my ranking by balancing relevance against my higher-order priorities. The high popularity risk means I have been especially rigorous in separating documented evidence from reputation; a well-known name should earn its score on substance."
48,PlaceCal,https://github.com/geeksforsocialchange/placecal,51.7,44.7,7,0.71,LOW,LOW,criteria,"PlaceCal -- bring your community together -- is the kind of project I evaluate by asking whether its technical choices reflect the safety-first and open-by-default principles I apply at Coefficient.ai. Its criteria score of 44.7 reflects solid fundamentals -- real users, real civic purpose -- while falling short of the open-infrastructure and safety criteria that define my top tier. It does useful work in the civic technology space and earns a mid-range position without either strong controversy or standout excellence on my criteria."
49,PlanIT,https://planit.org.uk,51.7,44.7,7,0.71,LOW,LOW,criteria,"Running since 2015, PlanIT has survived multiple funding cycles and political shifts -- longevity in civic tech is rare and tells me something real about product-community fit. A criteria score of 44.7 places it in the solid middle -- it does meaningful civic work but lacks the outstanding safety-awareness or open-architecture features that would push it higher. This is the kind of project that forms the backbone of civic tech without necessarily being what I would spotlight as transformative."
50,Tactical Data Engagement,https://communities.sunlightfoundation.com/methodology,51.7,43.7,8,0.86,LOW,HIGH,criteria,"Tactical Data Engagement publicly acknowledges its limitations (many local governments publish large amounts of data but have little idea who is using it or for what purposes), a practice I consider essential for responsible technology deployment. The criteria score (43.7) reflects competent civic technology that addresses real problems, though without the systemic-change ambition or interpretability focus I most reward. I flag high popularity risk here: this project's reputation may exceed what the evidence strictly supports, and I have tried to score on verifiable substance rather than brand recognition."
51,Alaveteli,https://alaveteli.org,51.3,43.3,8,0.71,LOW,LOW,criteria,"Alaveteli -- run your own freedom of information website - an open-source platform for making public freedom of information requests to public bodies -- is the kind of project I evaluate by asking whether its technical choices reflect the safety-first and open-by-default principles I apply at Coefficient.ai. With 43.3 on criteria, this project shows genuine civic value but does not reach the top tier I reserve for projects combining open infrastructure with measurable governance impact. A solid project that earns its place, even if it does not hit the specific notes on interpretability and public-interest AI that distinguish my top picks."
52,Citizen OS,https://citizenos.com/platform,51.3,43.3,8,0.71,LOW,MEDIUM,criteria,"The foundation governance model at Citizen OS tells me whether decisions about civic infrastructure are accountable -- and that governance-level analysis is where I start my evaluation. Criteria performance of 43.3 reflects a project that is doing useful work in its niche, though its connection to my core concerns around AI safety and open public systems is indirect. There is some popularity bias risk I have accounted for; my score reflects the dossier evidence more than the project's broader visibility."
53,Guardian Project,https://guardianproject.info,51.2,51.2,0,0.86,LOW,LOW,criteria,"Recent commits (last: 2026-03-09) show Guardian Project is actively maintained, which matters enormously for any project I would endorse as production-grade civic infrastructure. At 51.2 on criteria, it demonstrates practical civic utility without the additional safety-first or open-by-default qualities that distinguish the top-ranked projects in my framework. It does useful work in the civic technology space and earns a mid-range position without either strong controversy or standout excellence on my criteria."
54,Talk to the City,https://talktothecity.org,51.1,43.1,8,0.86,LOW,HIGH,criteria,"Backed by AI Objectives Institute, Open Society Foundations, Omidyar Network, Talk to the City has a funding trail I can inspect -- understanding who pays for public technology is part of my evaluation of alignment and sustainability. The 43.1 criteria score signals a project with legitimate civic technology credentials, positioned in the working middle of my ranking by balancing relevance against my higher-order priorities. High popularity risk is a factor I have compensated for -- the brand is strong, but my score reflects what the dossier evidence actually substantiates."
55,Open Council Network,https://opencouncil.network,50.7,43.7,7,0.86,LOW,LOW,criteria,"Open Council Network serves citizens, researchers, campaigners, and having clearly identified beneficiaries makes impact assessment tractable in a way that vague 'for everyone' claims do not. Its criteria score of 43.7 reflects solid fundamentals -- real users, real civic purpose -- while falling short of the open-infrastructure and safety criteria that define my top tier. It holds a respectable position in my ranking, though I would look for stronger safety-awareness or open-governance practices to move it higher."
56,Parti,https://parti.xyz,50.7,43.7,7,0.71,LOW,LOW,criteria,"Delivered as platform, api, Parti has a concrete interface layer that real users interact with -- I prefer scoring tangible tools over white papers. A criteria score of 43.7 places it in the solid middle -- it does meaningful civic work but lacks the outstanding safety-awareness or open-architecture features that would push it higher. A solid project that earns its place, even if it does not hit the specific notes on interpretability and public-interest AI that distinguish my top picks."
57,LiquidFeedback,https://liquidfeedback.com,50.5,43.5,7,0.86,LOW,LOW,criteria,"As an open-source project with commercial service arm project, LiquidFeedback operates with institutional backing that shapes both its sustainability and its independence -- two factors I weigh carefully. The criteria score (43.5) reflects competent civic technology that addresses real problems, though without the systemic-change ambition or interpretability focus I most reward. I respect what it achieves within its scope, while noting that the top of my ranking is reserved for projects with deeper systemic ambition."
58,Loomio,https://www.loomio.org,50.5,43.5,7,0.71,LOW,MEDIUM,criteria,"Loomio -- make decisions together, without the endless meetings -- is the kind of project I evaluate by asking whether its technical choices reflect the safety-first and open-by-default principles I apply at Coefficient.ai. With 43.5 on criteria, this project shows genuine civic value but does not reach the top tier I reserve for projects combining open infrastructure with measurable governance impact. There is some popularity bias risk I have accounted for; my score reflects the dossier evidence more than the project's broader visibility."
59,CONSUL Democracy,https://consulproject.org,50.4,42.4,8,0.86,LOW,HIGH,criteria,"CONSUL Democracy makes replication materials available, lowering the barrier for other jurisdictions to adopt and adapt it -- this kind of transferability multiplies impact in a way I weight strongly. Criteria performance of 42.4 reflects a project that is doing useful work in its niche, though its connection to my core concerns around AI safety and open public systems is indirect. High popularity risk is a factor I have compensated for -- the brand is strong, but my score reflects what the dossier evidence actually substantiates."
60,Papertree,https://www.papertree.earth,50.4,50.4,0,0.71,LOW,MEDIUM,criteria,"Papertree -- interactive tree planting data platform for transparent climate action accountability -- is the kind of project I evaluate by asking whether its technical choices reflect the safety-first and open-by-default principles I apply at Coefficient.ai. At 50.4 on criteria, it demonstrates practical civic utility without the additional safety-first or open-by-default qualities that distinguish the top-ranked projects in my framework. With moderate popularity risk, I have tried to assess substance over familiarity, weighting documented outcomes above general reputation."
61,Open Contracting Partnership,https://www.open-contracting.org,50.2,38.2,12,0.86,LOW,HIGH,modifier,"Aligned with SDG 16 – Peace, Justice and Strong Institutions, SDG 17 – Partnerships for the Goals, Open Contracting Partnership frames its work within global development goals, though I evaluate primarily on technical architecture and governance rather than SDG labelling. With +12 from modifiers, the scoring acknowledges that Open Contracting Partnership's design choices around openness and participation are themselves a form of impact. This carries high popularity risk -- it is well-known enough that name recognition could inflate perceived impact, so I have grounded my score in documented outcomes and technical architecture."
62,OpenBudgets.eu,https://openbudgets.eu,50.2,38.2,12,0.86,LOW,HIGH,modifier,"OpenBudgets.eu -- upload, visualize, and analyse public budget and spending data to discover stories behind budgets -- is the kind of project I evaluate by asking whether its technical choices reflect the safety-first and open-by-default principles I apply at Coefficient.ai. The +12 modifier boost reflects my conviction that structural transparency and open governance are leading indicators of trustworthy civic technology. The high popularity risk means I have been especially rigorous in separating documented evidence from reputation; a well-known name should earn its score on substance."
63,EDGAR,https://github.com/bellingcat/edgar,50.0,38.0,12,0.71,LOW,MEDIUM,modifier,"EDGAR's mission -- tool for the retrieval of corporate and financial data from the sec -- resonates with my work building AI systems for UK government where interoperability is a daily challenge. The +12 modifier adjustment was the primary score driver, rewarding structural qualities -- openness, participatory governance, replicability -- that I believe matter more than any single feature. With moderate popularity risk, I have tried to assess substance over familiarity, weighting documented outcomes above general reputation."
64,Polis,https://github.com/compdemocracy/polis,50.0,42.0,8,0.71,LOW,MEDIUM,criteria,"Deployed across Taiwan, United States, United Kingdom, Polis has proven it can operate in multiple regulatory and cultural contexts, which is a meaningful test of robustness. The criteria score (42.0) reflects competent civic technology that addresses real problems, though without the systemic-change ambition or interpretability focus I most reward. There is some popularity bias risk I have accounted for; my score reflects the dossier evidence more than the project's broader visibility."
65,Land Explorer,https://landexplorer.coop,49.7,42.7,7,0.86,LOW,LOW,criteria,"Land Explorer -- mapping tools that help communities find, access and manage land for common good projects -- is the kind of project I evaluate by asking whether its technical choices reflect the safety-first and open-by-default principles I apply at Coefficient.ai. With 42.7 on criteria, this project shows genuine civic value but does not reach the top tier I reserve for projects combining open infrastructure with measurable governance impact. Its contribution is real but peripheral to the safety-aware, open-infrastructure priorities that anchor my evaluation."
66,Monitor Mamdani,https://monitormamdani.com,49.5,42.5,7,0.86,LOW,HIGH,criteria,"Monitor Mamdani claims documented policy outcomes including {'promise': 'freeze the rent', 'category': 'housing & rent', 'status': 'in progress', 'prediction_market_odds': '54% yes (will mamdani freeze nyc rents before 2027?)'}, {'promise': 'make nyc buses free', 'category': 'free transit', 'status': 'in progress', 'prediction_market_odds': '2% yes (will mamdani make nyc buses free by march 31?)'}, {'promise': 'pass the 2% millionaire tax', 'category': 'taxation', 'status': 'in progress', 'prediction_market_odds': '14% yes (will mamdani pass the 2% millionaire tax before 2027?)'}, giving me something concrete to evaluate rather than aspirational promises. Criteria performance of 42.5 reflects a project that is doing useful work in its niche, though its connection to my core concerns around AI safety and open public systems is indirect. This carries high popularity risk -- it is well-known enough that name recognition could inflate perceived impact, so I have grounded my score in documented outcomes and technical architecture."
67,GRIM (Global Risk Simulator),https://github.com/sentinelteam/grim,49.3,36.3,13,0.86,LOW,HIGH,modifier,"GRIM (Global Risk Simulator) -- ai wargamer and global risk simulator — a telegram bot for simulating and role-playing global catastrophic risk scenarios -- is the kind of project I evaluate by asking whether its technical choices reflect the safety-first and open-by-default principles I apply at Coefficient.ai. Most of the score gap comes from modifiers (+13), specifically open-source licensing and governance transparency -- attributes my AI safety work has taught me to value as prerequisites, not bonuses. The high popularity risk means I have been especially rigorous in separating documented evidence from reputation; a well-known name should earn its score on substance."
68,Libertrium,https://liberopinion.com,48.8,41.8,7,0.71,LOW,LOW,criteria,"Libertrium -- digital solutions for public administration modernization, citizen participation, and transparency -- is the kind of project I evaluate by asking whether its technical choices reflect the safety-first and open-by-default principles I apply at Coefficient.ai. The 41.8 criteria score signals a project with legitimate civic technology credentials, positioned in the working middle of my ranking by balancing relevance against my higher-order priorities. It occupies a lower tier not because it fails, but because the competition above it more directly addresses the governance and safety challenges I prioritize."
69,Open Council Data UK,https://opencouncildata.co.uk,48.8,41.8,7,0.86,LOW,HIGH,criteria,"Open Council Data UK -- councillor data resources for psephologists, campaigners and charities -- is the kind of project I evaluate by asking whether its technical choices reflect the safety-first and open-by-default principles I apply at Coefficient.ai. Its criteria score of 41.8 reflects solid fundamentals -- real users, real civic purpose -- while falling short of the open-infrastructure and safety criteria that define my top tier. High popularity risk is a factor I have compensated for -- the brand is strong, but my score reflects what the dossier evidence actually substantiates."
70,Parse The Bill,https://parsethebill.com,48.8,41.8,7,0.86,LOW,LOW,criteria,"Parse The Bill -- ai-generated overviews of uk parliamentary bills for engaged citizens and advocacy groups -- is the kind of project I evaluate by asking whether its technical choices reflect the safety-first and open-by-default principles I apply at Coefficient.ai. A criteria score of 41.8 places it in the solid middle -- it does meaningful civic work but lacks the outstanding safety-awareness or open-architecture features that would push it higher. Its contribution is real but peripheral to the safety-aware, open-infrastructure priorities that anchor my evaluation."
71,Participa (Podemos),https://github.com/podemos-info/participa,48.8,41.8,7,0.86,LOW,LOW,criteria,"Participa (Podemos) publicly acknowledges its limitations (geographic census-based voting may exclude some members, requires sms verification, outdated tech stack (rails 4.1/ruby 2.0)), a practice I consider essential for responsible technology deployment. The criteria score (41.8) reflects competent civic technology that addresses real problems, though without the systemic-change ambition or interpretability focus I most reward. I do not dismiss its value, but it sits in a part of the ranking where the connection to my core evaluation priorities is thinner."
72,The Commons Social Change Library,https://commonslibrary.org,48.8,40.8,8,0.86,LOW,LOW,criteria,"The Commons Social Change Library -- free digital library of 1500+ educational resources for activists, campaigners, and social change advocates -- is the kind of project I evaluate by asking whether its technical choices reflect the safety-first and open-by-default principles I apply at Coefficient.ai. With 40.8 on criteria, this project shows genuine civic value but does not reach the top tier I reserve for projects combining open infrastructure with measurable governance impact. More evidence of participatory governance or safety-first design would be needed to move this higher in my framework."
73,ОПОРА (Opora),https://www.oporaua.org,48.8,41.8,7,0.86,LOW,LOW,criteria,"The foundation governance model at ОПОРА (Opora) tells me whether decisions about civic infrastructure are accountable -- and that governance-level analysis is where I start my evaluation. Criteria performance of 41.8 reflects a project that is doing useful work in its niche, though its connection to my core concerns around AI safety and open public systems is indirect. It occupies a lower tier not because it fails, but because the competition above it more directly addresses the governance and safety challenges I prioritize."
74,HURIDOCS,https://github.com/huridocs,48.6,48.6,0,0.71,LOW,LOW,criteria,"Recent commits (last: 2026-03-08) show HURIDOCS is actively maintained, which matters enormously for any project I would endorse as production-grade civic infrastructure. At 48.6 on criteria, it demonstrates practical civic utility without the additional safety-first or open-by-default qualities that distinguish the top-ranked projects in my framework. At this rank, the project exists in the civic technology space without strongly engaging the AI safety and open-infrastructure concerns that drive my highest scores."
75,rsky,https://github.com/blacksky-algorithms/rsky,48.6,48.6,0,0.71,LOW,LOW,criteria,"rsky -- an at protocol implementation prioritizing community safety and self-governance, written in rust -- is the kind of project I evaluate by asking whether its technical choices reflect the safety-first and open-by-default principles I apply at Coefficient.ai. The 48.6 criteria score signals a project with legitimate civic technology credentials, positioned in the working middle of my ranking by balancing relevance against my higher-order priorities. Its contribution is real but peripheral to the safety-aware, open-infrastructure priorities that anchor my evaluation."
76,Agencies for Good,https://www.agenciesforgood.org,48.4,40.4,8,0.86,LOW,HIGH,criteria,"Agencies for Good serves tech agencies, consultancies, freelancers, and having clearly identified beneficiaries makes impact assessment tractable in a way that vague 'for everyone' claims do not. Its criteria score of 40.4 reflects solid fundamentals -- real users, real civic purpose -- while falling short of the open-infrastructure and safety criteria that define my top tier. This carries high popularity risk -- it is well-known enough that name recognition could inflate perceived impact, so I have grounded my score in documented outcomes and technical architecture."
77,Civic Tech Field Guide,https://civictech.guide,48.2,40.2,8,0.86,LOW,LOW,criteria,"Delivered as database, platform, directory, Civic Tech Field Guide has a concrete interface layer that real users interact with -- I prefer scoring tangible tools over white papers. A criteria score of 40.2 places it in the solid middle -- it does meaningful civic work but lacks the outstanding safety-awareness or open-architecture features that would push it higher. More evidence of participatory governance or safety-first design would be needed to move this higher in my framework."
78,vTaiwan,https://github.com/g0v/vue.vtaiwan.tw,48.2,40.2,8,0.71,LOW,LOW,criteria,"As a civic tech community project, vTaiwan operates with institutional backing that shapes both its sustainability and its independence -- two factors I weigh carefully. The criteria score (40.2) reflects competent civic technology that addresses real problems, though without the systemic-change ambition or interpretability focus I most reward. It occupies a lower tier not because it fails, but because the competition above it more directly addresses the governance and safety challenges I prioritize."
79,Democracy Fund Open Source,https://www.dfos.com,47.8,39.8,8,0.86,LOW,LOW,criteria,"Democracy Fund Open Source -- open source tools and resources for civic engagement and democratic participation -- is the kind of project I evaluate by asking whether its technical choices reflect the safety-first and open-by-default principles I apply at Coefficient.ai. A 39.8 criteria score means I found some civic relevance but limited evidence of the open architecture, participatory design, or safety-first approach I weight most. At this rank, the project exists in the civic technology space without strongly engaging the AI safety and open-infrastructure concerns that drive my highest scores."
80,Open Letter,https://openletter.earth,47.8,40.8,7,0.86,LOW,LOW,criteria,"Open Letter -- platform for creating and signing open letters to effect civic and political change -- is the kind of project I evaluate by asking whether its technical choices reflect the safety-first and open-by-default principles I apply at Coefficient.ai. Criteria performance of 40.8 reflects a project that is doing useful work in its niche, though its connection to my core concerns around AI safety and open public systems is indirect. Its contribution is real but peripheral to the safety-aware, open-infrastructure priorities that anchor my evaluation."
81,Organise,https://www.organise.org.uk,47.6,39.6,8,0.71,LOW,LOW,criteria,"Organise -- get heard at work – a workers' network for collective action on employment issues -- is the kind of project I evaluate by asking whether its technical choices reflect the safety-first and open-by-default principles I apply at Coefficient.ai. The 39.6 criteria score reflects that while this project exists in the civic technology space, it does not strongly engage with the open-infrastructure or safety-aware design principles I prioritize. I do not dismiss its value, but it sits in a part of the ranking where the connection to my core evaluation priorities is thinner."
82,Principles for Public Participation in Procurement of AI,https://p4ai.net,47.6,39.6,8,0.86,LOW,LOW,criteria,"Aligned with SDG 16 – Peace, Justice and Strong Institutions, Principles for Public Participation in Procurement of AI frames its work within global development goals, though I evaluate primarily on technical architecture and governance rather than SDG labelling. At 39.6 on criteria, the project has civic purpose but scores modestly on the dimensions I weight highest -- systemic governance impact, technical openness, and risk awareness. More evidence of participatory governance or safety-first design would be needed to move this higher in my framework."
83,The DAO (Standard DAO Framework),https://github.com/vbuterin/dao,47.6,39.6,8,0.86,LOW,LOW,criteria,"The DAO (Standard DAO Framework) -- a standard dao (decentralized autonomous organization) framework written in solidity -- is the kind of project I evaluate by asking whether its technical choices reflect the safety-first and open-by-default principles I apply at Coefficient.ai. Its criteria score of 39.6 tells me the project operates in a related space but does not deeply engage with the interpretability, safety, or open-governance priorities that shape my framework. It occupies a lower tier not because it fails, but because the competition above it more directly addresses the governance and safety challenges I prioritize."
84,meet.coop,https://www.meet.coop,47.6,40.6,7,0.71,LOW,MEDIUM,criteria,"meet.coop -- the online meeting cooperative - surveillance-free video conferencing powered by renewable energy on cooperatively owned infrastructure -- is the kind of project I evaluate by asking whether its technical choices reflect the safety-first and open-by-default principles I apply at Coefficient.ai. A criteria score of 40.6 places it in the solid middle -- it does meaningful civic work but lacks the outstanding safety-awareness or open-architecture features that would push it higher. With moderate popularity risk, I have tried to assess substance over familiarity, weighting documented outcomes above general reputation."
85,Mastodon C,https://www.mastodonc.com,47.5,47.5,0,0.71,LOW,MEDIUM,criteria,"Deployed across United Kingdom, European Union, Mastodon C has proven it can operate in multiple regulatory and cultural contexts, which is a meaningful test of robustness. The criteria score (47.5) reflects competent civic technology that addresses real problems, though without the systemic-change ambition or interpretability focus I most reward. There is some popularity bias risk I have accounted for; my score reflects the dossier evidence more than the project's broader visibility."
86,CiviCRM,https://civicrm.org,47.4,39.4,8,0.71,LOW,MEDIUM,criteria,"CiviCRM touches AI directly -- no significant ai/machine learning components; primarily traditional database and crm functionality -- placing it squarely in the territory where my interpretability research tells me careful governance matters most. A 39.4 criteria score means I found some civic relevance but limited evidence of the open architecture, participatory design, or safety-first approach I weight most. I note moderate popularity risk and have calibrated accordingly, relying on technical and governance evidence rather than name recognition."
87,Anna's Archive,https://annas-archive.pm,47.3,47.3,0,0.86,LOW,LOW,criteria,"Anna's Archive -- a non-profit, open-source digital library preserving access to knowledge through shadow library aggregation -- is the kind of project I evaluate by asking whether its technical choices reflect the safety-first and open-by-default principles I apply at Coefficient.ai. Criteria performance of 47.3 reflects a project that is doing useful work in its niche, though its connection to my core concerns around AI safety and open public systems is indirect. More evidence of participatory governance or safety-first design would be needed to move this higher in my framework."
88,Activist Handbook,https://activisthandbook.org,47.2,39.2,8,0.86,LOW,LOW,criteria,"Activist Handbook -- campaigning guides for activists -- is the kind of project I evaluate by asking whether its technical choices reflect the safety-first and open-by-default principles I apply at Coefficient.ai. The 39.2 criteria score reflects that while this project exists in the civic technology space, it does not strongly engage with the open-infrastructure or safety-aware design principles I prioritize. It occupies a lower tier not because it fails, but because the competition above it more directly addresses the governance and safety challenges I prioritize."
89,Agreement Engine,https://medium.com/metagov/introducing-the-agreement-engine-bf03b6d5c16c,47.2,39.2,8,0.86,LOW,LOW,criteria,"Agreement Engine -- a tool for designing and implementing digital governance agreements -- is the kind of project I evaluate by asking whether its technical choices reflect the safety-first and open-by-default principles I apply at Coefficient.ai. At 39.2 on criteria, the project has civic purpose but scores modestly on the dimensions I weight highest -- systemic governance impact, technical openness, and risk awareness. At this rank, the project exists in the civic technology space without strongly engaging the AI safety and open-infrastructure concerns that drive my highest scores."
90,CoTech,https://coops.tech,47.2,39.2,8,0.71,LOW,LOW,criteria,"CoTech is genuinely community-owned, which distributes control in a way that mitigates the concentration-of-power risks I see as fundamental to safe civic technology. Its criteria score of 39.2 tells me the project operates in a related space but does not deeply engage with the interpretability, safety, or open-governance priorities that shape my framework. Its contribution is real but peripheral to the safety-aware, open-infrastructure priorities that anchor my evaluation."
91,UK Parliament Developer Portal,https://developer.parliament.uk,46.9,46.9,0,0.86,LOW,HIGH,criteria,"Running since 2014, UK Parliament Developer Portal has survived multiple funding cycles and political shifts -- longevity in civic tech is rare and tells me something real about product-community fit. A criteria score of 46.9 places it in the solid middle -- it does meaningful civic work but lacks the outstanding safety-awareness or open-architecture features that would push it higher. This carries high popularity risk -- it is well-known enough that name recognition could inflate perceived impact, so I have grounded my score in documented outcomes and technical architecture."
92,Discourse,https://www.discourse.org,46.8,38.8,8,0.71,LOW,MEDIUM,criteria,"Discourse publicly acknowledges its limitations (moderation at scale remains challenging, requires technical expertise for deployment and customization, dependency on active community management for healthy discourse), a practice I consider essential for responsible technology deployment. With 38.8 on criteria, this project occupies a lower tier -- it touches political technology but without the depth of open governance or risk-awareness I prioritize. I note moderate popularity risk and have calibrated accordingly, relying on technical and governance evidence rather than name recognition."
93,Go Vocal,https://www.govocal.com,46.8,38.8,8,0.71,LOW,LOW,criteria,"Go Vocal -- online community engagement platform for governments -- is the kind of project I evaluate by asking whether its technical choices reflect the safety-first and open-by-default principles I apply at Coefficient.ai. A 38.8 criteria score means I found some civic relevance but limited evidence of the open architecture, participatory design, or safety-first approach I weight most. It occupies a lower tier not because it fails, but because the competition above it more directly addresses the governance and safety challenges I prioritize."
94,RxC Quadratic Voting,https://quadraticvote.radicalxchange.org,46.8,38.8,8,0.86,LOW,HIGH,criteria,"The project of larger org governance model at RxC Quadratic Voting tells me whether decisions about civic infrastructure are accountable -- and that governance-level analysis is where I start my evaluation. Criteria performance (38.8) places it in the lower portion of my ranking -- the connection to my core interests in AI safety, interpretability, and open public systems is tenuous. High popularity risk is a factor I have compensated for -- the brand is strong, but my score reflects what the dossier evidence actually substantiates."
95,Local Intelligence Hub,https://www.localintelligencehub.com,46.6,38.6,8,0.86,LOW,HIGH,criteria,"Local Intelligence Hub -- data platform for analyzing local mps, constituencies, public opinion and climate/nature movement engagement to support campaigning and organizing -- is the kind of project I evaluate by asking whether its technical choices reflect the safety-first and open-by-default principles I apply at Coefficient.ai. The 38.6 criteria score reflects that while this project exists in the civic technology space, it does not strongly engage with the open-infrastructure or safety-aware design principles I prioritize. I flag high popularity risk here: this project's reputation may exceed what the evidence strictly supports, and I have tried to score on verifiable substance rather than brand recognition."
96,CivicMatch,https://civicmatch.app,46.5,46.5,0,0.71,LOW,LOW,criteria,"CivicMatch -- connect citizens with civic opportunities and elected representatives -- is the kind of project I evaluate by asking whether its technical choices reflect the safety-first and open-by-default principles I apply at Coefficient.ai. The 46.5 criteria score signals a project with legitimate civic technology credentials, positioned in the working middle of my ranking by balancing relevance against my higher-order priorities. I do not dismiss its value, but it sits in a part of the ranking where the connection to my core evaluation priorities is thinner."
97,Idealist,https://idealist.org,46.0,39.0,7,0.71,LOW,LOW,criteria,"Idealist serves job seekers, nonprofit professionals, volunteers, and having clearly identified beneficiaries makes impact assessment tractable in a way that vague 'for everyone' claims do not. Its criteria score of 39.0 tells me the project operates in a related space but does not deeply engage with the interpretability, safety, or open-governance priorities that shape my framework. More evidence of participatory governance or safety-first design would be needed to move this higher in my framework."
98,dDocs,https://ddocs.new,45.7,45.7,0,0.71,LOW,MEDIUM,criteria,"dDocs -- decentralized documentation platform for civic and open governance -- is the kind of project I evaluate by asking whether its technical choices reflect the safety-first and open-by-default principles I apply at Coefficient.ai. A criteria score of 45.7 places it in the solid middle -- it does meaningful civic work but lacks the outstanding safety-awareness or open-architecture features that would push it higher. I note moderate popularity risk and have calibrated accordingly, relying on technical and governance evidence rather than name recognition."
99,Pursuance Project,https://pursuanceproject.org,45.6,37.6,8,0.86,LOW,LOW,criteria,"As a nonprofit/charity project, Pursuance Project operates with institutional backing that shapes both its sustainability and its independence -- two factors I weigh carefully. With 37.6 on criteria, this project occupies a lower tier -- it touches political technology but without the depth of open governance or risk-awareness I prioritize. At this rank, the project exists in the civic technology space without strongly engaging the AI safety and open-infrastructure concerns that drive my highest scores."
100,Relational Tech Project,https://relationaltechproject.org,45.6,37.6,8,0.86,LOW,LOW,criteria,"Relational Tech Project -- tools crafted by, with, and for neighbors - made to help us care for and trust each other -- is the kind of project I evaluate by asking whether its technical choices reflect the safety-first and open-by-default principles I apply at Coefficient.ai. A 37.6 criteria score means I found some civic relevance but limited evidence of the open architecture, participatory design, or safety-first approach I weight most. Its contribution is real but peripheral to the safety-aware, open-infrastructure priorities that anchor my evaluation."
101,Bellingcat Online Investigation Toolkit,https://bellingcat.gitbook.io/toolkit,45.5,45.5,0,0.86,LOW,LOW,criteria,"Bellingcat Online Investigation Toolkit makes replication materials available, lowering the barrier for other jurisdictions to adopt and adapt it -- this kind of transferability multiplies impact in a way I weight strongly. Criteria performance of 45.5 reflects a project that is doing useful work in its niche, though its connection to my core concerns around AI safety and open public systems is indirect. I do not dismiss its value, but it sits in a part of the ranking where the connection to my core evaluation priorities is thinner."
102,Political Advertising Transparency Data Standard,https://github.com/whotargetsme/ad-transparency-standards/blob/main/implement.md,45.2,39.2,6,0.86,LOW,HIGH,criteria,"Political Advertising Transparency Data Standard has been used in actual elections (2020 US Presidential Election, 2024 US Presidential Election, UK General Elections), which is about as high-stakes a deployment context as political technology gets. The 39.2 criteria score reflects that while this project exists in the civic technology space, it does not strongly engage with the open-infrastructure or safety-aware design principles I prioritize. The high popularity risk means I have been especially rigorous in separating documented evidence from reputation; a well-known name should earn its score on substance."
103,Gender Pay Gap Service,https://gender-pay-gap.service.gov.uk,45.1,33.1,12,0.86,LOW,HIGH,modifier,"Aligned with SDG 5: Gender Equality, SDG 10: Reduced Inequalities, Gender Pay Gap Service frames its work within global development goals, though I evaluate primarily on technical architecture and governance rather than SDG labelling. With +12 from modifiers, the scoring acknowledges that Gender Pay Gap Service's design choices around openness and participation are themselves a form of impact. I acknowledge high popularity risk: this project benefits from strong name recognition, and I have deliberately weighted measurable evidence over reputational halo."
104,Local Insight,https://localinsight.org,44.9,44.9,0,0.86,LOW,HIGH,criteria,"Local Insight appears in academic literature, giving me peer-reviewed evidence to assess alongside its real-world deployment claims. Its criteria score of 44.9 reflects solid fundamentals -- real users, real civic purpose -- while falling short of the open-infrastructure and safety criteria that define my top tier. High popularity risk is a factor I have compensated for -- the brand is strong, but my score reflects what the dossier evidence actually substantiates."
105,Beckton,https://richardpope.org/2017/03/05/beckton-a-tool-to-build,44.8,37.8,7,0.71,LOW,LOW,criteria,"Beckton's mission -- a conditional-commitment tool for creating groups of paying members — only charges if enough people join -- resonates with my work building AI systems for UK government where interoperability is a daily challenge. The criteria score of 37.8 reflects limited alignment with my highest priorities: safety-conscious AI deployment, open public infrastructure, and evidence of systemic democratic impact. Its contribution is real but peripheral to the safety-aware, open-infrastructure priorities that anchor my evaluation."
106,We Live It,https://www.welivedit.ai,44.8,37.8,7,0.71,LOW,LOW,criteria,"Deployed across United States, United Kingdom, Canada, We Live It has proven it can operate in multiple regulatory and cultural contexts, which is a meaningful test of robustness. With 37.8 on criteria, this project occupies a lower tier -- it touches political technology but without the depth of open governance or risk-awareness I prioritize. I do not dismiss its value, but it sits in a part of the ranking where the connection to my core evaluation priorities is thinner."
107,Fundación Ciudadanía Inteligente,https://ciudadaniai.org,44.3,36.3,8,0.86,LOW,LOW,criteria,"Fundación Ciudadanía Inteligente touches AI directly -- alianza por algoritmos inclusivos (alliance for inclusive algorithms) - global alliance to combat ai bias -- placing it squarely in the territory where my interpretability research tells me careful governance matters most. A 36.3 criteria score means I found some civic relevance but limited evidence of the open architecture, participatory design, or safety-first approach I weight most. More evidence of participatory governance or safety-first design would be needed to move this higher in my framework."
108,AISafety.info,https://aisafety.info,43.9,43.9,0,0.86,LOW,LOW,criteria,"AISafety.info -- educational resource on ai safety risks and how to help ensure beneficial ai outcomes -- is the kind of project I evaluate by asking whether its technical choices reflect the safety-first and open-by-default principles I apply at Coefficient.ai. Criteria performance of 43.9 reflects a project that is doing useful work in its niche, though its connection to my core concerns around AI safety and open public systems is indirect. It occupies a lower tier not because it fails, but because the competition above it more directly addresses the governance and safety challenges I prioritize."
109,Mozilla Data Collective,https://datacollective.mozillafoundation.org,43.7,43.7,0,0.86,LOW,HIGH,criteria,"As a tool/platform, Mozilla Data Collective falls into a category where I look for evidence of open architecture, measurable outcomes, and responsible AI integration. At 43.7 on criteria, it demonstrates practical civic utility without the additional safety-first or open-by-default qualities that distinguish the top-ranked projects in my framework. High popularity risk is a factor I have compensated for -- the brand is strong, but my score reflects what the dossier evidence actually substantiates."
110,Ushahidi,https://www.ushahidi.com,43.5,35.5,8,0.71,LOW,MEDIUM,criteria,"Ushahidi -- crowdsourcing solutions to empower communities -- is the kind of project I evaluate by asking whether its technical choices reflect the safety-first and open-by-default principles I apply at Coefficient.ai. At 35.5 on criteria, the project has civic purpose but scores modestly on the dimensions I weight highest -- systemic governance impact, technical openness, and risk awareness. I note moderate popularity risk and have calibrated accordingly, relying on technical and governance evidence rather than name recognition."
111,Security First / Umbrella,https://secfirst.org,43.3,43.3,0,0.86,LOW,LOW,criteria,"Security First / Umbrella is genuinely community-owned, which distributes control in a way that mitigates the concentration-of-power risks I see as fundamental to safe civic technology. Its criteria score of 43.3 reflects solid fundamentals -- real users, real civic purpose -- while falling short of the open-infrastructure and safety criteria that define my top tier. I do not dismiss its value, but it sits in a part of the ranking where the connection to my core evaluation priorities is thinner."
112,Spartacus,https://spartacus.app,42.9,34.9,8,0.71,LOW,LOW,criteria,"Spartacus -- build critical mass with conditional commitments that only activate when enough people join in -- is the kind of project I evaluate by asking whether its technical choices reflect the safety-first and open-by-default principles I apply at Coefficient.ai. The criteria score of 34.9 reflects limited alignment with my highest priorities: safety-conscious AI deployment, open public infrastructure, and evidence of systemic democratic impact. More evidence of participatory governance or safety-first design would be needed to move this higher in my framework."
113,Timecounts,https://timecounts.org,42.9,34.9,8,0.71,LOW,MEDIUM,criteria,"Timecounts publicly acknowledges its limitations (no published impact studies or independent verification of claimed benefits, testimonial from single organization (oceanside public library) provided but no systematic evaluation), a practice I consider essential for responsible technology deployment. With 34.9 on criteria, this project occupies a lower tier -- it touches political technology but without the depth of open governance or risk-awareness I prioritize. I note moderate popularity risk and have calibrated accordingly, relying on technical and governance evidence rather than name recognition."
114,MapIt,https://mapit.mysociety.org,42.7,42.7,0,0.71,LOW,MEDIUM,criteria,"MapIt -- match postcodes and geographical points to administrative areas -- is the kind of project I evaluate by asking whether its technical choices reflect the safety-first and open-by-default principles I apply at Coefficient.ai. With 42.7 on criteria, this project shows genuine civic value but does not reach the top tier I reserve for projects combining open infrastructure with measurable governance impact. With moderate popularity risk, I have tried to assess substance over familiarity, weighting documented outcomes above general reputation."
115,Bluesky,https://bsky.app,42.5,42.5,0,0.71,LOW,MEDIUM,criteria,"The LLC governance model at Bluesky tells me whether decisions about civic infrastructure are accountable -- and that governance-level analysis is where I start my evaluation. Criteria performance of 42.5 reflects a project that is doing useful work in its niche, though its connection to my core concerns around AI safety and open public systems is indirect. There is some popularity bias risk I have accounted for; my score reflects the dossier evidence more than the project's broader visibility."
116,Cobudget,https://cobudget.com,42.5,34.5,8,0.71,LOW,LOW,criteria,"Recent commits (last: 2026-02-25) show Cobudget is actively maintained, which matters enormously for any project I would endorse as production-grade civic infrastructure. The 34.5 criteria score reflects that while this project exists in the civic technology space, it does not strongly engage with the open-infrastructure or safety-aware design principles I prioritize. I do not dismiss its value, but it sits in a part of the ranking where the connection to my core evaluation priorities is thinner."
117,Collaborative Data Patterns,https://collaborative-data.theodi.org,42.5,34.5,8,0.86,LOW,HIGH,criteria,"Backed by Open Data Institute, Collaborative Data Patterns has a funding trail I can inspect -- understanding who pays for public technology is part of my evaluation of alignment and sustainability. At 34.5 on criteria, the project has civic purpose but scores modestly on the dimensions I weight highest -- systemic governance impact, technical openness, and risk awareness. The high popularity risk means I have been especially rigorous in separating documented evidence from reputation; a well-known name should earn its score on substance."
118,Constitute Project,https://constituteproject.org,42.5,34.5,8,0.86,LOW,HIGH,criteria,"Constitute Project serves researchers, constitutional courts, educators, and having clearly identified beneficiaries makes impact assessment tractable in a way that vague 'for everyone' claims do not. Its criteria score of 34.5 tells me the project operates in a related space but does not deeply engage with the interpretability, safety, or open-governance priorities that shape my framework. I acknowledge high popularity risk: this project benefits from strong name recognition, and I have deliberately weighted measurable evidence over reputational halo."
119,OA.Report,https://oa.report,42.5,42.5,0,0.71,LOW,LOW,criteria,"Delivered as platform, api, dashboard, OA.Report has a concrete interface layer that real users interact with -- I prefer scoring tangible tools over white papers. A criteria score of 42.5 places it in the solid middle -- it does meaningful civic work but lacks the outstanding safety-awareness or open-architecture features that would push it higher. At this rank, the project exists in the civic technology space without strongly engaging the AI safety and open-infrastructure concerns that drive my highest scores."
120,Viewpoints,https://viewpoints.xyz,42.5,34.5,8,0.71,LOW,MEDIUM,criteria,"As a for-profit/social enterprise project, Viewpoints operates with institutional backing that shapes both its sustainability and its independence -- two factors I weigh carefully. With 34.5 on criteria, this project occupies a lower tier -- it touches political technology but without the depth of open governance or risk-awareness I prioritize. With moderate popularity risk, I have tried to assess substance over familiarity, weighting documented outcomes above general reputation."
121,Your Priorities,https://yrpri.org,42.5,34.5,8,0.86,LOW,LOW,criteria,"Your Priorities has identifiable dependency risks -- moderate - relies on node.js/javascript ecosystem and postgresql database; community maintenance of open-source components -- and mapping these failure modes is central to how I think about systemic resilience in civic tech. A 34.5 criteria score means I found some civic relevance but limited evidence of the open architecture, participatory design, or safety-first approach I weight most. I do not dismiss its value, but it sits in a part of the ranking where the connection to my core evaluation priorities is thinner."
122,adhocracy+,https://adhocracy.plus,42.5,34.5,8,0.71,LOW,MEDIUM,criteria,"adhocracy+ makes replication materials available, lowering the barrier for other jurisdictions to adopt and adapt it -- this kind of transferability multiplies impact in a way I weight strongly. Criteria performance (34.5) places it in the lower portion of my ranking -- the connection to my core interests in AI safety, interpretability, and open public systems is tenuous. I note moderate popularity risk and have calibrated accordingly, relying on technical and governance evidence rather than name recognition."
123,Plinth,https://www.plinth.org.uk,42.0,42.0,0,0.71,LOW,LOW,criteria,"Plinth -- ai-powered platform helping organisations deliver, measure and fund community impact -- is the kind of project I evaluate by asking whether its technical choices reflect the safety-first and open-by-default principles I apply at Coefficient.ai. At 42.0 on criteria, it demonstrates practical civic utility without the additional safety-first or open-by-default qualities that distinguish the top-ranked projects in my framework. It occupies a lower tier not because it fails, but because the competition above it more directly addresses the governance and safety challenges I prioritize."
124,Empurrando Juntas (EJ),https://sobre.ejparticipe.org,41.9,33.9,8,0.86,LOW,HIGH,criteria,"Aligned with SDG 16 – Peace, Justice and Strong Institutions, Empurrando Juntas (EJ) frames its work within global development goals, though I evaluate primarily on technical architecture and governance rather than SDG labelling. At 33.9 on criteria, the project has civic purpose but scores modestly on the dimensions I weight highest -- systemic governance impact, technical openness, and risk awareness. High popularity risk is a factor I have compensated for -- the brand is strong, but my score reflects what the dossier evidence actually substantiates."
125,GovTrack.us,https://www.govtrack.us,41.9,33.9,8,0.86,LOW,HIGH,criteria,"GovTrack.us -- tracking the u.s. congress and the white house to make a more open and accountable government -- is the kind of project I evaluate by asking whether its technical choices reflect the safety-first and open-by-default principles I apply at Coefficient.ai. Its criteria score of 33.9 tells me the project operates in a related space but does not deeply engage with the interpretability, safety, or open-governance priorities that shape my framework. I flag high popularity risk here: this project's reputation may exceed what the evidence strictly supports, and I have tried to score on verifiable substance rather than brand recognition."
126,Populate Tools,https://github.com/populatetools,41.9,33.9,8,0.86,LOW,LOW,criteria,"Populate Tools's mission -- tools for civic engagement -- resonates with my work building AI systems for UK government where interoperability is a daily challenge. The criteria score of 33.9 reflects limited alignment with my highest priorities: safety-conscious AI deployment, open public infrastructure, and evidence of systemic democratic impact. I do not dismiss its value, but it sits in a part of the ranking where the connection to my core evaluation priorities is thinner."
127,Tracka,https://yourtracka.org,41.9,33.9,8,0.71,LOW,MEDIUM,criteria,"Tracka -- monitor the status of federal and state projects in your community and take action on implementation gaps -- is the kind of project I evaluate by asking whether its technical choices reflect the safety-first and open-by-default principles I apply at Coefficient.ai. With 33.9 on criteria, this project occupies a lower tier -- it touches political technology but without the depth of open governance or risk-awareness I prioritize. There is some popularity bias risk I have accounted for; my score reflects the dossier evidence more than the project's broader visibility."
128,oTree,https://www.otree.org,41.9,33.9,8,0.71,LOW,LOW,criteria,"oTree touches AI directly -- otai (ai builder) feature mentioned for building experiments without coding -- placing it squarely in the territory where my interpretability research tells me careful governance matters most. A 33.9 criteria score means I found some civic relevance but limited evidence of the open architecture, participatory design, or safety-first approach I weight most. It occupies a lower tier not because it fails, but because the competition above it more directly addresses the governance and safety challenges I prioritize."
129,Creative Commons,https://creativecommons.org,41.8,41.8,0,0.86,LOW,HIGH,criteria,"Creative Commons claims documented policy outcomes including {'description': 'fourteen countries adopted national open education policies (as of 2014 state of the commons report)', 'link': 'https://creativecommons.org/2014/11/20/state-of-the-commons/', 'year': 2014}, {'description': 'open textbooks using cc licenses saved us students over $100 million (as of 2014 state of the commons report)', 'link': 'https://creativecommons.org/2014/11/20/state-of-the-commons/', 'year': 2014}, {'description': 'cc licenses adopted by wikipedia, enabling global free knowledge sharing at scale', 'link': 'https://en.wikipedia.org/wiki/creative_commons', 'year': 2009}, giving me something concrete to evaluate rather than aspirational promises. Criteria performance of 41.8 reflects a project that is doing useful work in its niche, though its connection to my core concerns around AI safety and open public systems is indirect. High popularity risk is a factor I have compensated for -- the brand is strong, but my score reflects what the dossier evidence actually substantiates."
130,Strike Map,https://strikemap.org,41.8,41.8,0,0.71,LOW,LOW,criteria,"Strike Map -- interactive mapping platform documenting labor strikes and worker organizing actions -- is the kind of project I evaluate by asking whether its technical choices reflect the safety-first and open-by-default principles I apply at Coefficient.ai. At 41.8 on criteria, it demonstrates practical civic utility without the additional safety-first or open-by-default qualities that distinguish the top-ranked projects in my framework. Its contribution is real but peripheral to the safety-aware, open-infrastructure priorities that anchor my evaluation."
131,CharmVerse,https://charmverse.io,41.5,33.5,8,0.71,LOW,MEDIUM,criteria,"CharmVerse -- the network for onchain communities -- is the kind of project I evaluate by asking whether its technical choices reflect the safety-first and open-by-default principles I apply at Coefficient.ai. At 33.5 on criteria, the project has civic purpose but scores modestly on the dimensions I weight highest -- systemic governance impact, technical openness, and risk awareness. I note moderate popularity risk and have calibrated accordingly, relying on technical and governance evidence rather than name recognition."
132,Wikum,https://www.csail.mit.edu/research/wikum-bridging-discussion-systems-and-wikis-collective-summarization,41.5,33.5,8,0.71,LOW,LOW,criteria,"Wikum -- tools for communities to collectively summarize large online discussions and manage embedded knowledge -- is the kind of project I evaluate by asking whether its technical choices reflect the safety-first and open-by-default principles I apply at Coefficient.ai. Its criteria score of 33.5 tells me the project operates in a related space but does not deeply engage with the interpretability, safety, or open-governance priorities that shape my framework. More evidence of participatory governance or safety-first design would be needed to move this higher in my framework."
133,Neighbourhood Warmth,https://www.mysociety.org/climate/neighbourhood-warmth,41.1,34.1,7,0.86,LOW,HIGH,criteria,"Neighbourhood Warmth -- a free online platform helping people form teams around shared home energy challenges like retrofit assessments and energy efficiency -- is the kind of project I evaluate by asking whether its technical choices reflect the safety-first and open-by-default principles I apply at Coefficient.ai. The criteria score of 34.1 reflects limited alignment with my highest priorities: safety-conscious AI deployment, open public infrastructure, and evidence of systemic democratic impact. I acknowledge high popularity risk: this project benefits from strong name recognition, and I have deliberately weighted measurable evidence over reputational halo."
134,Fairbnb.coop,https://fairbnb.coop,41.0,41.0,0,0.86,LOW,HIGH,criteria,"Fairbnb.coop publicly acknowledges its limitations (platform currently offline due to security maintenance, vulnerability to coordinated spam attacks, susceptibility to fraudulent booking requests), a practice I consider essential for responsible technology deployment. The criteria score (41.0) reflects competent civic technology that addresses real problems, though without the systemic-change ambition or interpretability focus I most reward. High popularity risk is a factor I have compensated for -- the brand is strong, but my score reflects what the dossier evidence actually substantiates."
135,postcodes.io,https://github.com/ideal-postcodes/postcodes.io,41.0,41.0,0,0.86,LOW,LOW,criteria,"postcodes.io -- uk postcode & geolocation api, serving up open data -- is the kind of project I evaluate by asking whether its technical choices reflect the safety-first and open-by-default principles I apply at Coefficient.ai. With 41.0 on criteria, this project shows genuine civic value but does not reach the top tier I reserve for projects combining open infrastructure with measurable governance impact. Its contribution is real but peripheral to the safety-aware, open-infrastructure priorities that anchor my evaluation."
136,Decidim,https://decidim.org,40.9,32.9,8,0.71,LOW,MEDIUM,criteria,"The cooperative governance model at Decidim tells me whether decisions about civic infrastructure are accountable -- and that governance-level analysis is where I start my evaluation. Criteria performance (32.9) places it in the lower portion of my ranking -- the connection to my core interests in AI safety, interpretability, and open public systems is tenuous. There is some popularity bias risk I have accounted for; my score reflects the dossier evidence more than the project's broader visibility."
137,Rahvaalgatus,https://github.com/rahvaalgatus/rahvaalgatus,40.9,32.9,8,0.86,LOW,LOW,criteria,"Rahvaalgatus -- estonian citizen initiative and e-petition platform -- is the kind of project I evaluate by asking whether its technical choices reflect the safety-first and open-by-default principles I apply at Coefficient.ai. The 32.9 criteria score reflects that while this project exists in the civic technology space, it does not strongly engage with the open-infrastructure or safety-aware design principles I prioritize. More evidence of participatory governance or safety-first design would be needed to move this higher in my framework."
138,docs.plus,https://docs.plus,40.9,32.9,8,0.71,LOW,LOW,criteria,"Backed by Grant for Web, Nesta, docs.plus has a funding trail I can inspect -- understanding who pays for public technology is part of my evaluation of alignment and sustainability. At 32.9 on criteria, the project has civic purpose but scores modestly on the dimensions I weight highest -- systemic governance impact, technical openness, and risk awareness. It occupies a lower tier not because it fails, but because the competition above it more directly addresses the governance and safety challenges I prioritize."
139,Worker Info Exchange,https://www.workerinfoexchange.org,40.8,40.8,0,0.86,LOW,LOW,criteria,"Worker Info Exchange serves workers, labor advocates, researchers, and having clearly identified beneficiaries makes impact assessment tractable in a way that vague 'for everyone' claims do not. Its criteria score of 40.8 reflects solid fundamentals -- real users, real civic purpose -- while falling short of the open-infrastructure and safety criteria that define my top tier. At this rank, the project exists in the civic technology space without strongly engaging the AI safety and open-infrastructure concerns that drive my highest scores."
140,Nestr,https://nestr.io,39.9,32.9,7,0.71,LOW,LOW,criteria,"Delivered as platform, app, Nestr has a concrete interface layer that real users interact with -- I prefer scoring tangible tools over white papers. The criteria score of 32.9 reflects limited alignment with my highest priorities: safety-conscious AI deployment, open public infrastructure, and evidence of systemic democratic impact. Its contribution is real but peripheral to the safety-aware, open-infrastructure priorities that anchor my evaluation."
141,Logos,https://logos.co,39.7,32.7,7,0.71,LOW,LOW,criteria,"As a grassroots/indie project, Logos operates with institutional backing that shapes both its sustainability and its independence -- two factors I weigh carefully. With 32.7 on criteria, this project occupies a lower tier -- it touches political technology but without the depth of open governance or risk-awareness I prioritize. I do not dismiss its value, but it sits in a part of the ranking where the connection to my core evaluation priorities is thinner."
142,RxC Voice,https://github.com/radicalxchange/rxc-voice,39.4,31.4,8,0.71,LOW,LOW,criteria,"RxC Voice -- an app for decentralized democratic governance leveraging quadratic funding, pol.is, and quadratic voting -- is the kind of project I evaluate by asking whether its technical choices reflect the safety-first and open-by-default principles I apply at Coefficient.ai. A 31.4 criteria score means I found some civic relevance but limited evidence of the open architecture, participatory design, or safety-first approach I weight most. More evidence of participatory governance or safety-first design would be needed to move this higher in my framework."
143,Kialo,https://kialo.com,39.2,32.2,7,0.71,LOW,MEDIUM,criteria,"Kialo -- a platform for structured debate and critical thinking through collaborative argument mapping -- is the kind of project I evaluate by asking whether its technical choices reflect the safety-first and open-by-default principles I apply at Coefficient.ai. Criteria performance (32.2) places it in the lower portion of my ranking -- the connection to my core interests in AI safety, interpretability, and open public systems is tenuous. I note moderate popularity risk and have calibrated accordingly, relying on technical and governance evidence rather than name recognition."
144,Manifold Markets,https://manifold.markets,39.2,32.2,7,0.86,LOW,LOW,criteria,"Manifold Markets has been used in actual elections (2024 US Presidential Election forecasting, Various state and local election predictions), which is about as high-stakes a deployment context as political technology gets. The 32.2 criteria score reflects that while this project exists in the civic technology space, it does not strongly engage with the open-infrastructure or safety-aware design principles I prioritize. At this rank, the project exists in the civic technology space without strongly engaging the AI safety and open-infrastructure concerns that drive my highest scores."
145,Mapped,https://mapped.commonknowledge.coop,39.2,32.2,7,0.71,LOW,MEDIUM,criteria,"Aligned with SDG 16 – Peace, Justice and Strong Institutions, Mapped frames its work within global development goals, though I evaluate primarily on technical architecture and governance rather than SDG labelling. At 32.2 on criteria, the project has civic purpose but scores modestly on the dimensions I weight highest -- systemic governance impact, technical openness, and risk awareness. There is some popularity bias risk I have accounted for; my score reflects the dossier evidence more than the project's broader visibility."
146,Open Referral UK,https://openreferraluk.org,39.0,39.0,0,0.86,LOW,HIGH,criteria,"Open Referral UK -- the open data standard that makes it easy to publish, find, and use community services data -- is the kind of project I evaluate by asking whether its technical choices reflect the safety-first and open-by-default principles I apply at Coefficient.ai. Its criteria score of 39.0 tells me the project operates in a related space but does not deeply engage with the interpretability, safety, or open-governance priorities that shape my framework. This carries high popularity risk -- it is well-known enough that name recognition could inflate perceived impact, so I have grounded my score in documented outcomes and technical architecture."
147,OpenElections Leaflet Scraper and Parser,https://github.com/thicknavyrain/uk_elections_leaflets,38.8,38.8,0,0.86,LOW,LOW,criteria,"OpenElections Leaflet Scraper and Parser -- a campaignlab 2024 hackathon project to scrape and process uk election campaign leaflets into structured json using gpt-4 vision -- is the kind of project I evaluate by asking whether its technical choices reflect the safety-first and open-by-default principles I apply at Coefficient.ai. The criteria score of 38.8 reflects limited alignment with my highest priorities: safety-conscious AI deployment, open public infrastructure, and evidence of systemic democratic impact. More evidence of participatory governance or safety-first design would be needed to move this higher in my framework."
148,Deliberation & Technology (DelibTech) Network,https://www.demnext.org/projects/delibtech-network,38.6,30.6,8,0.86,LOW,LOW,criteria,"As a network, Deliberation & Technology (DelibTech) Network falls into a category where I look for evidence of open architecture, measurable outcomes, and responsible AI integration. With 30.6 on criteria, this project occupies a lower tier -- it touches political technology but without the depth of open governance or risk-awareness I prioritize. It occupies a lower tier not because it fails, but because the competition above it more directly addresses the governance and safety challenges I prioritize."
149,LittleSis,https://littlesis.org,38.6,38.6,0,0.71,LOW,MEDIUM,criteria,"LittleSis touches AI directly -- no primary ai/machine learning involvement; database uses traditional relational database architecture and manual curation -- placing it squarely in the territory where my interpretability research tells me careful governance matters most. A 38.6 criteria score means I found some civic relevance but limited evidence of the open architecture, participatory design, or safety-first approach I weight most. I note moderate popularity risk and have calibrated accordingly, relying on technical and governance evidence rather than name recognition."
150,Atlas of Surveillance,https://atlasofsurveillance.org,38.4,38.4,0,0.86,LOW,LOW,criteria,"Atlas of Surveillance claims documented policy outcomes including informed local surveillance ordinances in multiple cities, used in advocacy campaigns for police accountability, giving me something concrete to evaluate rather than aspirational promises. Criteria performance (38.4) places it in the lower portion of my ranking -- the connection to my core interests in AI safety, interpretability, and open public systems is tenuous. Its contribution is real but peripheral to the safety-aware, open-infrastructure priorities that anchor my evaluation."
151,Matrix,https://matrix.org,38.4,38.4,0,0.71,LOW,MEDIUM,criteria,"Government adoption by {'body': 'DINUM (Direction Interministérielle du Numérique, France)', 'description': 'Tchap — French government Matrix-based messaging deployment', 'year': 2019}, {'body': 'German Federal Government / Bundeswehr', 'description': 'Matrix-based secure communications for public sector', 'year': 2021}, {'body': 'Gematik (German health IT agency)', 'description': 'Silver Foundation member; Matrix integration for healthcare communications', 'year': None} gives Matrix a credibility signal that most civic tech projects lack -- I know from my Coefficient.ai work how hard that adoption barrier is. The 38.4 criteria score reflects that while this project exists in the civic technology space, it does not strongly engage with the open-infrastructure or safety-aware design principles I prioritize. There is some popularity bias risk I have accounted for; my score reflects the dossier evidence more than the project's broader visibility."
152,Hand-Written Petition Scanner,https://hand-written-petition-scanner.streamlit.app,38.2,31.2,7,0.86,LOW,LOW,criteria,"Hand-Written Petition Scanner -- tool for digitizing and analyzing hand-written petitions using optical character recognition -- is the kind of project I evaluate by asking whether its technical choices reflect the safety-first and open-by-default principles I apply at Coefficient.ai. At 31.2 on criteria, the project has civic purpose but scores modestly on the dimensions I weight highest -- systemic governance impact, technical openness, and risk awareness. More evidence of participatory governance or safety-first design would be needed to move this higher in my framework."
153,Open Science Framework,https://osf.io,38.0,38.0,0,0.86,LOW,LOW,criteria,"Open Science Framework is genuinely community-owned, which distributes control in a way that mitigates the concentration-of-power risks I see as fundamental to safe civic technology. Its criteria score of 38.0 tells me the project operates in a related space but does not deeply engage with the interpretability, safety, or open-governance priorities that shape my framework. It occupies a lower tier not because it fails, but because the competition above it more directly addresses the governance and safety challenges I prioritize."
154,Turbo Phonebank,https://turbophonebank.com,38.0,30.0,8,0.86,LOW,LOW,criteria,"Turbo Phonebank -- a free phonebank platform that turns google sheets into phonebanks and textbanks with 2-tap calling -- is the kind of project I evaluate by asking whether its technical choices reflect the safety-first and open-by-default principles I apply at Coefficient.ai. The criteria score of 30.0 reflects limited alignment with my highest priorities: safety-conscious AI deployment, open public infrastructure, and evidence of systemic democratic impact. At this rank, the project exists in the civic technology space without strongly engaging the AI safety and open-infrastructure concerns that drive my highest scores."
155,sourceAFRICA,https://sourceafrica.net,38.0,38.0,0,0.86,LOW,HIGH,criteria,"sourceAFRICA publicly acknowledges its limitations (automated document text may contain errors, summaries are not legal interpretations), a practice I consider essential for responsible technology deployment. With 38.0 on criteria, this project occupies a lower tier -- it touches political technology but without the depth of open governance or risk-awareness I prioritize. I flag high popularity risk here: this project's reputation may exceed what the evidence strictly supports, and I have tried to score on verifiable substance rather than brand recognition."
156,Mapping.kids,https://mapping.kids,37.8,37.8,0,0.86,LOW,HIGH,criteria,"Mapping.kids -- a platform for creating and sharing interactive maps for educational purposes -- is the kind of project I evaluate by asking whether its technical choices reflect the safety-first and open-by-default principles I apply at Coefficient.ai. A 37.8 criteria score means I found some civic relevance but limited evidence of the open architecture, participatory design, or safety-first approach I weight most. This carries high popularity risk -- it is well-known enough that name recognition could inflate perceived impact, so I have grounded my score in documented outcomes and technical architecture."
157,Right To Know,https://right-to-know.org,37.3,37.3,0,0.86,LOW,LOW,criteria,"The project of larger org governance model at Right To Know tells me whether decisions about civic infrastructure are accountable -- and that governance-level analysis is where I start my evaluation. Criteria performance (37.3) places it in the lower portion of my ranking -- the connection to my core interests in AI safety, interpretability, and open public systems is tenuous. More evidence of participatory governance or safety-first design would be needed to move this higher in my framework."
158,Awesome UK Government Datasets,https://github.com/i-dot-ai/awesome-gov-datasets,37.1,37.1,0,0.86,LOW,HIGH,criteria,"Recent commits (last: 2025-04-04) show Awesome UK Government Datasets is actively maintained, which matters enormously for any project I would endorse as production-grade civic infrastructure. The 37.1 criteria score reflects that while this project exists in the civic technology space, it does not strongly engage with the open-infrastructure or safety-aware design principles I prioritize. I acknowledge high popularity risk: this project benefits from strong name recognition, and I have deliberately weighted measurable evidence over reputational halo."
159,OA.Works,https://oa.works,37.1,37.1,0,0.71,LOW,LOW,criteria,"Backed by Arcadia Fund, Gates Foundation, Robert Wood Johnson Foundation, OA.Works has a funding trail I can inspect -- understanding who pays for public technology is part of my evaluation of alignment and sustainability. At 37.1 on criteria, the project has civic purpose but scores modestly on the dimensions I weight highest -- systemic governance impact, technical openness, and risk awareness. At this rank, the project exists in the civic technology space without strongly engaging the AI safety and open-infrastructure concerns that drive my highest scores."
160,Who Targets Me Trends,https://trends.whotargets.me,37.1,37.1,0,0.86,LOW,HIGH,criteria,"Who Targets Me Trends serves journalists, election monitors, researchers, and having clearly identified beneficiaries makes impact assessment tractable in a way that vague 'for everyone' claims do not. Its criteria score of 37.1 tells me the project operates in a related space but does not deeply engage with the interpretability, safety, or open-governance priorities that shape my framework. I flag high popularity risk here: this project's reputation may exceed what the evidence strictly supports, and I have tried to score on verifiable substance rather than brand recognition."
161,Members' Interests,https://membersinterests.org.uk,37.0,30.0,7,0.86,LOW,HIGH,criteria,"Delivered as database, platform, Members' Interests has a concrete interface layer that real users interact with -- I prefer scoring tangible tools over white papers. The criteria score of 30.0 reflects limited alignment with my highest priorities: safety-conscious AI deployment, open public infrastructure, and evidence of systemic democratic impact. This carries high popularity risk -- it is well-known enough that name recognition could inflate perceived impact, so I have grounded my score in documented outcomes and technical architecture."
162,GOV.UK One Login,https://www.sign-in.service.gov.uk,36.9,36.9,0,0.86,LOW,LOW,criteria,"As a government/public sector project, GOV.UK One Login operates with institutional backing that shapes both its sustainability and its independence -- two factors I weigh carefully. With 36.9 on criteria, this project occupies a lower tier -- it touches political technology but without the depth of open governance or risk-awareness I prioritize. More evidence of participatory governance or safety-first design would be needed to move this higher in my framework."
163,Granicus,https://granicus.com/uk,36.9,36.9,0,0.71,LOW,LOW,criteria,"Granicus -- the citizen experience platform for government -- is the kind of project I evaluate by asking whether its technical choices reflect the safety-first and open-by-default principles I apply at Coefficient.ai. A 36.9 criteria score means I found some civic relevance but limited evidence of the open architecture, participatory design, or safety-first approach I weight most. It occupies a lower tier not because it fails, but because the competition above it more directly addresses the governance and safety challenges I prioritize."
164,Polimorphic,https://www.polimorphic.com,36.3,36.3,0,0.86,LOW,HIGH,criteria,"Polimorphic -- ai-powered platform for service-first government operations and resident engagement -- is the kind of project I evaluate by asking whether its technical choices reflect the safety-first and open-by-default principles I apply at Coefficient.ai. Criteria performance (36.3) places it in the lower portion of my ranking -- the connection to my core interests in AI safety, interpretability, and open public systems is tenuous. High popularity risk is a factor I have compensated for -- the brand is strong, but my score reflects what the dossier evidence actually substantiates."
165,Local Deep Researcher,https://local-deep-researcher-hnmh.vercel.app,36.1,36.1,0,0.86,LOW,LOW,criteria,"Local Deep Researcher -- a research tool for investigating local issues and civic engagement -- is the kind of project I evaluate by asking whether its technical choices reflect the safety-first and open-by-default principles I apply at Coefficient.ai. The 36.1 criteria score reflects that while this project exists in the civic technology space, it does not strongly engage with the open-infrastructure or safety-aware design principles I prioritize. Its contribution is real but peripheral to the safety-aware, open-infrastructure priorities that anchor my evaluation."
166,OpenCRVS,https://www.opencrvs.org,36.1,36.1,0,0.71,LOW,MEDIUM,criteria,"Aligned with SDG 16.9 – Legal identity for all, SDG 16 – Peace, Justice and Strong Institutions, OpenCRVS frames its work within global development goals, though I evaluate primarily on technical architecture and governance rather than SDG labelling. At 36.1 on criteria, the project has civic purpose but scores modestly on the dimensions I weight highest -- systemic governance impact, technical openness, and risk awareness. There is some popularity bias risk I have accounted for; my score reflects the dossier evidence more than the project's broader visibility."
167,RightDD,https://www.rightsdd.com,36.1,36.1,0,0.71,LOW,LOW,criteria,"RightDD appears in academic literature, giving me peer-reviewed evidence to assess alongside its real-world deployment claims. Its criteria score of 36.1 tells me the project operates in a related space but does not deeply engage with the interpretability, safety, or open-governance priorities that shape my framework. More evidence of participatory governance or safety-first design would be needed to move this higher in my framework."
168,Find local consultations,https://gov.uk/find-local-consultations,36.0,28.0,8,0.86,LOW,HIGH,criteria,"Find local consultations's mission -- a uk government service enabling citizens to discover and participate in local council consultations -- resonates with my work building AI systems for UK government where interoperability is a daily challenge. The criteria score of 28.0 reflects limited alignment with my highest priorities: safety-conscious AI deployment, open public infrastructure, and evidence of systemic democratic impact. I acknowledge high popularity risk: this project benefits from strong name recognition, and I have deliberately weighted measurable evidence over reputational halo."
169,Humanitarian OpenStreetMap Team (HOT),https://www.hotosm.org,36.0,29.0,7,0.86,LOW,HIGH,criteria,"Deployed across Afghanistan, Bangladesh, Democratic Republic of Congo, Humanitarian OpenStreetMap Team (HOT) has proven it can operate in multiple regulatory and cultural contexts, which is a meaningful test of robustness. With 29.0 on criteria, this project occupies a lower tier -- it touches political technology but without the depth of open governance or risk-awareness I prioritize. High popularity risk is a factor I have compensated for -- the brand is strong, but my score reflects what the dossier evidence actually substantiates."
170,Internet Archive Wayback Machine,https://web.archive.org,35.9,35.9,0,0.86,LOW,HIGH,criteria,"Internet Archive Wayback Machine touches AI directly -- machine learning used for optical character recognition (ocr) on digitized texts; ai-assisted metadata generation; no ai involvement in civic/electoral processes -- placing it squarely in the territory where my interpretability research tells me careful governance matters most. A 35.9 criteria score means I found some civic relevance but limited evidence of the open architecture, participatory design, or safety-first approach I weight most. I flag high popularity risk here: this project's reputation may exceed what the evidence strictly supports, and I have tried to score on verifiable substance rather than brand recognition."
171,Pastecal,https://github.com/kazad/pastecal,35.9,35.9,0,0.71,LOW,LOW,criteria,"Pastecal -- zero-login shared calendar for collaborative scheduling without authentication -- is the kind of project I evaluate by asking whether its technical choices reflect the safety-first and open-by-default principles I apply at Coefficient.ai. Criteria performance (35.9) places it in the lower portion of my ranking -- the connection to my core interests in AI safety, interpretability, and open public systems is tenuous. I do not dismiss its value, but it sits in a part of the ranking where the connection to my core evaluation priorities is thinner."
172,Turn2us Benefits Calculator,https://benefits-calculator.turn2us.org.uk,35.3,35.3,0,0.86,LOW,HIGH,criteria,"Government adoption by Department for Work and Pensions gives Turn2us Benefits Calculator a credibility signal that most civic tech projects lack -- I know from my Coefficient.ai work how hard that adoption barrier is. The 35.3 criteria score reflects that while this project exists in the civic technology space, it does not strongly engage with the open-infrastructure or safety-aware design principles I prioritize. The high popularity risk means I have been especially rigorous in separating documented evidence from reputation; a well-known name should earn its score on substance."
173,Dunadyne,https://dunadyne.org,34.9,34.9,0,0.71,LOW,MEDIUM,criteria,"Dunadyne -- collective intelligence platform for forming and organizing decentralized unincorporated nonprofit associations (dunas) -- is the kind of project I evaluate by asking whether its technical choices reflect the safety-first and open-by-default principles I apply at Coefficient.ai. At 34.9 on criteria, the project has civic purpose but scores modestly on the dimensions I weight highest -- systemic governance impact, technical openness, and risk awareness. I note moderate popularity risk and have calibrated accordingly, relying on technical and governance evidence rather than name recognition."
174,Esper,https://esper.com/product,34.9,34.9,0,0.71,LOW,LOW,criteria,"Esper -- end-to-end policy management platform for government agencies -- is the kind of project I evaluate by asking whether its technical choices reflect the safety-first and open-by-default principles I apply at Coefficient.ai. Its criteria score of 34.9 tells me the project operates in a related space but does not deeply engage with the interpretability, safety, or open-governance priorities that shape my framework. This is not a reflection on the project's inherent value but rather on the poor fit between what it does and what I believe civic technology awards should highlight."
175,Martus,https://www.martus.org,34.9,34.9,0,0.71,LOW,MEDIUM,criteria,"Running since 2003, Martus has survived multiple funding cycles and political shifts -- longevity in civic tech is rare and tells me something real about product-community fit. The criteria score of 34.9 reflects limited alignment with my highest priorities: safety-conscious AI deployment, open public infrastructure, and evidence of systemic democratic impact. There is some popularity bias risk I have accounted for; my score reflects the dossier evidence more than the project's broader visibility."
176,Coral,https://coralproject.net,34.7,34.7,0,0.71,LOW,LOW,criteria,"Coral publicly acknowledges its limitations (ai moderation bias in non-english languages, scalability challenges for very large comment volumes, dependency on training data quality for moderation accuracy), a practice I consider essential for responsible technology deployment. With 34.7 on criteria, this project occupies a lower tier -- it touches political technology but without the depth of open governance or risk-awareness I prioritize. I hold this ranking with low confidence given the project's distance from my areas of expertise; it should be evaluated by someone closer to its core domain."
177,COTSI (Cyber Operational Threat Situational Intelligence),https://cotsi.org,34.5,34.5,0,0.86,LOW,LOW,criteria,"COTSI (Cyber Operational Threat Situational Intelligence) -- tracks daily price and availability of fake sms verifications across 197 countries and 500+ platforms to map the online manipulation economy -- is the kind of project I evaluate by asking whether its technical choices reflect the safety-first and open-by-default principles I apply at Coefficient.ai. A 34.5 criteria score means I found some civic relevance but limited evidence of the open architecture, participatory design, or safety-first approach I weight most. The score reflects that political technology impact, as I define it through the lens of AI safety and open governance, is not this project's primary contribution."
178,Ethelo,https://ethelo.com,34.1,26.1,8,0.71,LOW,MEDIUM,modifier,The LLC governance model at Ethelo tells me whether decisions about civic infrastructure are accountable -- and that governance-level analysis is where I start my evaluation. A substantial modifier adjustment (+8) reflects that this project's structural commitments to openness and accountable governance punch above its criteria-level performance. There is some popularity bias risk I have accounted for; my score reflects the dossier evidence more than the project's broader visibility.
179,FixMyStreet,https://www.fixmystreet.com,34.1,26.1,8,0.86,LOW,HIGH,modifier,"Recent commits (last: 2026-03-08) show FixMyStreet is actively maintained, which matters enormously for any project I would endorse as production-grade civic infrastructure. Most of the score gap comes from modifiers (+8), specifically open-source licensing and governance transparency -- attributes my AI safety work has taught me to value as prerequisites, not bonuses. High popularity risk is a factor I have compensated for -- the brand is strong, but my score reflects what the dossier evidence actually substantiates."
180,Mastodon,https://github.com/mastodon/mastodon,34.1,34.1,0,0.71,LOW,MEDIUM,criteria,"Backed by Patreon community, Mastodon Inc (501c3 US entity), individual donors, Mastodon has a funding trail I can inspect -- understanding who pays for public technology is part of my evaluation of alignment and sustainability. At 34.1 on criteria, the project has civic purpose but scores modestly on the dimensions I weight highest -- systemic governance impact, technical openness, and risk awareness. With moderate popularity risk, I have tried to assess substance over familiarity, weighting documented outcomes above general reputation."
181,Metaculus,https://metaculus.com,34.1,34.1,0,0.71,LOW,LOW,criteria,"Metaculus serves researchers, forecasters, policymakers, and having clearly identified beneficiaries makes impact assessment tractable in a way that vague 'for everyone' claims do not. Its criteria score of 34.1 tells me the project operates in a related space but does not deeply engage with the interpretability, safety, or open-governance priorities that shape my framework. I hold this ranking with low confidence given the project's distance from my areas of expertise; it should be evaluated by someone closer to its core domain."
182,Remember to Vote,https://remembertovote.org.uk,34.1,26.1,8,0.86,LOW,HIGH,modifier,"Delivered as platform, Remember to Vote has a concrete interface layer that real users interact with -- I prefer scoring tangible tools over white papers. The +8 modifier adjustment was the primary score driver, rewarding structural qualities -- openness, participatory governance, replicability -- that I believe matter more than any single feature. The high popularity risk means I have been especially rigorous in separating documented evidence from reputation; a well-known name should earn its score on substance."
183,Tech Coops List,https://tech-coops.xyz,34.1,26.1,8,0.86,LOW,LOW,modifier,"As a grassroots/indie project, Tech Coops List operates with institutional backing that shapes both its sustainability and its independence -- two factors I weigh carefully. Modifiers (+8) did the heavy lifting in the final score; its open-infrastructure and governance bonuses outweighed moderate raw criteria performance. At this level I am essentially saying the project falls outside the scope of what a political technology award should prioritize, at least as I understand the criteria."
184,TheyWorkForYou,https://www.theyworkforyou.com,34.1,26.1,8,0.86,LOW,LOW,modifier,"TheyWorkForYou -- hansard and official reports for the uk parliament, scottish parliament, and northern ireland assembly - done right -- is the kind of project I evaluate by asking whether its technical choices reflect the safety-first and open-by-default principles I apply at Coefficient.ai. The modifier component (+8) elevated this project significantly -- I weight open-source availability and community governance as systemic multipliers. This is not a reflection on the project's inherent value but rather on the poor fit between what it does and what I believe civic technology awards should highlight."
185,WhatGov,https://www.whatgov.co.uk,34.1,26.1,8,0.71,LOW,LOW,modifier,"WhatGov -- parliament, clearly -- is the kind of project I evaluate by asking whether its technical choices reflect the safety-first and open-by-default principles I apply at Coefficient.ai. A substantial modifier adjustment (+8) reflects that this project's structural commitments to openness and accountable governance punch above its criteria-level performance. This low ranking reflects domain distance rather than quality judgment -- the project may be valuable in its own right but does not intersect meaningfully with my evaluation criteria."
186,Understanding Your Morality,https://programs.clearerthinking.org/understanding-your-morality,33.9,33.9,0,0.86,LOW,HIGH,criteria,"Understanding Your Morality -- an interactive tool to help people understand their moral values and reasoning -- is the kind of project I evaluate by asking whether its technical choices reflect the safety-first and open-by-default principles I apply at Coefficient.ai. The 33.9 criteria score reflects that while this project exists in the civic technology space, it does not strongly engage with the open-infrastructure or safety-aware design principles I prioritize. This carries high popularity risk -- it is well-known enough that name recognition could inflate perceived impact, so I have grounded my score in documented outcomes and technical architecture."
187,User Research Library,https://research.localgov.digital,33.9,33.9,0,0.86,LOW,HIGH,criteria,"Aligned with SDG 16 – Peace, Justice and Strong Institutions, User Research Library frames its work within global development goals, though I evaluate primarily on technical architecture and governance rather than SDG labelling. At 33.9 on criteria, the project has civic purpose but scores modestly on the dimensions I weight highest -- systemic governance impact, technical openness, and risk awareness. The high popularity risk means I have been especially rigorous in separating documented evidence from reputation; a well-known name should earn its score on substance."
188,CivicPress,https://civicpress.io,33.3,33.3,0,0.71,LOW,LOW,criteria,"CivicPress -- open infrastructure for transparent local government -- is the kind of project I evaluate by asking whether its technical choices reflect the safety-first and open-by-default principles I apply at Coefficient.ai. Its criteria score of 33.3 tells me the project operates in a related space but does not deeply engage with the interpretability, safety, or open-governance priorities that shape my framework. At this level I am essentially saying the project falls outside the scope of what a political technology award should prioritize, at least as I understand the criteria."
189,Collab.Land,https://collab.land,33.1,33.1,0,0.86,LOW,LOW,criteria,"Collab.Land's mission -- web3 community management platform for token-gated membership verification -- resonates with my work building AI systems for UK government where interoperability is a daily challenge. The criteria score of 33.1 reflects limited alignment with my highest priorities: safety-conscious AI deployment, open public infrastructure, and evidence of systemic democratic impact. This is not a reflection on the project's inherent value but rather on the poor fit between what it does and what I believe civic technology awards should highlight."
190,DoGooder,https://dogooder.co,33.1,33.1,0,0.71,LOW,LOW,criteria,"Deployed across United States, Canada, Australia, DoGooder has proven it can operate in multiple regulatory and cultural contexts, which is a meaningful test of robustness. With 33.1 on criteria, this project occupies a lower tier -- it touches political technology but without the depth of open governance or risk-awareness I prioritize. This low ranking reflects domain distance rather than quality judgment -- the project may be valuable in its own right but does not intersect meaningfully with my evaluation criteria."
191,Keep It In The Community,https://plunkett.my.site.com/keepitinthecommunity/s,33.1,33.1,0,0.86,LOW,LOW,criteria,"Keep It In The Community -- a platform for community-driven civic engagement and local resource sharing -- is the kind of project I evaluate by asking whether its technical choices reflect the safety-first and open-by-default principles I apply at Coefficient.ai. A 33.1 criteria score means I found some civic relevance but limited evidence of the open architecture, participatory design, or safety-first approach I weight most. I hold this ranking with low confidence given the project's distance from my areas of expertise; it should be evaluated by someone closer to its core domain."
192,Murmurations Protocol,https://murmurations.network,33.1,33.1,0,0.86,LOW,LOW,criteria,"Murmurations Protocol -- making movements visible — a distributed data sharing protocol to facilitate collaboration at scale -- is the kind of project I evaluate by asking whether its technical choices reflect the safety-first and open-by-default principles I apply at Coefficient.ai. Criteria performance (33.1) places it in the lower portion of my ranking -- the connection to my core interests in AI safety, interpretability, and open public systems is tenuous. The score reflects that political technology impact, as I define it through the lens of AI safety and open governance, is not this project's primary contribution."
193,NumFOCUS,https://numfocus.org,33.1,33.1,0,0.71,LOW,LOW,criteria,"Government adoption by National Science Foundation, Department of Energy, NASA gives NumFOCUS a credibility signal that most civic tech projects lack -- I know from my Coefficient.ai work how hard that adoption barrier is. The 33.1 criteria score reflects that while this project exists in the civic technology space, it does not strongly engage with the open-infrastructure or safety-aware design principles I prioritize. At this level I am essentially saying the project falls outside the scope of what a political technology award should prioritize, at least as I understand the criteria."
194,Open Collective,https://opencollective.com,33.1,33.1,0,0.86,LOW,HIGH,criteria,"With 9200 GitHub stars and a fully open-source codebase, Open Collective invites exactly the kind of external audit and interpretability I advocate for in all public-interest technology. At 33.1 on criteria, the project has civic purpose but scores modestly on the dimensions I weight highest -- systemic governance impact, technical openness, and risk awareness. High popularity risk is a factor I have compensated for -- the brand is strong, but my score reflects what the dossier evidence actually substantiates."
195,PostBug,https://postbug.com,33.1,25.1,8,0.71,LOW,LOW,modifier,PostBug -- send printed postcards to people in power -- is the kind of project I evaluate by asking whether its technical choices reflect the safety-first and open-by-default principles I apply at Coefficient.ai. The +8 modifier boost reflects my conviction that structural transparency and open governance are leading indicators of trustworthy civic technology. This low ranking reflects domain distance rather than quality judgment -- the project may be valuable in its own right but does not intersect meaningfully with my evaluation criteria.
196,The Accountability Project,https://publicaccountability.org,33.1,33.1,0,0.86,LOW,HIGH,criteria,"The Accountability Project -- a searchable database of 1.9+ billion public records for researchers and journalists -- is the kind of project I evaluate by asking whether its technical choices reflect the safety-first and open-by-default principles I apply at Coefficient.ai. The criteria score of 33.1 reflects limited alignment with my highest priorities: safety-conscious AI deployment, open public infrastructure, and evidence of systemic democratic impact. This carries high popularity risk -- it is well-known enough that name recognition could inflate perceived impact, so I have grounded my score in documented outcomes and technical architecture."
197,Vote for Policies,https://voteforpolicies.org.uk,33.1,25.1,8,0.86,LOW,LOW,modifier,"Vote for Policies publicly acknowledges its limitations (project discontinued after 2024 election, no longer developing manifesto tracker), a practice I consider essential for responsible technology deployment. Modifiers (+8) did the heavy lifting in the final score; its open-infrastructure and governance bonuses outweighed moderate raw criteria performance. The score reflects that political technology impact, as I define it through the lens of AI safety and open governance, is not this project's primary contribution."
198,WriteToThem,https://www.writetothem.com,33.1,25.1,8,0.86,LOW,LOW,modifier,"WriteToThem -- email your councillor, mp, msp, ms, mla or london assembly member for free -- is the kind of project I evaluate by asking whether its technical choices reflect the safety-first and open-by-default principles I apply at Coefficient.ai. The modifier component (+8) elevated this project significantly -- I weight open-source availability and community governance as systemic multipliers. At this level I am essentially saying the project falls outside the scope of what a political technology award should prioritize, at least as I understand the criteria."
199,deliberAIde,https://www.deliberaide.com,33.1,25.1,8,0.86,LOW,LOW,modifier,The LLC governance model at deliberAIde tells me whether decisions about civic infrastructure are accountable -- and that governance-level analysis is where I start my evaluation. A substantial modifier adjustment (+8) reflects that this project's structural commitments to openness and accountable governance punch above its criteria-level performance. This is not a reflection on the project's inherent value but rather on the poor fit between what it does and what I believe civic technology awards should highlight.
200,Marks Out Of Tenancy,https://www.marksoutoftenancy.com,32.9,32.9,0,0.86,LOW,LOW,criteria,"Marks Out Of Tenancy -- uk landlord and letting agency review platform empowering renters with information and rights guidance -- is the kind of project I evaluate by asking whether its technical choices reflect the safety-first and open-by-default principles I apply at Coefficient.ai. The 32.9 criteria score reflects that while this project exists in the civic technology space, it does not strongly engage with the open-infrastructure or safety-aware design principles I prioritize. This low ranking reflects domain distance rather than quality judgment -- the project may be valuable in its own right but does not intersect meaningfully with my evaluation criteria."
201,Moral Machine,https://moralmachine.net,32.9,32.9,0,0.86,LOW,HIGH,criteria,"Backed by MIT Media Lab, Max Planck Institute for Human Development, University of Exeter, Moral Machine has a funding trail I can inspect -- understanding who pays for public technology is part of my evaluation of alignment and sustainability. At 32.9 on criteria, the project has civic purpose but scores modestly on the dimensions I weight highest -- systemic governance impact, technical openness, and risk awareness. This carries high popularity risk -- it is well-known enough that name recognition could inflate perceived impact, so I have grounded my score in documented outcomes and technical architecture."
202,Pear by Holepunch,https://docs.holepunch.to,32.9,32.9,0,0.86,LOW,HIGH,criteria,"Pear by Holepunch serves developers, application creators, and having clearly identified beneficiaries makes impact assessment tractable in a way that vague 'for everyone' claims do not. Its criteria score of 32.9 tells me the project operates in a related space but does not deeply engage with the interpretability, safety, or open-governance priorities that shape my framework. The high popularity risk means I have been especially rigorous in separating documented evidence from reputation; a well-known name should earn its score on substance."
203,SecureDrop,https://securedrop.org,32.9,32.9,0,0.71,LOW,LOW,criteria,"Delivered as platform, app, SecureDrop has a concrete interface layer that real users interact with -- I prefer scoring tangible tools over white papers. The criteria score of 32.9 reflects limited alignment with my highest priorities: safety-conscious AI deployment, open public infrastructure, and evidence of systemic democratic impact. At this level I am essentially saying the project falls outside the scope of what a political technology award should prioritize, at least as I understand the criteria."
204,Tor Project,https://www.torproject.org,32.9,32.9,0,0.86,LOW,HIGH,criteria,"As a nonprofit/charity project, Tor Project operates with institutional backing that shapes both its sustainability and its independence -- two factors I weigh carefully. With 32.9 on criteria, this project occupies a lower tier -- it touches political technology but without the depth of open governance or risk-awareness I prioritize. High popularity risk is a factor I have compensated for -- the brand is strong, but my score reflects what the dossier evidence actually substantiates."
205,UK Housing Data Standards,https://hact.org.uk/tools-and-services/uk-housing-data-standards,32.9,32.9,0,0.86,LOW,HIGH,criteria,"UK Housing Data Standards -- sector-developed data standards for uk social housing to improve data governance, performance, and regulatory reporting -- is the kind of project I evaluate by asking whether its technical choices reflect the safety-first and open-by-default principles I apply at Coefficient.ai. A 32.9 criteria score means I found some civic relevance but limited evidence of the open architecture, participatory design, or safety-first approach I weight most. I flag high popularity risk here: this project's reputation may exceed what the evidence strictly supports, and I have tried to score on verifiable substance rather than brand recognition."
206,MP Twitter Bios,https://www.mptwitterbios.co.uk,32.3,25.3,7,0.86,LOW,LOW,criteria,"MP Twitter Bios makes replication materials available, lowering the barrier for other jurisdictions to adopt and adapt it -- this kind of transferability multiplies impact in a way I weight strongly. Criteria performance (25.3) places it in the lower portion of my ranking -- the connection to my core interests in AI safety, interpretability, and open public systems is tenuous. I hold this ranking with low confidence given the project's distance from my areas of expertise; it should be evaluated by someone closer to its core domain."
207,The Data Trusts Initiative,https://datatrusts.uk,32.2,32.2,0,0.86,LOW,HIGH,criteria,"As a organization, The Data Trusts Initiative falls into a category where I look for evidence of open architecture, measurable outcomes, and responsible AI integration. The 32.2 criteria score reflects that while this project exists in the civic technology space, it does not strongly engage with the open-infrastructure or safety-aware design principles I prioritize. The high popularity risk means I have been especially rigorous in separating documented evidence from reputation; a well-known name should earn its score on substance."
208,Data Observation Toolkit (DOT),https://github.com/datakind/data-observation-toolkit,31.4,31.4,0,0.86,LOW,HIGH,criteria,"Aligned with SDG 3, SDG 17, Data Observation Toolkit (DOT) frames its work within global development goals, though I evaluate primarily on technical architecture and governance rather than SDG labelling. At 31.4 on criteria, the project has civic purpose but scores modestly on the dimensions I weight highest -- systemic governance impact, technical openness, and risk awareness. I acknowledge high popularity risk: this project benefits from strong name recognition, and I have deliberately weighted measurable evidence over reputational halo."
209,DoNotPay,https://www.donotpay.com,31.4,31.4,0,0.71,LOW,LOW,criteria,"DoNotPay appears in academic literature, giving me peer-reviewed evidence to assess alongside its real-world deployment claims. Its criteria score of 31.4 tells me the project operates in a related space but does not deeply engage with the interpretability, safety, or open-governance priorities that shape my framework. This is not a reflection on the project's inherent value but rather on the poor fit between what it does and what I believe civic technology awards should highlight."
210,GrantNav,https://grantnav.threesixtygiving.org,31.4,31.4,0,0.71,LOW,MEDIUM,criteria,"GrantNav's mission -- search, explore and download grants data published by uk funders in the 360giving data standard -- resonates with my work building AI systems for UK government where interoperability is a daily challenge. The criteria score of 31.4 reflects limited alignment with my highest priorities: safety-conscious AI deployment, open public infrastructure, and evidence of systemic democratic impact. With moderate popularity risk, I have tried to assess substance over familiarity, weighting documented outcomes above general reputation."
211,Journal of Open Source Software,https://joss.theoj.org,31.4,31.4,0,0.86,LOW,LOW,criteria,"Journal of Open Source Software -- a developer friendly, open access journal for research software packages -- is the kind of project I evaluate by asking whether its technical choices reflect the safety-first and open-by-default principles I apply at Coefficient.ai. With 31.4 on criteria, this project occupies a lower tier -- it touches political technology but without the depth of open governance or risk-awareness I prioritize. I hold this ranking with low confidence given the project's distance from my areas of expertise; it should be evaluated by someone closer to its core domain."
212,Public Media Stack,https://publicmediastack.com,31.4,31.4,0,0.86,LOW,LOW,criteria,"Public Media Stack -- a curated research resource mapping software tools and technologies used across the public media workflow -- is the kind of project I evaluate by asking whether its technical choices reflect the safety-first and open-by-default principles I apply at Coefficient.ai. A 31.4 criteria score means I found some civic relevance but limited evidence of the open architecture, participatory design, or safety-first approach I weight most. The score reflects that political technology impact, as I define it through the lens of AI safety and open governance, is not this project's primary contribution."
213,Theft Bisect,https://onodi.co/bisect,31.4,31.4,0,0.86,LOW,LOW,criteria,"Theft Bisect claims documented policy outcomes including {'description': 'tool created to demonstrate to british transport police that binary search could make reviewing longer cctv footage feasible, challenging their two-hour footage review policy', 'link': none, 'year': 2025}, giving me something concrete to evaluate rather than aspirational promises. Criteria performance (31.4) places it in the lower portion of my ranking -- the connection to my core interests in AI safety, interpretability, and open public systems is tenuous. At this level I am essentially saying the project falls outside the scope of what a political technology award should prioritize, at least as I understand the criteria."
214,Who Posted What?,https://whopostedwhat.com,31.4,31.4,0,0.86,LOW,LOW,criteria,"Who Posted What? -- non-public facebook keyword search tool for researchers and public interest workers -- is the kind of project I evaluate by asking whether its technical choices reflect the safety-first and open-by-default principles I apply at Coefficient.ai. The 31.4 criteria score reflects that while this project exists in the civic technology space, it does not strongly engage with the open-infrastructure or safety-aware design principles I prioritize. This is not a reflection on the project's inherent value but rather on the poor fit between what it does and what I believe civic technology awards should highlight."
215,django-collaborative,https://github.com/propublica/django-collaborative,31.4,31.4,0,0.86,LOW,LOW,criteria,"With 100 GitHub stars and a fully open-source codebase, django-collaborative invites exactly the kind of external audit and interpretability I advocate for in all public-interest technology. At 31.4 on criteria, the project has civic purpose but scores modestly on the dimensions I weight highest -- systemic governance impact, technical openness, and risk awareness. This low ranking reflects domain distance rather than quality judgment -- the project may be valuable in its own right but does not intersect meaningfully with my evaluation criteria."
216,MP Watch,https://www.mpwatch.org,31.3,24.3,7,0.71,LOW,LOW,criteria,"MP Watch -- uniting people and politicians for climate action -- is the kind of project I evaluate by asking whether its technical choices reflect the safety-first and open-by-default principles I apply at Coefficient.ai. Its criteria score of 24.3 reflects the reality that not every technology project, even a useful one, has significant political technology impact as I define it. I hold this ranking with low confidence given the project's distance from my areas of expertise; it should be evaluated by someone closer to its core domain."
217,Aleph (OCCRP),https://aleph.occrp.org,31.2,31.2,0,0.86,LOW,LOW,criteria,"Running since 2014, Aleph (OCCRP) has survived multiple funding cycles and political shifts -- longevity in civic tech is rare and tells me something real about product-community fit. The criteria score of 31.2 reflects limited alignment with my highest priorities: safety-conscious AI deployment, open public infrastructure, and evidence of systemic democratic impact. The score reflects that political technology impact, as I define it through the lens of AI safety and open governance, is not this project's primary contribution."
218,Campaign Tracker,https://www.campaigntracker.nl/en,31.2,31.2,0,0.86,LOW,LOW,criteria,"Campaign Tracker publicly acknowledges its limitations (coverage limited to major parties and campaigns, data collection relies on public disclosures which vary in completeness, real-time data availability constraints), a practice I consider essential for responsible technology deployment. With 31.2 on criteria, this project occupies a lower tier -- it touches political technology but without the depth of open governance or risk-awareness I prioritize. At this level I am essentially saying the project falls outside the scope of what a political technology award should prioritize, at least as I understand the criteria."
219,OSINT Framework,https://osintframework.com,31.2,31.2,0,0.86,LOW,HIGH,criteria,"OSINT Framework -- a curated collection of free osint tools and resources for information gathering -- is the kind of project I evaluate by asking whether its technical choices reflect the safety-first and open-by-default principles I apply at Coefficient.ai. A 31.2 criteria score means I found some civic relevance but limited evidence of the open architecture, participatory design, or safety-first approach I weight most. High popularity risk is a factor I have compensated for -- the brand is strong, but my score reflects what the dossier evidence actually substantiates."
220,Charity Digital Skills Report,https://charitydigitalskills.co.uk,30.4,30.4,0,0.86,LOW,HIGH,criteria,"The project of larger org governance model at Charity Digital Skills Report tells me whether decisions about civic infrastructure are accountable -- and that governance-level analysis is where I start my evaluation. Criteria performance (30.4) places it in the lower portion of my ranking -- the connection to my core interests in AI safety, interpretability, and open public systems is tenuous. I flag high popularity risk here: this project's reputation may exceed what the evidence strictly supports, and I have tried to score on verifiable substance rather than brand recognition."
221,Shared Digital Guides,https://www.shareddigitalguides.org.uk,30.2,30.2,0,0.86,LOW,LOW,criteria,"Shared Digital Guides -- non-profit organisations share step-by-step guides to using digital tools for social good -- is the kind of project I evaluate by asking whether its technical choices reflect the safety-first and open-by-default principles I apply at Coefficient.ai. The 30.2 criteria score reflects that while this project exists in the civic technology space, it does not strongly engage with the open-infrastructure or safety-aware design principles I prioritize. I hold this ranking with low confidence given the project's distance from my areas of expertise; it should be evaluated by someone closer to its core domain."
222,The Circuit,https://thecircuit.cc,30.2,30.2,0,0.86,LOW,HIGH,criteria,"Backed by Robert R. McCormick Foundation, The Circuit has a funding trail I can inspect -- understanding who pays for public technology is part of my evaluation of alignment and sustainability. At 30.2 on criteria, the project has civic purpose but scores modestly on the dimensions I weight highest -- systemic governance impact, technical openness, and risk awareness. The high popularity risk means I have been especially rigorous in separating documented evidence from reputation; a well-known name should earn its score on substance."
223,Choose a License,https://choosealicense.com,29.8,29.8,0,0.86,LOW,HIGH,criteria,"Choose a License serves developers, open source contributors, software projects, and having clearly identified beneficiaries makes impact assessment tractable in a way that vague 'for everyone' claims do not. Its criteria score of 29.8 tells me the project operates in a related space but does not deeply engage with the interpretability, safety, or open-governance priorities that shape my framework. I acknowledge high popularity risk: this project benefits from strong name recognition, and I have deliberately weighted measurable evidence over reputational halo."
224,arXiv,https://arxiv.org,29.8,29.8,0,0.71,LOW,LOW,criteria,"Delivered as database, api, platform, arXiv has a concrete interface layer that real users interact with -- I prefer scoring tangible tools over white papers. The criteria score of 29.8 reflects limited alignment with my highest priorities: safety-conscious AI deployment, open public infrastructure, and evidence of systemic democratic impact. This is not a reflection on the project's inherent value but rather on the poor fit between what it does and what I believe civic technology awards should highlight."
225,Democracy Club Developer API,https://developers.democracyclub.org.uk/api/v1,29.2,29.2,0,0.86,LOW,HIGH,criteria,"As a nonprofit/charity project, Democracy Club Developer API operates with institutional backing that shapes both its sustainability and its independence -- two factors I weigh carefully. With 29.2 on criteria, this project occupies a lower tier -- it touches political technology but without the depth of open governance or risk-awareness I prioritize. I flag high popularity risk here: this project's reputation may exceed what the evidence strictly supports, and I have tried to score on verifiable substance rather than brand recognition."
226,GOV Reuse Library,https://dev.reuselibrary.service.justice.gov.uk,29.2,29.2,0,0.86,LOW,HIGH,criteria,"GOV Reuse Library -- find and reuse digital service elements - building public services together, one reusable block at a time -- is the kind of project I evaluate by asking whether its technical choices reflect the safety-first and open-by-default principles I apply at Coefficient.ai. A 29.2 criteria score means I found some civic relevance but limited evidence of the open architecture, participatory design, or safety-first approach I weight most. This carries high popularity risk -- it is well-known enough that name recognition could inflate perceived impact, so I have grounded my score in documented outcomes and technical architecture."
227,GOV.UK Pay,https://www.payments.service.gov.uk,29.2,29.2,0,0.71,LOW,LOW,criteria,"GOV.UK Pay -- a payment processing platform for uk public services -- is the kind of project I evaluate by asking whether its technical choices reflect the safety-first and open-by-default principles I apply at Coefficient.ai. Criteria performance (29.2) places it in the lower portion of my ranking -- the connection to my core interests in AI safety, interpretability, and open public systems is tenuous. The score reflects that political technology impact, as I define it through the lens of AI safety and open governance, is not this project's primary contribution."
228,GovWise,https://www.govwise.ai/en,29.2,29.2,0,0.71,LOW,LOW,criteria,"GovWise -- ai-powered platform for automating public procurement tender screening and bid management -- is the kind of project I evaluate by asking whether its technical choices reflect the safety-first and open-by-default principles I apply at Coefficient.ai. The 29.2 criteria score reflects that while this project exists in the civic technology space, it does not strongly engage with the open-infrastructure or safety-aware design principles I prioritize. At this level I am essentially saying the project falls outside the scope of what a political technology award should prioritize, at least as I understand the criteria."
229,River Sentiment Dashboard,https://riversentiment.app,29.2,29.2,0,0.86,LOW,LOW,criteria,"Aligned with SDG 6 – Clean Water and Sanitation, SDG 14 – Life Below Water, SDG 15 – Life on Land, River Sentiment Dashboard frames its work within global development goals, though I evaluate primarily on technical architecture and governance rather than SDG labelling. At 29.2 on criteria, the project has civic purpose but scores modestly on the dimensions I weight highest -- systemic governance impact, technical openness, and risk awareness. This is not a reflection on the project's inherent value but rather on the poor fit between what it does and what I believe civic technology awards should highlight."
230,Service Manual,https://www.gov.uk/service-manual,29.2,29.2,0,0.86,LOW,HIGH,criteria,"Service Manual -- guidance for uk government teams to create and run great public services meeting the service standard -- is the kind of project I evaluate by asking whether its technical choices reflect the safety-first and open-by-default principles I apply at Coefficient.ai. Its criteria score of 29.2 tells me the project operates in a related space but does not deeply engage with the interpretability, safety, or open-governance priorities that shape my framework. I flag high popularity risk here: this project's reputation may exceed what the evidence strictly supports, and I have tried to score on verifiable substance rather than brand recognition."
231,WardWatch,https://wardwatch.uk,29.0,29.0,0,0.71,LOW,LOW,criteria,"WardWatch's mission -- ai-powered deep research on councillor performance -- resonates with my work building AI systems for UK government where interoperability is a daily challenge. The criteria score of 29.0 reflects limited alignment with my highest priorities: safety-conscious AI deployment, open public infrastructure, and evidence of systemic democratic impact. I hold this ranking with low confidence given the project's distance from my areas of expertise; it should be evaluated by someone closer to its core domain."
232,Diia,https://expo.diia.gov.ua,28.4,28.4,0,0.71,LOW,LOW,criteria,"Diia -- ukraine's digital government ecosystem: mobile app, portal, and digital transformation projects -- is the kind of project I evaluate by asking whether its technical choices reflect the safety-first and open-by-default principles I apply at Coefficient.ai. With 28.4 on criteria, this project occupies a lower tier -- it touches political technology but without the depth of open governance or risk-awareness I prioritize. The score reflects that political technology impact, as I define it through the lens of AI safety and open governance, is not this project's primary contribution."
233,Fatebook,https://fatebook.io,28.4,28.4,0,0.71,LOW,MEDIUM,criteria,"Fatebook touches AI directly -- minimal - platform uses human forecasters, not ai predictions -- placing it squarely in the territory where my interpretability research tells me careful governance matters most. A 28.4 criteria score means I found some civic relevance but limited evidence of the open architecture, participatory design, or safety-first approach I weight most. I note moderate popularity risk and have calibrated accordingly, relying on technical and governance evidence rather than name recognition."
234,Pageviews Analysis,https://pageviews.wmcloud.org,28.4,28.4,0,0.86,LOW,HIGH,criteria,"Pageviews Analysis -- tool for analyzing and comparing pageview statistics across wikipedia articles -- is the kind of project I evaluate by asking whether its technical choices reflect the safety-first and open-by-default principles I apply at Coefficient.ai. Criteria performance (28.4) places it in the lower portion of my ranking -- the connection to my core interests in AI safety, interpretability, and open public systems is tenuous. High popularity risk is a factor I have compensated for -- the brand is strong, but my score reflects what the dossier evidence actually substantiates."
235,Public Editor,https://www.publiceditor.io,28.4,28.4,0,0.86,LOW,HIGH,criteria,"Public Editor -- platform for collaborative fact-checking and editorial transparency in journalism -- is the kind of project I evaluate by asking whether its technical choices reflect the safety-first and open-by-default principles I apply at Coefficient.ai. The 28.4 criteria score reflects that while this project exists in the civic technology space, it does not strongly engage with the open-infrastructure or safety-aware design principles I prioritize. I flag high popularity risk here: this project's reputation may exceed what the evidence strictly supports, and I have tried to score on verifiable substance rather than brand recognition."
236,Sugartrail,https://github.com/ribenamaplesyrup/sugartrail,28.4,28.4,0,0.71,LOW,MEDIUM,criteria,"Sugartrail -- network analysis and visualisation tool for exploring connections between companies, officers and addresses within uk companies house -- is the kind of project I evaluate by asking whether its technical choices reflect the safety-first and open-by-default principles I apply at Coefficient.ai. At 28.4 on criteria, the project has civic purpose but scores modestly on the dimensions I weight highest -- systemic governance impact, technical openness, and risk awareness. I note moderate popularity risk and have calibrated accordingly, relying on technical and governance evidence rather than name recognition."
237,Bluesky Social,https://github.com/bluesky-social,28.2,28.2,0,0.86,LOW,LOW,criteria,"Bluesky Social is genuinely community-owned, which distributes control in a way that mitigates the concentration-of-power risks I see as fundamental to safe civic technology. Its criteria score of 28.2 tells me the project operates in a related space but does not deeply engage with the interpretability, safety, or open-governance priorities that shape my framework. The score reflects that political technology impact, as I define it through the lens of AI safety and open governance, is not this project's primary contribution."
238,FixMyBlock,https://fixmyblock.org,28.2,28.2,0,0.71,LOW,LOW,criteria,"FixMyBlock -- tried and tested action guides for getting stuff fixed in your block -- is the kind of project I evaluate by asking whether its technical choices reflect the safety-first and open-by-default principles I apply at Coefficient.ai. The criteria score of 28.2 reflects limited alignment with my highest priorities: safety-conscious AI deployment, open public infrastructure, and evidence of systemic democratic impact. At this level I am essentially saying the project falls outside the scope of what a political technology award should prioritize, at least as I understand the criteria."
239,Full Fact AI,https://fullfact.org/ai,28.2,28.2,0,0.86,LOW,LOW,criteria,"Full Fact AI publicly acknowledges its limitations (language-dependent performance across different linguistic contexts, potential bias in training data affecting claim detection accuracy, limited transparency on algorithmic decision-making processes), a practice I consider essential for responsible technology deployment. With 28.2 on criteria, this project occupies a lower tier -- it touches political technology but without the depth of open governance or risk-awareness I prioritize. This is not a reflection on the project's inherent value but rather on the poor fit between what it does and what I believe civic technology awards should highlight."
240,Gapminder Worldview Upgrader,https://upgrader.gapminder.org,28.2,28.2,0,0.86,LOW,HIGH,criteria,"As a tool/platform, Gapminder Worldview Upgrader falls into a category where I look for evidence of open architecture, measurable outcomes, and responsible AI integration. A 28.2 criteria score means I found some civic relevance but limited evidence of the open architecture, participatory design, or safety-first approach I weight most. I flag high popularity risk here: this project's reputation may exceed what the evidence strictly supports, and I have tried to score on verifiable substance rather than brand recognition."
241,Journalist Studio,https://journaliststudio.google.com,28.2,28.2,0,0.86,LOW,LOW,criteria,"The project of larger org governance model at Journalist Studio tells me whether decisions about civic infrastructure are accountable -- and that governance-level analysis is where I start my evaluation. Criteria performance (28.2) places it in the lower portion of my ranking -- the connection to my core interests in AI safety, interpretability, and open public systems is tenuous. I hold this ranking with low confidence given the project's distance from my areas of expertise; it should be evaluated by someone closer to its core domain."
242,The Engine Room Library,https://library.theengineroom.org,28.2,28.2,0,0.86,LOW,LOW,criteria,"Recent commits (last: 2025-11-15) show The Engine Room Library is actively maintained, which matters enormously for any project I would endorse as production-grade civic infrastructure. The 28.2 criteria score reflects that while this project exists in the civic technology space, it does not strongly engage with the open-infrastructure or safety-aware design principles I prioritize. The score reflects that political technology impact, as I define it through the lens of AI safety and open governance, is not this project's primary contribution."
243,Unpaywall Browser Extension,https://unpaywall.org/products/extension,28.2,28.2,0,0.86,LOW,LOW,criteria,"Backed by Mellon Foundation, National Science Foundation, Unpaywall Browser Extension has a funding trail I can inspect -- understanding who pays for public technology is part of my evaluation of alignment and sustainability. At 28.2 on criteria, the project has civic purpose but scores modestly on the dimensions I weight highest -- systemic governance impact, technical openness, and risk awareness. At this level I am essentially saying the project falls outside the scope of what a political technology award should prioritize, at least as I understand the criteria."
244,Violation Tracker UK,https://violationtrackeruk.goodjobsfirst.org,28.2,28.2,0,0.86,LOW,HIGH,criteria,"Violation Tracker UK serves researchers, journalists, campaigners, and having clearly identified beneficiaries makes impact assessment tractable in a way that vague 'for everyone' claims do not. Its criteria score of 28.2 tells me the project operates in a related space but does not deeply engage with the interpretability, safety, or open-governance priorities that shape my framework. High popularity risk is a factor I have compensated for -- the brand is strong, but my score reflects what the dossier evidence actually substantiates."
245,Wikidata,https://www.wikidata.org,28.2,28.2,0,0.71,LOW,MEDIUM,criteria,"Delivered as database, api, platform, Wikidata has a concrete interface layer that real users interact with -- I prefer scoring tangible tools over white papers. The criteria score of 28.2 reflects limited alignment with my highest priorities: safety-conscious AI deployment, open public infrastructure, and evidence of systemic democratic impact. I note moderate popularity risk and have calibrated accordingly, relying on technical and governance evidence rather than name recognition."
246,Nym,https://nymtech.net,28.0,28.0,0,0.71,LOW,LOW,criteria,"As a for-profit/social enterprise project, Nym operates with institutional backing that shapes both its sustainability and its independence -- two factors I weigh carefully. With 28.0 on criteria, this project occupies a lower tier -- it touches political technology but without the depth of open governance or risk-awareness I prioritize. I hold this ranking with low confidence given the project's distance from my areas of expertise; it should be evaluated by someone closer to its core domain."
247,tracking-template-38b4c.web.app,https://tracking-template-38b4c.web.app,28,12.7,0,0.29,HIGH,NONE,underdog-protection,I have very limited information about this project (completeness 0.29). The low score reflects genuine uncertainty rather than a negative judgment -- I cannot rank what I cannot evaluate.
248,MyActionCenter,https://www.myaction.center,27.4,20.4,7,0.86,LOW,LOW,modifier,"MyActionCenter -- turn your supporters into an activist force through coordinated online actions and gamification -- is the kind of project I evaluate by asking whether its technical choices reflect the safety-first and open-by-default principles I apply at Coefficient.ai. A substantial modifier adjustment (+7) reflects that this project's structural commitments to openness and accountable governance punch above its criteria-level performance. At this level I am essentially saying the project falls outside the scope of what a political technology award should prioritize, at least as I understand the criteria."
249,WhatDoTheyKnow,https://www.whatdotheyknow.com,27.1,27.1,0,0.86,LOW,LOW,criteria,"WhatDoTheyKnow -- make freedom of information requests and see responses from uk public authorities -- is the kind of project I evaluate by asking whether its technical choices reflect the safety-first and open-by-default principles I apply at Coefficient.ai. The 27.1 criteria score reflects that while this project exists in the civic technology space, it does not strongly engage with the open-infrastructure or safety-aware design principles I prioritize. This is not a reflection on the project's inherent value but rather on the poor fit between what it does and what I believe civic technology awards should highlight."
250,Consent-O-Matic,https://github.com/cavi-au/consent-o-matic,26.7,26.7,0,0.86,LOW,LOW,criteria,"Aligned with SDG 16: Peace, Justice and Strong Institutions, Consent-O-Matic frames its work within global development goals, though I evaluate primarily on technical architecture and governance rather than SDG labelling. At 26.7 on criteria, the project has civic purpose but scores modestly on the dimensions I weight highest -- systemic governance impact, technical openness, and risk awareness. This low ranking reflects domain distance rather than quality judgment -- the project may be valuable in its own right but does not intersect meaningfully with my evaluation criteria."
251,Entitledto,https://entitledto.co.uk,26.5,26.5,0,0.71,LOW,MEDIUM,criteria,"Entitledto -- free online benefits calculator helping uk citizens understand welfare entitlements -- is the kind of project I evaluate by asking whether its technical choices reflect the safety-first and open-by-default principles I apply at Coefficient.ai. Its criteria score of 26.5 tells me the project operates in a related space but does not deeply engage with the interpretability, safety, or open-governance priorities that shape my framework. I note moderate popularity risk and have calibrated accordingly, relying on technical and governance evidence rather than name recognition."
252,DAO Governance Surfaces,https://github.com/notchia/dao-governance-surfaces,26.1,26.1,0,0.86,LOW,LOW,criteria,"DAO Governance Surfaces's mission -- extract and label the governance surface of a set of dao smart contracts -- resonates with my work building AI systems for UK government where interoperability is a daily challenge. The criteria score of 26.1 reflects limited alignment with my highest priorities: safety-conscious AI deployment, open public infrastructure, and evidence of systemic democratic impact. The score reflects that political technology impact, as I define it through the lens of AI safety and open governance, is not this project's primary contribution."
253,Global Fact-Check Bot (GFC),https://globalfactcheck.bot,25.9,25.9,0,0.86,LOW,LOW,criteria,"As a tool/platform, Global Fact-Check Bot (GFC) falls into a category where I look for evidence of open architecture, measurable outcomes, and responsible AI integration. With 25.9 on criteria, this project occupies a lower tier -- it touches political technology but without the depth of open governance or risk-awareness I prioritize. At this level I am essentially saying the project falls outside the scope of what a political technology award should prioritize, at least as I understand the criteria."
254,CKAN,https://ckan.org,25.5,25.5,0,0.71,LOW,MEDIUM,criteria,"CKAN touches AI directly -- minimal - ckan is a data management platform; some instances may use ai for data discovery or classification, but not core functionality -- placing it squarely in the territory where my interpretability research tells me careful governance matters most. A 25.5 criteria score means I found some civic relevance but limited evidence of the open architecture, participatory design, or safety-first approach I weight most. I note moderate popularity risk and have calibrated accordingly, relying on technical and governance evidence rather than name recognition."
255,whatsmeow,https://github.com/tulir/whatsmeow,25.5,25.5,0,0.43,MEDIUM,NONE,criteria,"whatsmeow -- go library for the whatsapp web multidevice api -- is the kind of project I evaluate by asking whether its technical choices reflect the safety-first and open-by-default principles I apply at Coefficient.ai. Criteria performance (25.5) places it in the lower portion of my ranking -- the connection to my core interests in AI safety, interpretability, and open public systems is tenuous. With completeness at only 0.43, I am genuinely uncertain about this ranking -- more evidence could move it significantly in either direction."
256,Digital Account Management Toolkit,https://digitalcharitylab.org/product/digital-account-management-toolkit,25.3,25.3,0,0.86,LOW,LOW,criteria,"Digital Account Management Toolkit -- free resource to help nonprofits manage social media and digital accounts securely and prevent account lockouts -- is the kind of project I evaluate by asking whether its technical choices reflect the safety-first and open-by-default principles I apply at Coefficient.ai. The 25.3 criteria score reflects that while this project exists in the civic technology space, it does not strongly engage with the open-infrastructure or safety-aware design principles I prioritize. I hold this ranking with low confidence given the project's distance from my areas of expertise; it should be evaluated by someone closer to its core domain."
257,GlobaLeaks,https://www.globaleaks.org,25.3,25.3,0,0.71,LOW,LOW,criteria,"With 1600 GitHub stars and a fully open-source codebase, GlobaLeaks invites exactly the kind of external audit and interpretability I advocate for in all public-interest technology. At 25.3 on criteria, the project has civic purpose but scores modestly on the dimensions I weight highest -- systemic governance impact, technical openness, and risk awareness. The score reflects that political technology impact, as I define it through the lens of AI safety and open governance, is not this project's primary contribution."
258,OpenAudience,https://openaudience.org,25.3,25.3,0,0.86,LOW,HIGH,criteria,"OpenAudience -- understand your audience using open data by analyzing postcodes and output areas -- is the kind of project I evaluate by asking whether its technical choices reflect the safety-first and open-by-default principles I apply at Coefficient.ai. Its criteria score of 25.3 tells me the project operates in a related space but does not deeply engage with the interpretability, safety, or open-governance priorities that shape my framework. I acknowledge high popularity risk: this project benefits from strong name recognition, and I have deliberately weighted measurable evidence over reputational halo."
259,OpenOrigins,https://www.openorigins.com,25.3,25.3,0,0.86,LOW,LOW,criteria,"OpenOrigins -- the trust layer for a verified internet -- is the kind of project I evaluate by asking whether its technical choices reflect the safety-first and open-by-default principles I apply at Coefficient.ai. The criteria score of 25.3 reflects limited alignment with my highest priorities: safety-conscious AI deployment, open public infrastructure, and evidence of systemic democratic impact. This is not a reflection on the project's inherent value but rather on the poor fit between what it does and what I believe civic technology awards should highlight."
260,Riseup,https://riseup.net,25.3,25.3,0,0.71,LOW,LOW,criteria,"Riseup publicly acknowledges its limitations (service disruptions documented (network switch outage may 2021, scheduled outages), limited scalability as volunteer-run operation), a practice I consider essential for responsible technology deployment. With 25.3 on criteria, this project occupies a lower tier -- it touches political technology but without the depth of open governance or risk-awareness I prioritize. This low ranking reflects domain distance rather than quality judgment -- the project may be valuable in its own right but does not intersect meaningfully with my evaluation criteria."
261,Schema.org,https://schema.org,25.3,25.3,0,0.43,MEDIUM,NONE,criteria,"As a publication, Schema.org falls into a category where I look for evidence of open architecture, measurable outcomes, and responsible AI integration. A 25.3 criteria score means I found some civic relevance but limited evidence of the open architecture, participatory design, or safety-first approach I weight most. With completeness at only 0.43, I am genuinely uncertain about this ranking -- more evidence could move it significantly in either direction."
262,Shareyourpaper.org,https://shareyourpaper.org,25.3,25.3,0,0.86,LOW,LOW,criteria,"The project of larger org governance model at Shareyourpaper.org tells me whether decisions about civic infrastructure are accountable -- and that governance-level analysis is where I start my evaluation. Criteria performance (25.3) places it in the lower portion of my ranking -- the connection to my core interests in AI safety, interpretability, and open public systems is tenuous. The score reflects that political technology impact, as I define it through the lens of AI safety and open governance, is not this project's primary contribution."
263,Whoisology,https://whoisology.com,25.3,25.3,0,0.71,LOW,MEDIUM,criteria,"Whoisology -- billions of archived domain name whois records searchable and cross-referenced for reverse lookups -- is the kind of project I evaluate by asking whether its technical choices reflect the safety-first and open-by-default principles I apply at Coefficient.ai. The 25.3 criteria score reflects that while this project exists in the civic technology space, it does not strongly engage with the open-infrastructure or safety-aware design principles I prioritize. I note moderate popularity risk and have calibrated accordingly, relying on technical and governance evidence rather than name recognition."
264,Kagi SlopStop,https://blog.kagi.com/slopstop,25.1,25.1,0,0.86,LOW,LOW,criteria,"Backed by Kagi Inc. (self-funded through subscription revenue), Kagi SlopStop has a funding trail I can inspect -- understanding who pays for public technology is part of my evaluation of alignment and sustainability. At 25.1 on criteria, the project has civic purpose but scores modestly on the dimensions I weight highest -- systemic governance impact, technical openness, and risk awareness. This is not a reflection on the project's inherent value but rather on the poor fit between what it does and what I believe civic technology awards should highlight."
265,PolicyMogul,https://policymogul.com,25.1,25.1,0,0.86,LOW,LOW,criteria,"PolicyMogul serves public affairs professionals, advocates, and having clearly identified beneficiaries makes impact assessment tractable in a way that vague 'for everyone' claims do not. Its criteria score of 25.1 tells me the project operates in a related space but does not deeply engage with the interpretability, safety, or open-governance priorities that shape my framework. This low ranking reflects domain distance rather than quality judgment -- the project may be valuable in its own right but does not intersect meaningfully with my evaluation criteria."
266,Spacetube,https://spacetu.be,25.1,25.1,0,0.71,LOW,MEDIUM,criteria,"Delivered as platform, app, Spacetube has a concrete interface layer that real users interact with -- I prefer scoring tangible tools over white papers. The criteria score of 25.1 reflects limited alignment with my highest priorities: safety-conscious AI deployment, open public infrastructure, and evidence of systemic democratic impact. I note moderate popularity risk and have calibrated accordingly, relying on technical and governance evidence rather than name recognition."
267,UK Policy Dojo,https://github.com/mikekelly/policy-dojo,25.1,25.1,0,0.86,LOW,LOW,criteria,"As a grassroots/indie project, UK Policy Dojo operates with institutional backing that shapes both its sustainability and its independence -- two factors I weigh carefully. With 25.1 on criteria, this project occupies a lower tier -- it touches political technology but without the depth of open governance or risk-awareness I prioritize. The score reflects that political technology impact, as I define it through the lens of AI safety and open governance, is not this project's primary contribution."
268,Labour Xchange,https://labourxchange.uk,24.5,24.5,0,0.86,LOW,HIGH,criteria,"Labour Xchange -- a fair work platform connecting underemployed and flexible workers with employers -- is the kind of project I evaluate by asking whether its technical choices reflect the safety-first and open-by-default principles I apply at Coefficient.ai. A criteria score of 24.5 signals that this project, whatever its merits in its own domain, is distant from the intersection of AI safety, open infrastructure, and democratic governance where I focus. I acknowledge high popularity risk: this project benefits from strong name recognition, and I have deliberately weighted measurable evidence over reputational halo."
269,The Government Says,https://thegovernmentsays.com,24.5,24.5,0,0.86,LOW,HIGH,criteria,"The Government Says makes replication materials available, lowering the barrier for other jurisdictions to adopt and adapt it -- this kind of transferability multiplies impact in a way I weight strongly. Criteria performance at 24.5 is low because the project does not engage meaningfully with open public architecture, AI governance, or the participatory design principles central to my framework. High popularity risk is a factor I have compensated for -- the brand is strong, but my score reflects what the dossier evidence actually substantiates."
270,Landlord Tech Watch,https://antievictionmappingproject.github.io/landlordtech,24.3,24.3,0,0.86,LOW,HIGH,criteria,"As a database, Landlord Tech Watch falls into a category where I look for evidence of open architecture, measurable outcomes, and responsible AI integration. The 24.3 criteria result reflects genuine distance from my evaluation priorities rather than a judgment of the project's overall quality in its own field. I flag high popularity risk here: this project's reputation may exceed what the evidence strictly supports, and I have tried to score on verifiable substance rather than brand recognition."
271,Sci-Hub,https://sci-hub.se,24.3,24.3,0,0.71,LOW,LOW,criteria,"Aligned with SDG 4 – Quality Education, SDG 16 – Peace, Justice and Strong Institutions, Sci-Hub frames its work within global development goals, though I evaluate primarily on technical architecture and governance rather than SDG labelling. At 24.3 on criteria, the evidence available does not support a strong connection to safety-aware civic technology, open data infrastructure, or participatory governance. I hold this ranking with low confidence given the project's distance from my areas of expertise; it should be evaluated by someone closer to its core domain."
272,DISARM Frameworks,https://github.com/disarmfoundation/disarmframeworks,23.5,23.5,0,0.86,LOW,HIGH,criteria,"DISARM Frameworks -- master copies of the disarm disinformation ttp frameworks for describing and countering disinformation incidents -- is the kind of project I evaluate by asking whether its technical choices reflect the safety-first and open-by-default principles I apply at Coefficient.ai. Its criteria score of 23.5 reflects the reality that not every technology project, even a useful one, has significant political technology impact as I define it. The high popularity risk means I have been especially rigorous in separating documented evidence from reputation; a well-known name should earn its score on substance."
273,Filmot,https://filmot.com,23.5,23.5,0,0.71,LOW,LOW,criteria,"Filmot's mission -- search in youtube captions and subtitles -- resonates with my work building AI systems for UK government where interoperability is a daily challenge. The low criteria score (23.5) reflects that this project falls largely outside the domains where I have expertise and conviction -- AI governance, open infrastructure, and participatory democracy. At this level I am essentially saying the project falls outside the scope of what a political technology award should prioritize, at least as I understand the criteria."
274,Give Food,https://www.givefood.org.uk,23.5,23.5,0,0.71,LOW,MEDIUM,criteria,"Give Food -- uk charity using data to highlight and alleviate local food insecurity -- is the kind of project I evaluate by asking whether its technical choices reflect the safety-first and open-by-default principles I apply at Coefficient.ai. With only 23.5 on criteria, I found minimal overlap with the safety-first public technology, open governance, and systemic-risk concerns that define my evaluation priorities. There is some popularity bias risk I have accounted for; my score reflects the dossier evidence more than the project's broader visibility."
275,Humble Data Workshop,https://humbledata.org,23.5,23.5,0,0.86,LOW,HIGH,criteria,"Humble Data Workshop -- free data science and python workshops for underrepresented groups in tech -- is the kind of project I evaluate by asking whether its technical choices reflect the safety-first and open-by-default principles I apply at Coefficient.ai. A criteria score of 23.5 signals that this project, whatever its merits in its own domain, is distant from the intersection of AI safety, open infrastructure, and democratic governance where I focus. I flag high popularity risk here: this project's reputation may exceed what the evidence strictly supports, and I have tried to score on verifiable substance rather than brand recognition."
276,In the news,https://en.wikipedia.org/wiki/wikipedia:in_the_news,23.5,23.5,0,0.86,LOW,HIGH,criteria,"In the news -- section of the main page directing readers to articles substantially updated to reflect recent or current events of wide interest -- is the kind of project I evaluate by asking whether its technical choices reflect the safety-first and open-by-default principles I apply at Coefficient.ai. Criteria performance at 23.5 is low because the project does not engage meaningfully with open public architecture, AI governance, or the participatory design principles central to my framework. This carries high popularity risk -- it is well-known enough that name recognition could inflate perceived impact, so I have grounded my score in documented outcomes and technical architecture."
277,Prolific,https://www.prolific.com,23.5,23.5,0,0.71,LOW,LOW,criteria,"Prolific -- easily collect high-quality data from real people -- is the kind of project I evaluate by asking whether its technical choices reflect the safety-first and open-by-default principles I apply at Coefficient.ai. The 23.5 criteria result reflects genuine distance from my evaluation priorities rather than a judgment of the project's overall quality in its own field. The score reflects that political technology impact, as I define it through the lens of AI safety and open governance, is not this project's primary contribution."
278,Registers and collaboration: making lists we can trust,https://theodi.org/insights/reports/registers-and-collaboration-making-lists-we-can-trust-report,23.5,23.5,0,0.86,LOW,HIGH,criteria,"Registers and collaboration: making lists we can trust -- a report examining models of stewarding registers and the importance of transparency and collaboration in managing trusted lists -- is the kind of project I evaluate by asking whether its technical choices reflect the safety-first and open-by-default principles I apply at Coefficient.ai. At 23.5 on criteria, the evidence available does not support a strong connection to safety-aware civic technology, open data infrastructure, or participatory governance. I acknowledge high popularity risk: this project benefits from strong name recognition, and I have deliberately weighted measurable evidence over reputational halo."
279,GOV.UK Forms,https://www.forms.service.gov.uk,23.3,23.3,0,0.86,LOW,HIGH,criteria,"GOV.UK Forms -- create accessible online forms for uk government without technical knowledge -- is the kind of project I evaluate by asking whether its technical choices reflect the safety-first and open-by-default principles I apply at Coefficient.ai. Its criteria score of 23.3 reflects the reality that not every technology project, even a useful one, has significant political technology impact as I define it. High popularity risk is a factor I have compensated for -- the brand is strong, but my score reflects what the dossier evidence actually substantiates."
280,GreenPT,https://greenpt.ai,23.3,23.3,0,0.71,LOW,LOW,criteria,"GreenPT -- sustainable and privacy-friendly ai chat platform powered by renewable energy and hosted in europe -- is the kind of project I evaluate by asking whether its technical choices reflect the safety-first and open-by-default principles I apply at Coefficient.ai. The low criteria score (23.3) reflects that this project falls largely outside the domains where I have expertise and conviction -- AI governance, open infrastructure, and participatory democracy. This low ranking reflects domain distance rather than quality judgment -- the project may be valuable in its own right but does not intersect meaningfully with my evaluation criteria."
281,ORCID,https://orcid.org,23.3,23.3,0,0.71,LOW,LOW,criteria,"ORCID publicly acknowledges its limitations (javascript required to access platform, adoption varies by discipline and geography), a practice I consider essential for responsible technology deployment. With only 23.3 on criteria, I found minimal overlap with the safety-first public technology, open governance, and systemic-risk concerns that define my evaluation priorities. I hold this ranking with low confidence given the project's distance from my areas of expertise; it should be evaluated by someone closer to its core domain."
282,Watch Duty,https://www.watchduty.org,22.9,22.9,0,0.71,LOW,LOW,criteria,"Watch Duty -- real-time wildfire maps and alerts powered by volunteer first responders -- is the kind of project I evaluate by asking whether its technical choices reflect the safety-first and open-by-default principles I apply at Coefficient.ai. A criteria score of 22.9 signals that this project, whatever its merits in its own domain, is distant from the intersection of AI safety, open infrastructure, and democratic governance where I focus. The score reflects that political technology impact, as I define it through the lens of AI safety and open governance, is not this project's primary contribution."
283,Privacy Badger,https://privacybadger.org,22.5,22.5,0,0.86,LOW,LOW,criteria,"The Maintained by EFF staff; open source contributions accepted via GitHub governance model at Privacy Badger tells me whether decisions about civic infrastructure are accountable -- and that governance-level analysis is where I start my evaluation. Criteria performance at 22.5 is low because the project does not engage meaningfully with open public architecture, AI governance, or the participatory design principles central to my framework. At this level I am essentially saying the project falls outside the scope of what a political technology award should prioritize, at least as I understand the criteria."
284,Abstract Wikipedia,https://meta.wikimedia.org/wiki/abstract_wikipedia,22.4,22.4,0,0.86,LOW,HIGH,criteria,"Recent commits (last: 2025-12-15) show Abstract Wikipedia is actively maintained, which matters enormously for any project I would endorse as production-grade civic infrastructure. The 22.4 criteria result reflects genuine distance from my evaluation priorities rather than a judgment of the project's overall quality in its own field. High popularity risk is a factor I have compensated for -- the brand is strong, but my score reflects what the dossier evidence actually substantiates."
285,Citizens Advice Tableau Public Profile,https://public.tableau.com/app/profile/citizensadvice/vizzes,22.4,22.4,0,0.86,LOW,HIGH,criteria,"Backed by Citizens Advice (parent organization), Citizens Advice Tableau Public Profile has a funding trail I can inspect -- understanding who pays for public technology is part of my evaluation of alignment and sustainability. At 22.4 on criteria, the evidence available does not support a strong connection to safety-aware civic technology, open data infrastructure, or participatory governance. I flag high popularity risk here: this project's reputation may exceed what the evidence strictly supports, and I have tried to score on verifiable substance rather than brand recognition."
286,Nyaaya,https://nyaaya.org,22.4,22.4,0,0.71,LOW,LOW,criteria,"Nyaaya serves general public, women, children, and having clearly identified beneficiaries makes impact assessment tractable in a way that vague 'for everyone' claims do not. Its criteria score of 22.4 reflects the reality that not every technology project, even a useful one, has significant political technology impact as I define it. I hold this ranking with low confidence given the project's distance from my areas of expertise; it should be evaluated by someone closer to its core domain."
287,Teaching Public Service in the Digital Age,https://www.teachingpublicservice.digital,22.4,22.4,0,0.86,LOW,HIGH,criteria,"Delivered as course, database, report, Teaching Public Service in the Digital Age has a concrete interface layer that real users interact with -- I prefer scoring tangible tools over white papers. The low criteria score (22.4) reflects that this project falls largely outside the domains where I have expertise and conviction -- AI governance, open infrastructure, and participatory democracy. The high popularity risk means I have been especially rigorous in separating documented evidence from reputation; a well-known name should earn its score on substance."
288,Membership,https://medium.com/@abscond/membership-a-prototype-ea822b2683b,22.2,22.2,0,0.71,LOW,LOW,criteria,"As a grassroots/indie project, Membership operates with institutional backing that shapes both its sustainability and its independence -- two factors I weigh carefully. With only 22.2 on criteria, I found minimal overlap with the safety-first public technology, open governance, and systemic-risk concerns that define my evaluation priorities. At this level I am essentially saying the project falls outside the scope of what a political technology award should prioritize, at least as I understand the criteria."
289,Frankenstein Bill,https://gordonguthrie.github.io/frankensteinbill,21.4,21.4,0,0.86,LOW,HIGH,criteria,"Frankenstein Bill -- a dummy parliamentary bill collecting and explaining potential speedbumps for government software development and digitally-enabled service design -- is the kind of project I evaluate by asking whether its technical choices reflect the safety-first and open-by-default principles I apply at Coefficient.ai. A criteria score of 21.4 signals that this project, whatever its merits in its own domain, is distant from the intersection of AI safety, open infrastructure, and democratic governance where I focus. High popularity risk is a factor I have compensated for -- the brand is strong, but my score reflects what the dossier evidence actually substantiates."
290,Missing Numbers,https://missingnumbers.org,21.4,21.4,0,0.86,LOW,HIGH,criteria,"Missing Numbers -- investigates and campaigns to close important gaps in uk public data -- is the kind of project I evaluate by asking whether its technical choices reflect the safety-first and open-by-default principles I apply at Coefficient.ai. Criteria performance at 21.4 is low because the project does not engage meaningfully with open public architecture, AI governance, or the participatory design principles central to my framework. I flag high popularity risk here: this project's reputation may exceed what the evidence strictly supports, and I have tried to score on verifiable substance rather than brand recognition."
291,PoliMonitor,https://www.polimonitor.com,21.4,21.4,0,0.86,LOW,HIGH,criteria,"PoliMonitor -- political monitoring service enabling organisations to understand, engage and shape political discussions -- is the kind of project I evaluate by asking whether its technical choices reflect the safety-first and open-by-default principles I apply at Coefficient.ai. The 21.4 criteria result reflects genuine distance from my evaluation priorities rather than a judgment of the project's overall quality in its own field. This carries high popularity risk -- it is well-known enough that name recognition could inflate perceived impact, so I have grounded my score in documented outcomes and technical architecture."
292,Dovetail,https://dovetail.network,20.6,20.6,0,0.71,LOW,LOW,criteria,"Aligned with SDG 16 – Peace, Justice and Strong Institutions, SDG 17 – Partnerships for the Goals, Dovetail frames its work within global development goals, though I evaluate primarily on technical architecture and governance rather than SDG labelling. At 20.6 on criteria, the evidence available does not support a strong connection to safety-aware civic technology, open data infrastructure, or participatory governance. The score reflects that political technology impact, as I define it through the lens of AI safety and open governance, is not this project's primary contribution."
293,Ladder Hub,https://ladderhub.org,20.6,20.6,0,0.71,LOW,LOW,criteria,"Ladder Hub appears in academic literature, giving me peer-reviewed evidence to assess alongside its real-world deployment claims. Its criteria score of 20.6 reflects the reality that not every technology project, even a useful one, has significant political technology impact as I define it. At this level I am essentially saying the project falls outside the scope of what a political technology award should prioritize, at least as I understand the criteria."
294,Snowdrift.coop,https://snowdrift.coop,20.6,20.6,0,0.86,LOW,HIGH,criteria,"Snowdrift.coop's mission -- crowdmatching for public goods -- resonates with my work building AI systems for UK government where interoperability is a daily challenge. The low criteria score (20.6) reflects that this project falls largely outside the domains where I have expertise and conviction -- AI governance, open infrastructure, and participatory democracy. High popularity risk is a factor I have compensated for -- the brand is strong, but my score reflects what the dossier evidence actually substantiates."
295,The Guide to Major Trusts 2025/26,https://www.dsc.org.uk/publication/the-guide-to-major-trusts-2025-26,20.6,20.6,0,0.86,LOW,HIGH,criteria,"The Guide to Major Trusts 2025/26 -- uk's definitive directory of over 1,000 largest grant-makers awarding £7.23 billion annually -- is the kind of project I evaluate by asking whether its technical choices reflect the safety-first and open-by-default principles I apply at Coefficient.ai. With only 20.6 on criteria, I found minimal overlap with the safety-first public technology, open governance, and systemic-risk concerns that define my evaluation priorities. I flag high popularity risk here: this project's reputation may exceed what the evidence strictly supports, and I have tried to score on verifiable substance rather than brand recognition."
296,WorkInCharities,https://www.workincharities.co.uk,20.6,20.6,0,0.86,LOW,HIGH,criteria,"WorkInCharities -- job board platform connecting charity and nonprofit sector workers with employment opportunities -- is the kind of project I evaluate by asking whether its technical choices reflect the safety-first and open-by-default principles I apply at Coefficient.ai. A criteria score of 20.6 signals that this project, whatever its merits in its own domain, is distant from the intersection of AI safety, open infrastructure, and democratic governance where I focus. This carries high popularity risk -- it is well-known enough that name recognition could inflate perceived impact, so I have grounded my score in documented outcomes and technical architecture."
297,semanticClimate,https://semanticclimate.github.io,20.6,20.6,0,0.86,LOW,LOW,criteria,"semanticClimate -- semantic search and analysis of climate science literature -- is the kind of project I evaluate by asking whether its technical choices reflect the safety-first and open-by-default principles I apply at Coefficient.ai. Criteria performance at 20.6 is low because the project does not engage meaningfully with open public architecture, AI governance, or the participatory design principles central to my framework. The score reflects that political technology impact, as I define it through the lens of AI safety and open governance, is not this project's primary contribution."
298,soweego,https://soweego.readthedocs.io,20.6,20.6,0,0.71,LOW,MEDIUM,criteria,soweego -- link wikidata to large catalogs -- is the kind of project I evaluate by asking whether its technical choices reflect the safety-first and open-by-default principles I apply at Coefficient.ai. The 20.6 criteria result reflects genuine distance from my evaluation priorities rather than a judgment of the project's overall quality in its own field. There is some popularity bias risk I have accounted for; my score reflects the dossier evidence more than the project's broader visibility.
299,ClimateAction.Tech,https://climateaction.tech,20.4,20.4,0,0.86,LOW,LOW,criteria,"With 2100 GitHub stars and a fully open-source codebase, ClimateAction.Tech invites exactly the kind of external audit and interpretability I advocate for in all public-interest technology. At 20.4 on criteria, the evidence available does not support a strong connection to safety-aware civic technology, open data infrastructure, or participatory governance. This is not a reflection on the project's inherent value but rather on the poor fit between what it does and what I believe civic technology awards should highlight."
300,Consciousness Evolution Operating System (ConSoc),https://www.consoc.io,20.4,20.4,0,0.57,MEDIUM,MEDIUM,criteria,"Consciousness Evolution Operating System (ConSoc) -- feel symbiotic cooperation -- is the kind of project I evaluate by asking whether its technical choices reflect the safety-first and open-by-default principles I apply at Coefficient.ai. Its criteria score of 20.4 reflects the reality that not every technology project, even a useful one, has significant political technology impact as I define it. With moderate popularity risk, I have tried to assess substance over familiarity, weighting documented outcomes above general reputation."
301,GOV.UK Notify,https://www.notifications.service.gov.uk,20.4,20.4,0,0.86,LOW,HIGH,criteria,"Running since 2015, GOV.UK Notify has survived multiple funding cycles and political shifts -- longevity in civic tech is rare and tells me something real about product-community fit. The low criteria score (20.4) reflects that this project falls largely outside the domains where I have expertise and conviction -- AI governance, open infrastructure, and participatory democracy. This carries high popularity risk -- it is well-known enough that name recognition could inflate perceived impact, so I have grounded my score in documented outcomes and technical architecture."
302,Humanitarian Data Exchange,https://data.humdata.org,20.4,20.4,0,0.86,LOW,HIGH,criteria,"Humanitarian Data Exchange publicly acknowledges its limitations (data quality varies by contributing organization, limited coverage in some regions with limited internet connectivity, dependency on voluntary data contributions), a practice I consider essential for responsible technology deployment. With only 20.4 on criteria, I found minimal overlap with the safety-first public technology, open governance, and systemic-risk concerns that define my evaluation priorities. The high popularity risk means I have been especially rigorous in separating documented evidence from reputation; a well-known name should earn its score on substance."
303,PatCit,https://github.com/cverluise/patcit,20.4,20.4,0,0.71,LOW,LOW,criteria,"PatCit -- making patent citations uncool again — a comprehensive dataset of structured patent citations -- is the kind of project I evaluate by asking whether its technical choices reflect the safety-first and open-by-default principles I apply at Coefficient.ai. A criteria score of 20.4 signals that this project, whatever its merits in its own domain, is distant from the intersection of AI safety, open infrastructure, and democratic governance where I focus. At this level I am essentially saying the project falls outside the scope of what a political technology award should prioritize, at least as I understand the criteria."
304,Public AI Inference Utility,https://publicai.co,20.4,20.4,0,0.86,LOW,LOW,criteria,"The foundation governance model at Public AI Inference Utility tells me whether decisions about civic infrastructure are accountable -- and that governance-level analysis is where I start my evaluation. Criteria performance at 20.4 is low because the project does not engage meaningfully with open public architecture, AI governance, or the participatory design principles central to my framework. This is not a reflection on the project's inherent value but rather on the poor fit between what it does and what I believe civic technology awards should highlight."
305,Radicle,https://radicle.xyz,20.4,20.4,0,0.71,LOW,MEDIUM,criteria,"Radicle -- a sovereign, peer-to-peer code forge built on git -- is the kind of project I evaluate by asking whether its technical choices reflect the safety-first and open-by-default principles I apply at Coefficient.ai. The 20.4 criteria result reflects genuine distance from my evaluation priorities rather than a judgment of the project's overall quality in its own field. I note moderate popularity risk and have calibrated accordingly, relying on technical and governance evidence rather than name recognition."
306,Yoti,https://www.yoti.com,20.4,20.4,0,0.71,LOW,LOW,criteria,"Backed by Founders Factory, Kindred Ventures, Idinvest Partners, Yoti has a funding trail I can inspect -- understanding who pays for public technology is part of my evaluation of alignment and sustainability. At 20.4 on criteria, the evidence available does not support a strong connection to safety-aware civic technology, open data infrastructure, or participatory governance. I hold this ranking with low confidence given the project's distance from my areas of expertise; it should be evaluated by someone closer to its core domain."
307,Responsible Tech Guide 2025,https://alltechishuman.org/responsible-tech-guide-2025,20.2,20.2,0,0.86,LOW,LOW,criteria,"Responsible Tech Guide 2025 serves technologists, policymakers, researchers, and having clearly identified beneficiaries makes impact assessment tractable in a way that vague 'for everyone' claims do not. Its criteria score of 20.2 reflects the reality that not every technology project, even a useful one, has significant political technology impact as I define it. The score reflects that political technology impact, as I define it through the lens of AI safety and open governance, is not this project's primary contribution."
308,Conservative Party Funding,https://conservativepartyfunding.co.uk,18.6,18.6,0,0.86,LOW,LOW,criteria,"Delivered as database, platform, Conservative Party Funding has a concrete interface layer that real users interact with -- I prefer scoring tangible tools over white papers. The low criteria score (18.6) reflects that this project falls largely outside the domains where I have expertise and conviction -- AI governance, open infrastructure, and participatory democracy. At this level I am essentially saying the project falls outside the scope of what a political technology award should prioritize, at least as I understand the criteria."
309,FarmerChat,https://farmerchat.digitalgreen.org,15.7,15.7,0,0.71,LOW,LOW,criteria,"As a nonprofit/charity project, FarmerChat operates with institutional backing that shapes both its sustainability and its independence -- two factors I weigh carefully. With only 15.7 on criteria, I found minimal overlap with the safety-first public technology, open governance, and systemic-risk concerns that define my evaluation priorities. This is not a reflection on the project's inherent value but rather on the poor fit between what it does and what I believe civic technology awards should highlight."
310,The Decelerator,https://decelerator.org.uk,15.7,15.7,0,0.86,LOW,HIGH,criteria,"The Decelerator -- a free support service for civil society organisations facing endings — closures, mergers, leadership transitions, and programme ends -- is the kind of project I evaluate by asking whether its technical choices reflect the safety-first and open-by-default principles I apply at Coefficient.ai. A criteria score of 15.7 signals that this project, whatever its merits in its own domain, is distant from the intersection of AI safety, open infrastructure, and democratic governance where I focus. I flag high popularity risk here: this project's reputation may exceed what the evidence strictly supports, and I have tried to score on verifiable substance rather than brand recognition."
311,Society for Hopeful Technologists,https://societyforhopefultechnologists.org,15.4,20.4,-5,0.86,LOW,LOW,criteria,"Society for Hopeful Technologists -- for everyone who wants technologies to work for people and planet -- is the kind of project I evaluate by asking whether its technical choices reflect the safety-first and open-by-default principles I apply at Coefficient.ai. Criteria performance at 20.4 is low because the project does not engage meaningfully with open public architecture, AI governance, or the participatory design principles central to my framework. I hold this ranking with low confidence given the project's distance from my areas of expertise; it should be evaluated by someone closer to its core domain."
312,Fission Codes,https://github.com/fission-codes/fission-codes,12.7,12.7,0,0.86,LOW,LOW,criteria,"Fission Codes -- status codes for smart contracts powering microservices for web3 -- is the kind of project I evaluate by asking whether its technical choices reflect the safety-first and open-by-default principles I apply at Coefficient.ai. The 12.7 criteria result reflects genuine distance from my evaluation priorities rather than a judgment of the project's overall quality in its own field. The score reflects that political technology impact, as I define it through the lens of AI safety and open governance, is not this project's primary contribution."
313,Unknown Academic Paper (SSRN 5351275),https://papers.ssrn.com/sol3/papers.cfm?abstract_id=5351275,12.7,12.7,0,0.43,MEDIUM,NONE,criteria,"As a publication, Unknown Academic Paper (SSRN 5351275) falls into a category where I look for evidence of open architecture, measurable outcomes, and responsible AI integration. At 12.7 on criteria, the evidence available does not support a strong connection to safety-aware civic technology, open data infrastructure, or participatory governance. Dossier completeness of 0.43 means I am working with incomplete information, and I flag this as a ranking I hold loosely pending better data."
314,Turkopticon,https://turkopticon.ucsd.edu,12.5,12.5,0,0.86,LOW,LOW,criteria,"Turkopticon -- worker-led platform organizing mutual aid and advocacy for amazon mechanical turk workers -- is the kind of project I evaluate by asking whether its technical choices reflect the safety-first and open-by-default principles I apply at Coefficient.ai. Its criteria score of 12.5 reflects the reality that not every technology project, even a useful one, has significant political technology impact as I define it. This is not a reflection on the project's inherent value but rather on the poor fit between what it does and what I believe civic technology awards should highlight."
315,VFRAME,https://vframe.io,12.5,12.5,0,0.71,LOW,MEDIUM,criteria,"VFRAME's mission -- computer vision for osint: detecting illegal munitions and documenting war crimes through ai-powered video analysis -- resonates with my work building AI systems for UK government where interoperability is a daily challenge. The low criteria score (12.5) reflects that this project falls largely outside the domains where I have expertise and conviction -- AI governance, open infrastructure, and participatory democracy. With moderate popularity risk, I have tried to assess substance over familiarity, weighting documented outcomes above general reputation."
316,DeepSeek-V3,https://github.com/deepseek-ai/deepseek-v3,7.8,7.8,0,0.86,LOW,LOW,criteria,"DeepSeek-V3 -- a mixture-of-experts language model with 671b total parameters optimized for efficient inference and cost-effective training -- is the kind of project I evaluate by asking whether its technical choices reflect the safety-first and open-by-default principles I apply at Coefficient.ai. With only 7.8 on criteria, I found minimal overlap with the safety-first public technology, open governance, and systemic-risk concerns that define my evaluation priorities. I hold this ranking with low confidence given the project's distance from my areas of expertise; it should be evaluated by someone closer to its core domain."
317,The List,https://the-list.uk,7.8,7.8,0,0.71,LOW,MEDIUM,criteria,"The List -- tracking changes to grant-making behaviour of trusts and foundations in the uk — by fundraisers, for fundraisers -- is the kind of project I evaluate by asking whether its technical choices reflect the safety-first and open-by-default principles I apply at Coefficient.ai. A criteria score of 7.8 signals that this project, whatever its merits in its own domain, is distant from the intersection of AI safety, open infrastructure, and democratic governance where I focus. I note moderate popularity risk and have calibrated accordingly, relying on technical and governance evidence rather than name recognition."
318,Plausible Analytics,https://plausible.io,7.6,7.6,0,0.86,LOW,HIGH,criteria,"Plausible Analytics -- simple, privacy-friendly google analytics alternative -- is the kind of project I evaluate by asking whether its technical choices reflect the safety-first and open-by-default principles I apply at Coefficient.ai. Criteria performance at 7.6 is low because the project does not engage meaningfully with open public architecture, AI governance, or the participatory design principles central to my framework. I acknowledge high popularity risk: this project benefits from strong name recognition, and I have deliberately weighted measurable evidence over reputational halo."
319,DemTech Navigator,https://navigator.oii.ox.ac.uk,4.7,4.7,0,0.86,LOW,HIGH,criteria,"DemTech Navigator -- online resource guide for civil society groups to address disinformation -- is the kind of project I evaluate by asking whether its technical choices reflect the safety-first and open-by-default principles I apply at Coefficient.ai. The 4.7 criteria result reflects genuine distance from my evaluation priorities rather than a judgment of the project's overall quality in its own field. High popularity risk is a factor I have compensated for -- the brand is strong, but my score reflects what the dossier evidence actually substantiates."
320,Urbit,https://urbit.org,4.7,4.7,0,0.71,LOW,LOW,criteria,"Urbit -- a personal server operating system designed for self-sovereignty and decentralized computing -- is the kind of project I evaluate by asking whether its technical choices reflect the safety-first and open-by-default principles I apply at Coefficient.ai. At 4.7 on criteria, the evidence available does not support a strong connection to safety-aware civic technology, open data infrastructure, or participatory governance. This low ranking reflects domain distance rather than quality judgment -- the project may be valuable in its own right but does not intersect meaningfully with my evaluation criteria."
321,youtube-dl,https://github.com/ytdl-org/youtube-dl,4.7,4.7,0,0.71,LOW,MEDIUM,criteria,"youtube-dl is genuinely community-owned, which distributes control in a way that mitigates the concentration-of-power risks I see as fundamental to safe civic technology. Its criteria score of 4.7 reflects the reality that not every technology project, even a useful one, has significant political technology impact as I define it. With moderate popularity risk, I have tried to assess substance over familiarity, weighting documented outcomes above general reputation."
