"rank","project_name","url","score","criteria_score","modifier_adj","dossier_completeness","uncertainty","popularity_risk","primary_driver","rationale"
"1","Decidim","https://decidim.org","87.0","67.0","20","0.85","LOW","MEDIUM","modifier","The participation architecture of Decidim resonates deeply with my facilitation commitments — I see structural attention to voice equality and anti-dominance design that mirrors what I practice in physical spaces. The voice-equalisation mechanisms earn a significant boost — this is a project that actively prevents dominance rather than hoping for equitable participation. The privacy-by-design architecture earns additional recognition."
"2","LiquidFeedback","https://liquidfeedback.com","86.9","66.9","20","0.95","LOW","MEDIUM","modifier","The participation architecture of LiquidFeedback resonates deeply with my facilitation commitments — I see structural attention to voice equality and anti-dominance design that mirrors what I practice in physical spaces. The voice-equalisation mechanisms earn a significant boost — this is a project that actively prevents dominance rather than hoping for equitable participation. The privacy-by-design architecture earns additional recognition."
"3","Ethelo","https://ethelo.com","86.0","68.0","18","0.97","LOW","MEDIUM","modifier","The participation architecture of Ethelo resonates deeply with my facilitation commitments — I see structural attention to voice equality and anti-dominance design that mirrors what I practice in physical spaces. The voice-equalisation mechanisms earn a significant boost — this is a project that actively prevents dominance rather than hoping for equitable participation. The privacy-by-design architecture earns additional recognition."
"4","Talk to the City","https://talktothecity.org","85.7","63.7","22","0.98","LOW","MEDIUM","modifier","The participation architecture of Talk to the City resonates deeply with my facilitation commitments — I see structural attention to voice equality and anti-dominance design that mirrors what I practice in physical spaces. The voice-equalisation mechanisms earn a significant boost — this is a project that actively prevents dominance rather than hoping for equitable participation. The privacy-by-design architecture earns additional recognition."
"5","FixMyStreet","https://www.fixmystreet.com","79.0","64.0","15","0.97","LOW","HIGH","modifier","The participation architecture of FixMyStreet resonates deeply with my facilitation commitments — I see structural attention to voice equality and anti-dominance design that mirrors what I practice in physical spaces. The privacy-by-design architecture earns additional recognition."
"6","Bonfire","https://bonfirenetworks.org/","77.6","57.6","20","0.94","LOW","MEDIUM","modifier","The participation architecture of Bonfire resonates deeply with my facilitation commitments — I see structural attention to voice equality and anti-dominance design that mirrors what I practice in physical spaces. The voice-equalisation mechanisms earn a significant boost — this is a project that actively prevents dominance rather than hoping for equitable participation. The privacy-by-design architecture earns additional recognition."
"7","CONSUL Democracy","https://consulproject.org","76.6","66.6","10","0.96","LOW","HIGH","modifier","The participation architecture of CONSUL Democracy resonates deeply with my facilitation commitments — I see structural attention to voice equality and anti-dominance design that mirrors what I practice in physical spaces. The privacy-by-design architecture earns additional recognition."
"8","Citizen OS","https://citizenos.com/platform/","76.4","66.4","10","0.95","LOW","MEDIUM","modifier","The participation architecture of Citizen OS resonates deeply with my facilitation commitments — I see structural attention to voice equality and anti-dominance design that mirrors what I practice in physical spaces. The privacy-by-design architecture earns additional recognition."
"9","Alaveteli","https://alaveteli.org","74.7","64.7","10","0.96","LOW","HIGH","modifier","Alaveteli has genuine participatory intent, and I appreciate the attempt to create spaces for collective decision-making."
"10","CommunityRule","https://communityrule.info","73.5","63.5","10","0.96","LOW","MEDIUM","modifier","CommunityRule has genuine participatory intent, and I appreciate the attempt to create spaces for collective decision-making."
"11","Fundación Ciudadanía Inteligente","https://ciudadaniai.org","73.2","65.2","8","0.95","LOW","MEDIUM","criteria","Fundación Ciudadanía Inteligente has genuine participatory intent, and I appreciate the attempt to create spaces for collective decision-making. The US-centric focus without European engagement is a limitation from my perspective."
"12","CiviCRM","https://civicrm.org","72.5","62.5","10","0.95","LOW","HIGH","modifier","CiviCRM has genuine participatory intent, and I appreciate the attempt to create spaces for collective decision-making."
"13","Cobudget","https://cobudget.com","72.2","57.2","15","0.95","LOW","MEDIUM","modifier","Cobudget has genuine participatory intent, and I appreciate the attempt to create spaces for collective decision-making."
"14","Discourse","https://www.discourse.org","71.3","56.3","15","0.94","LOW","HIGH","modifier","Discourse has genuine participatory intent, and I appreciate the attempt to create spaces for collective decision-making."
"15","Logos","https://logos.co/","70.6","55.6","15","1.0","LOW","MEDIUM","modifier","Logos has genuine participatory intent, and I appreciate the attempt to create spaces for collective decision-making."
"16","Participa (Podemos)","https://github.com/podemos-info/participa","70.4","55.4","15","0.95","LOW","MEDIUM","modifier","Participa (Podemos) has genuine participatory intent, and I appreciate the attempt to create spaces for collective decision-making."
"17","Your Priorities","https://yrpri.org","69.6","59.6","10","0.95","LOW","MEDIUM","modifier","Your Priorities has genuine participatory intent, and I appreciate the attempt to create spaces for collective decision-making."
"18","Turkopticon","https://turkopticon.ucsd.edu","69.2","59.2","10","0.94","LOW","HIGH","modifier","The open-source nature of Turkopticon aligns with my values around peer learning and community emergence."
"19","Loomio","https://www.loomio.org","67.9","57.9","10","0.94","LOW","HIGH","modifier","Loomio has genuine participatory intent, and I appreciate the attempt to create spaces for collective decision-making."
"20","Polis","https://github.com/compdemocracy/polis","67.3","57.3","10","0.95","LOW","MEDIUM","modifier","Polis has genuine participatory intent, and I appreciate the attempt to create spaces for collective decision-making."
"21","vTaiwan","https://github.com/g0v/vue.vtaiwan.tw","67.1","52.1","15","0.94","LOW","MEDIUM","modifier","vTaiwan has genuine participatory intent, and I appreciate the attempt to create spaces for collective decision-making."
"22","Ushahidi","https://www.ushahidi.com","66.8","61.8","5","0.95","LOW","HIGH","criteria","Ushahidi has genuine participatory intent, and I appreciate the attempt to create spaces for collective decision-making."
"23","Groupthink (OpenPolitics Votebot)","https://github.com/openpolitics/groupthink","66.0","56.0","10","0.98","LOW","MEDIUM","modifier","Groupthink (OpenPolitics Votebot) has genuine participatory intent, and I appreciate the attempt to create spaces for collective decision-making."
"24","adhocracy+","https://adhocracy.plus","65.7","55.7","10","0.96","LOW","MEDIUM","modifier","adhocracy+ has genuine participatory intent, and I appreciate the attempt to create spaces for collective decision-making."
"25","mySociety Datasets and APIs","https://data.mysociety.org","65.0","60.0","5","0.95","LOW","HIGH","criteria","mySociety Datasets and APIs has genuine participatory intent, and I appreciate the attempt to create spaces for collective decision-making."
"26","Go Vocal","https://www.govocal.com","64.4","49.4","15","0.98","LOW","MEDIUM","modifier","Go Vocal has genuine participatory intent, and I appreciate the attempt to create spaces for collective decision-making."
"27","Open Data Editor (ODE)","https://okfn.org/en/projects/open-data-editor/","63.9","53.9","10","0.98","LOW","MEDIUM","modifier","Open Data Editor (ODE) addresses privacy infrastructure, which I value, though the participation architecture could be stronger."
"28","Relational Tech Project","https://relationaltechproject.org","63.9","46.9","17","1.0","LOW","MEDIUM","modifier","Relational Tech Project has genuine participatory intent, and I appreciate the attempt to create spaces for collective decision-making."
"29","CoTech","https://coops.tech","63.8","48.8","15","0.98","LOW","MEDIUM","modifier","CoTech has genuine participatory intent, and I appreciate the attempt to create spaces for collective decision-making."
"30","Open Heart Mind (OHM)","https://openheartmind.org","63.7","43.7","20","0.96","LOW","MEDIUM","modifier","Open Heart Mind (OHM) has genuine participatory intent, and I appreciate the attempt to create spaces for collective decision-making."
"31","Tracka","https://yourtracka.org","63.5","58.5","5","1.0","LOW","MEDIUM","criteria","Tracka has genuine participatory intent, and I appreciate the attempt to create spaces for collective decision-making."
"32","deliberAIde","https://www.deliberaide.com","63.4","48.4","15","0.96","LOW","MEDIUM","modifier","deliberAIde has genuine participatory intent, and I appreciate the attempt to create spaces for collective decision-making."
"33","CrowdJustice","https://www.crowdjustice.com","63.2","53.2","10","1.0","LOW","MEDIUM","modifier","CrowdJustice has genuine participatory intent, and I appreciate the attempt to create spaces for collective decision-making."
"34","Open Council Network","https://opencouncil.network","63.1","53.1","10","0.95","LOW","MEDIUM","modifier","Open Council Network has genuine participatory intent, and I appreciate the attempt to create spaces for collective decision-making."
"35","Guardian Project","https://guardianproject.info","62.7","52.7","10","0.95","LOW","HIGH","modifier","Guardian Project addresses privacy infrastructure, which I value, though the participation architecture could be stronger."
"36","Creative Commons","https://creativecommons.org","62.5","52.5","10","0.96","LOW","MEDIUM","modifier","The open-source nature of Creative Commons aligns with my values around peer learning and community emergence."
"37","TheyWorkForYou","https://www.theyworkforyou.com","62.5","52.5","10","0.95","LOW","MEDIUM","modifier","TheyWorkForYou has genuine participatory intent, and I appreciate the attempt to create spaces for collective decision-making."
"38","Tor Project","https://www.torproject.org","62.5","57.5","5","0.95","LOW","HIGH","criteria","Tor Project addresses privacy infrastructure, which I value, though the participation architecture could be stronger."
"39","Activist Handbook","https://activisthandbook.org/","62.3","52.3","10","0.93","LOW","MEDIUM","modifier","Activist Handbook has genuine participatory intent, and I appreciate the attempt to create spaces for collective decision-making."
"40","Interoperable Deliberative Tools","https://metagov.org/projects/interop","61.8","46.8","15","0.96","LOW","MEDIUM","modifier","Interoperable Deliberative Tools has genuine participatory intent, and I appreciate the attempt to create spaces for collective decision-making."
"41","RxC Quadratic Voting","https://quadraticvote.radicalxchange.org","61.1","56.1","5","0.96","LOW","MEDIUM","criteria","RxC Quadratic Voting has genuine participatory intent, and I appreciate the attempt to create spaces for collective decision-making."
"42","GlobaLeaks","https://www.globaleaks.org","60.5","60.5","0","0.96","LOW","HIGH","criteria","The open-source nature of GlobaLeaks aligns with my values around peer learning and community emergence. However, the adversarial framing reduces the score — I prefer empowerment approaches over exposure and shaming."
"43","Agencies for Good","https://www.agenciesforgood.org","60.4","45.4","15","0.98","LOW","MEDIUM","modifier","Agencies for Good has genuine participatory intent, and I appreciate the attempt to create spaces for collective decision-making."
"44","Principles for Public Participation in Procurement of AI","https://p4ai.net","60.1","50.1","10","0.94","LOW","MEDIUM","modifier","Principles for Public Participation in Procurement of AI has genuine participatory intent, and I appreciate the attempt to create spaces for collective decision-making."
"45","Constitute Project","https://constituteproject.org","59.8","49.8","10","0.96","LOW","MEDIUM","modifier","Constitute Project has genuine participatory intent, and I appreciate the attempt to create spaces for collective decision-making."
"46","Framework for Meaningful Engagement 2.0","https://ecnl.org/publications/framework-meaningful-engagement-20?mc_cid=b1c5158063&mc_eid=a09c64ec38","59.8","47.8","12","0.96","LOW","MEDIUM","modifier","Framework for Meaningful Engagement 2.0 has genuine participatory intent, and I appreciate the attempt to create spaces for collective decision-making."
"47","Open Letter","https://openletter.earth","59.7","49.7","10","0.98","LOW","MEDIUM","modifier","Open Letter has genuine participatory intent, and I appreciate the attempt to create spaces for collective decision-making."
"48","Organise","https://www.organise.org.uk","59.7","49.7","10","0.96","LOW","MEDIUM","modifier","Organise has genuine participatory intent, and I appreciate the attempt to create spaces for collective decision-making."
"49","Abstract Wikipedia","https://meta.wikimedia.org/wiki/abstract_wikipedia","59.4","49.4","10","0.98","LOW","MEDIUM","modifier","The open-source nature of Abstract Wikipedia aligns with my values around peer learning and community emergence."
"50","GovTrack.us","https://www.govtrack.us","58.5","55.5","3","0.96","LOW","HIGH","criteria","GovTrack.us has genuine participatory intent, and I appreciate the attempt to create spaces for collective decision-making. The US-centric focus without European engagement is a limitation from my perspective."
"51","Channel.org","https://channel.org","58.3","48.3","10","0.57","MEDIUM","LOW","modifier","Channel.org has genuine participatory intent, and I appreciate the attempt to create spaces for collective decision-making."
"52","Granitt","https://granitt.io","57.9","42.9","15","0.98","LOW","MEDIUM","modifier","Granitt has genuine participatory intent, and I appreciate the attempt to create spaces for collective decision-making."
"53","Tech Coops List","https://tech-coops.xyz","57.9","42.9","15","0.98","LOW","MEDIUM","modifier","Tech Coops List has genuine participatory intent, and I appreciate the attempt to create spaces for collective decision-making."
"54","Find local consultations","https://gov.uk/find-local-consultations","57.8","42.8","15","0.98","LOW","MEDIUM","modifier","Find local consultations has genuine participatory intent, and I appreciate the attempt to create spaces for collective decision-making."
"55","Mastodon C","https://www.mastodonc.com","57.6","52.6","5","0.95","LOW","HIGH","criteria","Mastodon C has genuine participatory intent, and I appreciate the attempt to create spaces for collective decision-making."
"56","Cybersecurity for Democracy","https://cybersecurityfordemocracy.org","57.5","45.5","12","0.95","LOW","MEDIUM","modifier","Cybersecurity for Democracy addresses privacy infrastructure, which I value, though the participation architecture could be stronger."
"57","Parti","https://parti.xyz","57.5","52.5","5","0.98","LOW","MEDIUM","criteria","Parti has genuine participatory intent, and I appreciate the attempt to create spaces for collective decision-making."
"58","Community Tech","https://www.communitytech.network","56.9","46.9","10","0.98","LOW","MEDIUM","modifier","Community Tech has genuine participatory intent, and I appreciate the attempt to create spaces for collective decision-making."
"59","WriteToThem","https://www.writetothem.com","56.7","46.7","10","0.96","LOW","MEDIUM","modifier","WriteToThem has genuine participatory intent, and I appreciate the attempt to create spaces for collective decision-making."
"60","Humanitarian OpenStreetMap Team (HOT)","https://www.hotosm.org","56.6","51.6","5","0.95","LOW","HIGH","criteria","Humanitarian OpenStreetMap Team (HOT) has genuine participatory intent, and I appreciate the attempt to create spaces for collective decision-making."
"61","Land Explorer","https://landexplorer.coop","56.3","46.3","10","0.98","LOW","MEDIUM","modifier","Land Explorer has genuine participatory intent, and I appreciate the attempt to create spaces for collective decision-making."
"62","Pursuance Project","https://pursuanceproject.org","56.1","51.1","5","0.96","LOW","MEDIUM","criteria","Pursuance Project has genuine participatory intent, and I appreciate the attempt to create spaces for collective decision-making."
"63","All Our Ideas","https://all-our-ideas.citizens.is","55.8","45.8","10","0.95","LOW","MEDIUM","modifier","All Our Ideas has genuine participatory intent, and I appreciate the attempt to create spaces for collective decision-making."
"64","PolicyEngine","https://policyengine.org/uk","55.8","50.8","5","0.96","LOW","MEDIUM","criteria","The open-source nature of PolicyEngine aligns with my values around peer learning and community emergence."
"65","Aleph (OCCRP)","https://aleph.occrp.org","55.7","45.7","10","0.98","LOW","MEDIUM","modifier","The open-source nature of Aleph (OCCRP) aligns with my values around peer learning and community emergence."
"66","Pastecal","https://github.com/kazad/pastecal","55.3","45.3","10","0.98","LOW","MEDIUM","modifier","Pastecal has genuine participatory intent, and I appreciate the attempt to create spaces for collective decision-making."
"67","Cortico","https://cortico.ai/platform","54.9","46.9","8","0.94","LOW","MEDIUM","modifier","Cortico addresses a real need but the participation architecture is limited — it provides tools without redesigning the power dynamics of who gets to use them."
"68","Coral","https://coralproject.net","54.2","54.2","0","0.95","LOW","HIGH","criteria","Coral addresses a real need but the participation architecture is limited — it provides tools without redesigning the power dynamics of who gets to use them. The lack of structural voice-equalisation features is the primary limitation."
"69","Participedia","https://participedia.net","54.1","49.1","5","0.96","LOW","MEDIUM","criteria","Participedia addresses a real need but the participation architecture is limited — it provides tools without redesigning the power dynamics of who gets to use them."
"70","Collaborative Data Patterns","https://collaborative-data.theodi.org","53.5","38.5","15","0.98","LOW","MEDIUM","modifier","Collaborative Data Patterns addresses a real need but the participation architecture is limited — it provides tools without redesigning the power dynamics of who gets to use them."
"71","Agreement Engine","https://medium.com/metagov/introducing-the-agreement-engine-bf03b6d5c16c","53.4","43.4","10","0.9","LOW","MEDIUM","modifier","Agreement Engine addresses a real need but the participation architecture is limited — it provides tools without redesigning the power dynamics of who gets to use them."
"72","CharmVerse","https://charmverse.io/","53.4","43.4","10","0.96","LOW","MEDIUM","modifier","CharmVerse addresses a real need but the participation architecture is limited — it provides tools without redesigning the power dynamics of who gets to use them."
"73","PlaceCal","https://github.com/geeksforsocialchange/placecal","53.3","43.3","10","0.98","LOW","MEDIUM","modifier","PlaceCal addresses a real need but the participation architecture is limited — it provides tools without redesigning the power dynamics of who gets to use them."
"74","SecureDrop","https://securedrop.org","53.3","53.3","0","0.95","LOW","HIGH","criteria","SecureDrop operates through an adversarial lens — investigation and exposure — which sits uncomfortably with my facilitation philosophy of empowerment and safety. The lack of structural voice-equalisation features is the primary limitation."
"75","CKAN","https://ckan.org","53.2","53.2","0","0.95","LOW","HIGH","criteria","CKAN addresses a real need but the participation architecture is limited — it provides tools without redesigning the power dynamics of who gets to use them. The lack of structural voice-equalisation features is the primary limitation."
"76","Matrix","https://matrix.org","53.1","48.1","5","0.97","LOW","HIGH","criteria","Matrix addresses a real need but the participation architecture is limited — it provides tools without redesigning the power dynamics of who gets to use them. The lack of structural voice-equalisation features is the primary limitation."
"77","Open Contracting Partnership","https://www.open-contracting.org","53.1","48.1","5","0.96","LOW","MEDIUM","criteria","Open Contracting Partnership addresses a real need but the participation architecture is limited — it provides tools without redesigning the power dynamics of who gets to use them. The lack of structural voice-equalisation features is the primary limitation."
"78","Stanford Participatory Budgeting Platform","https://github.com/stanfordcdt/pb","52.7","49.7","3","0.95","LOW","MEDIUM","criteria","Stanford Participatory Budgeting Platform addresses a real need but the participation architecture is limited — it provides tools without redesigning the power dynamics of who gets to use them."
"79","Empurrando Juntas (EJ)","https://sobre.ejparticipe.org","52.5","37.5","15","1.0","LOW","MEDIUM","modifier","Empurrando Juntas (EJ) addresses a real need but the participation architecture is limited — it provides tools without redesigning the power dynamics of who gets to use them."
"80","Populate Tools","https://github.com/populatetools","52.4","47.4","5","0.98","LOW","MEDIUM","criteria","Populate Tools addresses a real need but the participation architecture is limited — it provides tools without redesigning the power dynamics of who gets to use them."
"81","The DAO (Standard DAO Framework)","https://github.com/vbuterin/dao","51.8","46.8","5","0.94","LOW","MEDIUM","criteria","The DAO (Standard DAO Framework) addresses a real need but the participation architecture is limited — it provides tools without redesigning the power dynamics of who gets to use them."
"82","meet.coop","https://www.meet.coop","51.7","41.7","10","0.98","LOW","MEDIUM","modifier","meet.coop addresses a real need but the participation architecture is limited — it provides tools without redesigning the power dynamics of who gets to use them."
"83","GOV.UK Notify","https://www.notifications.service.gov.uk","51.6","46.6","5","0.96","LOW","HIGH","criteria","GOV.UK Notify addresses a real need but the participation architecture is limited — it provides tools without redesigning the power dynamics of who gets to use them. The lack of structural voice-equalisation features is the primary limitation."
"84","ODK (Open Data Kit)","https://getodk.org","51.5","51.5","0","0.95","LOW","HIGH","criteria","ODK (Open Data Kit) operates through an adversarial lens — investigation and exposure — which sits uncomfortably with my facilitation philosophy of empowerment and safety. The lack of structural voice-equalisation features is the primary limitation."
"85","OpenCRVS","https://www.opencrvs.org","51.5","46.5","5","0.95","LOW","MEDIUM","criteria","OpenCRVS addresses a real need but the participation architecture is limited — it provides tools without redesigning the power dynamics of who gets to use them. The lack of structural voice-equalisation features is the primary limitation."
"86","VFRAME","https://vframe.io","51.2","51.2","0","0.95","LOW","HIGH","criteria","VFRAME operates through an adversarial lens — investigation and exposure — which sits uncomfortably with my facilitation philosophy of empowerment and safety. The lack of structural voice-equalisation features is the primary limitation."
"87","Open Data Communities","https://opendatacommunities.org","51.1","46.1","5","0.94","LOW","MEDIUM","criteria","Open Data Communities addresses a real need but the participation architecture is limited — it provides tools without redesigning the power dynamics of who gets to use them. The lack of structural voice-equalisation features is the primary limitation."
"88","CiviClick","https://civiclick.com","50.8","37.8","13","0.95","LOW","MEDIUM","modifier","CiviClick addresses a real need but the participation architecture is limited — it provides tools without redesigning the power dynamics of who gets to use them."
"89","Parallel Parliament","https://www.parallelparliament.co.uk","50.8","40.8","10","0.97","LOW","MEDIUM","modifier","Parallel Parliament addresses a real need but the participation architecture is limited — it provides tools without redesigning the power dynamics of who gets to use them."
"90","Wikidata","https://www.wikidata.org","50.8","45.8","5","0.95","LOW","HIGH","criteria","Wikidata addresses a real need but the participation architecture is limited — it provides tools without redesigning the power dynamics of who gets to use them. The lack of structural voice-equalisation features is the primary limitation."
"91","Members' Interests","https://membersinterests.org.uk","50.7","45.7","5","0.98","LOW","MEDIUM","criteria","Members' Interests addresses a real need but the participation architecture is limited — it provides tools without redesigning the power dynamics of who gets to use them."
"92","Open Supply Hub","https://opensupplyhub.org","50.3","45.3","5","0.98","LOW","MEDIUM","criteria","Open Supply Hub addresses a real need but the participation architecture is limited — it provides tools without redesigning the power dynamics of who gets to use them. The lack of structural voice-equalisation features is the primary limitation."
"93","HURIDOCS","https://github.com/huridocs","50.1","50.1","0","0.95","LOW","MEDIUM","criteria","HURIDOCS addresses a real need but the participation architecture is limited — it provides tools without redesigning the power dynamics of who gets to use them. The lack of structural voice-equalisation features is the primary limitation."
"94","Humanitarian Data Exchange","https://data.humdata.org","50.1","45.1","5","0.98","LOW","MEDIUM","criteria","Humanitarian Data Exchange addresses a real need but the participation architecture is limited — it provides tools without redesigning the power dynamics of who gets to use them. The lack of structural voice-equalisation features is the primary limitation."
"95","Local Intelligence Hub","https://www.localintelligencehub.com","49.8","44.8","5","1.0","LOW","MEDIUM","criteria","Local Intelligence Hub addresses a real need but the participation architecture is limited — it provides tools without redesigning the power dynamics of who gets to use them."
"96","PolicyKit","https://policykit.org","49.8","44.8","5","0.94","LOW","MEDIUM","criteria","PolicyKit addresses a real need but the participation architecture is limited — it provides tools without redesigning the power dynamics of who gets to use them."
"97","Contracts for Data Collaboration","https://contractsfordatacollaboration.org","49.7","39.7","10","0.94","LOW","MEDIUM","modifier","Contracts for Data Collaboration addresses a real need but the participation architecture is limited — it provides tools without redesigning the power dynamics of who gets to use them. The lack of structural voice-equalisation features is the primary limitation."
"98","Wikum","https://www.csail.mit.edu/research/wikum-bridging-discussion-systems-and-wikis-collective-summarization","49.4","39.4","10","0.96","LOW","MEDIUM","modifier","Wikum addresses a real need but the participation architecture is limited — it provides tools without redesigning the power dynamics of who gets to use them."
"99","docs.plus","https://docs.plus","49.4","39.4","10","0.67","LOW","LOW","modifier","docs.plus addresses a real need but the participation architecture is limited — it provides tools without redesigning the power dynamics of who gets to use them."
"100","Open Referral UK","https://openreferraluk.org","49.2","42.2","7","0.95","LOW","MEDIUM","modifier","Open Referral UK addresses a real need but the participation architecture is limited — it provides tools without redesigning the power dynamics of who gets to use them. The lack of structural voice-equalisation features is the primary limitation."
"101","Tactical Data Engagement","https://communities.sunlightfoundation.com/methodology","49.2","46.2","3","0.96","LOW","MEDIUM","criteria","Tactical Data Engagement addresses a real need but the participation architecture is limited — it provides tools without redesigning the power dynamics of who gets to use them."
"102","UrbanistAI","https://site.urbanistai.com","48.2","38.2","10","0.96","LOW","MEDIUM","modifier","UrbanistAI addresses a real need but the participation architecture is limited — it provides tools without redesigning the power dynamics of who gets to use them."
"103","GOV.UK Pay","https://www.payments.service.gov.uk","48.1","43.1","5","0.95","LOW","MEDIUM","criteria","GOV.UK Pay addresses a real need but the participation architecture is limited — it provides tools without redesigning the power dynamics of who gets to use them. The lack of structural voice-equalisation features is the primary limitation."
"104","Mastodon","https://github.com/mastodon/mastodon","48.0","43.0","5","0.95","LOW","MEDIUM","criteria","Mastodon addresses a real need but the participation architecture is limited — it provides tools without redesigning the power dynamics of who gets to use them. The lack of structural voice-equalisation features is the primary limitation."
"105","Open Science Framework","https://osf.io","48.0","48.0","0","0.96","LOW","HIGH","criteria","Open Science Framework addresses a real need but the participation architecture is limited — it provides tools without redesigning the power dynamics of who gets to use them. The lack of structural voice-equalisation features is the primary limitation."
"106","OpenSanctions","https://www.opensanctions.org","48.0","48.0","0","0.95","LOW","MEDIUM","criteria","OpenSanctions operates through an adversarial lens — investigation and exposure — which sits uncomfortably with my facilitation philosophy of empowerment and safety. The lack of structural voice-equalisation features is the primary limitation."
"107","Monitor Mamdani","https://monitormamdani.com/","47.8","44.8","3","1.0","LOW","MEDIUM","criteria","Monitor Mamdani addresses a real need but the participation architecture is limited — it provides tools without redesigning the power dynamics of who gets to use them."
"108","ORCID","https://orcid.org","47.5","47.5","0","0.98","LOW","HIGH","criteria","ORCID addresses a real need but the participation architecture is limited — it provides tools without redesigning the power dynamics of who gets to use them. The lack of structural voice-equalisation features is the primary limitation."
"109","OpenAudience","https://openaudience.org","47.5","37.5","10","0.97","LOW","MEDIUM","modifier","OpenAudience addresses a real need but the participation architecture is limited — it provides tools without redesigning the power dynamics of who gets to use them."
"110","Radicle","https://radicle.xyz","47.3","37.3","10","0.96","LOW","MEDIUM","modifier","Radicle addresses a real need but the participation architecture is limited — it provides tools without redesigning the power dynamics of who gets to use them. The lack of structural voice-equalisation features is the primary limitation."
"111","Civic Tech Field Guide","https://civictech.guide","47.0","37.0","10","0.94","LOW","MEDIUM","modifier","Civic Tech Field Guide addresses a real need but the participation architecture is limited — it provides tools without redesigning the power dynamics of who gets to use them."
"112","LittleSis","https://littlesis.org","46.8","48.8","-2","0.97","LOW","MEDIUM","criteria","LittleSis addresses a real need but the participation architecture is limited — it provides tools without redesigning the power dynamics of who gets to use them. The lack of structural voice-equalisation features is the primary limitation."
"113","MapIt","https://mapit.mysociety.org","46.8","46.8","0","0.96","LOW","MEDIUM","criteria","MapIt addresses a real need but the participation architecture is limited — it provides tools without redesigning the power dynamics of who gets to use them. The lack of structural voice-equalisation features is the primary limitation."
"114","Open Digital Planning","https://opendigitalplanning.org/","46.8","41.8","5","1.0","LOW","MEDIUM","criteria","Open Digital Planning addresses a real need but the participation architecture is limited — it provides tools without redesigning the power dynamics of who gets to use them. The lack of structural voice-equalisation features is the primary limitation."
"115","ОПОРА (Opora)","https://www.oporaua.org","46.7","41.7","5","0.95","LOW","MEDIUM","criteria","ОПОРА (Opora) addresses a real need but the participation architecture is limited — it provides tools without redesigning the power dynamics of who gets to use them."
"116","Open Ownership","https://www.openownership.org","46.4","41.4","5","0.95","LOW","MEDIUM","criteria","Open Ownership addresses a real need but the participation architecture is limited — it provides tools without redesigning the power dynamics of who gets to use them. The lack of structural voice-equalisation features is the primary limitation."
"117","PlanIT","https://planit.org.uk","46.2","41.2","5","0.98","LOW","MEDIUM","criteria","PlanIT addresses a real need but the participation architecture is limited — it provides tools without redesigning the power dynamics of who gets to use them."
"118","arXiv","https://arxiv.org","46.2","39.2","7","0.96","LOW","HIGH","modifier","arXiv addresses a real need but the participation architecture is limited — it provides tools without redesigning the power dynamics of who gets to use them. The lack of structural voice-equalisation features is the primary limitation."
"119","Martus","https://www.martus.org","46.0","41.0","5","0.94","LOW","MEDIUM","criteria","Martus addresses a real need but the participation architecture is limited — it provides tools without redesigning the power dynamics of who gets to use them. The lack of structural voice-equalisation features is the primary limitation."
"120","Spacetube","https://spacetu.be","45.8","40.8","5","0.98","LOW","MEDIUM","criteria","Spacetube addresses a real need but the participation architecture is limited — it provides tools without redesigning the power dynamics of who gets to use them."
"121","Gapminder Worldview Upgrader","https://upgrader.gapminder.org","45.3","40.3","5","0.96","LOW","MEDIUM","criteria","Gapminder Worldview Upgrader addresses a real need but the participation architecture is limited — it provides tools without redesigning the power dynamics of who gets to use them. The lack of structural voice-equalisation features is the primary limitation."
"122","Campaign Tracker","https://www.campaigntracker.nl/en","45.1","45.1","0","0.97","LOW","MEDIUM","criteria","Campaign Tracker operates through an adversarial lens — investigation and exposure — which sits uncomfortably with my facilitation philosophy of empowerment and safety. The lack of structural voice-equalisation features is the primary limitation."
"123","Charity Digital Skills Report","https://charitydigitalskills.co.uk","45.1","40.1","5","0.98","LOW","MEDIUM","criteria","Charity Digital Skills Report addresses a real need but the participation architecture is limited — it provides tools without redesigning the power dynamics of who gets to use them. The lack of structural voice-equalisation features is the primary limitation."
"124","ClimateAction.Tech","https://climateaction.tech","44.9","34.9","10","0.73","LOW","LOW","modifier","ClimateAction.Tech addresses a real need but the participation architecture is limited — it provides tools without redesigning the power dynamics of who gets to use them. The lack of structural voice-equalisation features is the primary limitation."
"125","Riseup","https://riseup.net","44.8","34.8","10","0.94","LOW","MEDIUM","modifier","Riseup addresses a real need but the participation architecture is limited — it provides tools without redesigning the power dynamics of who gets to use them. The lack of structural voice-equalisation features is the primary limitation."
"126","Rahvaalgatus","https://github.com/rahvaalgatus/rahvaalgatus","44.4","39.4","5","0.96","LOW","MEDIUM","criteria","Rahvaalgatus addresses a real need but the participation architecture is limited — it provides tools without redesigning the power dynamics of who gets to use them."
"127","DISARM Frameworks","https://github.com/disarmfoundation/disarmframeworks","44.3","44.3","0","0.94","LOW","MEDIUM","criteria","DISARM Frameworks addresses a real need but the participation architecture is limited — it provides tools without redesigning the power dynamics of who gets to use them. The lack of structural voice-equalisation features is the primary limitation."
"128","Bluesky","https://bsky.app","44.1","39.1","5","0.95","LOW","MEDIUM","criteria","Bluesky addresses a real need but the participation architecture is limited — it provides tools without redesigning the power dynamics of who gets to use them. The lack of structural voice-equalisation features is the primary limitation."
"129","The Commons Social Change Library","https://commonslibrary.org","43.9","38.9","5","0.98","LOW","MEDIUM","criteria","The Commons Social Change Library addresses a real need but the participation architecture is limited — it provides tools without redesigning the power dynamics of who gets to use them."
"130","Timecounts","https://timecounts.org","43.9","38.9","5","0.98","LOW","MEDIUM","criteria","Timecounts addresses a real need but the participation architecture is limited — it provides tools without redesigning the power dynamics of who gets to use them."
"131","GOV.UK Forms","https://www.forms.service.gov.uk","43.7","38.7","5","0.96","LOW","MEDIUM","criteria","GOV.UK Forms addresses a real need but the participation architecture is limited — it provides tools without redesigning the power dynamics of who gets to use them. The lack of structural voice-equalisation features is the primary limitation."
"132","Worker Info Exchange","https://www.workerinfoexchange.org","43.7","38.7","5","0.98","LOW","MEDIUM","criteria","Worker Info Exchange addresses a real need but the participation architecture is limited — it provides tools without redesigning the power dynamics of who gets to use them. The lack of structural voice-equalisation features is the primary limitation."
"133","UK Housing Data Standards","https://hact.org.uk/tools-and-services/uk-housing-data-standards","43.6","38.6","5","0.98","LOW","MEDIUM","criteria","UK Housing Data Standards addresses a real need but the participation architecture is limited — it provides tools without redesigning the power dynamics of who gets to use them. The lack of structural voice-equalisation features is the primary limitation."
"134","Deliberation & Technology (DelibTech) Network","https://www.demnext.org/projects/delibtech-network","43.5","33.5","10","0.98","LOW","MEDIUM","modifier","Deliberation & Technology (DelibTech) Network delivers expert knowledge to users rather than enabling peer learning and co-creation, which limits its score under my constitution."
"135","GOV.UK One Login","https://www.sign-in.service.gov.uk","43.4","43.4","0","0.97","LOW","MEDIUM","criteria","GOV.UK One Login addresses a real need but the participation architecture is limited — it provides tools without redesigning the power dynamics of who gets to use them. The lack of structural voice-equalisation features is the primary limitation."
"136","Spartacus","https://spartacus.app","43.4","38.4","5","0.98","LOW","MEDIUM","criteria","Spartacus addresses a real need but the participation architecture is limited — it provides tools without redesigning the power dynamics of who gets to use them."
"137","Viewpoints","https://viewpoints.xyz","42.9","32.9","10","0.98","LOW","MEDIUM","modifier","Viewpoints addresses a real need but the participation architecture is limited — it provides tools without redesigning the power dynamics of who gets to use them."
"138","Give Food","https://www.givefood.org.uk","42.8","37.8","5","1.0","LOW","MEDIUM","criteria","Give Food addresses a real need but the participation architecture is limited — it provides tools without redesigning the power dynamics of who gets to use them. The lack of structural voice-equalisation features is the primary limitation."
"139","Internet Archive Wayback Machine","https://web.archive.org","42.8","37.8","5","0.98","LOW","HIGH","criteria","Internet Archive Wayback Machine addresses a real need but the participation architecture is limited — it provides tools without redesigning the power dynamics of who gets to use them. The lack of structural voice-equalisation features is the primary limitation."
"140","Choose a License","https://choosealicense.com","42.6","42.6","0","0.96","LOW","HIGH","criteria","Choose a License delivers expert knowledge to users rather than enabling peer learning and co-creation, which limits its score under my constitution. The lack of structural voice-equalisation features is the primary limitation."
"141","ShineYourEye","https://www.shineyoureye.org","42.5","37.5","5","1.0","LOW","MEDIUM","criteria","ShineYourEye addresses a real need but the participation architecture is limited — it provides tools without redesigning the power dynamics of who gets to use them."
"142","Journal of Open Source Software","https://joss.theoj.org","42.4","32.4","10","0.96","LOW","MEDIUM","modifier","Journal of Open Source Software addresses a real need but the participation architecture is limited — it provides tools without redesigning the power dynamics of who gets to use them. The lack of structural voice-equalisation features is the primary limitation."
"143","Strike Map","https://strikemap.org","42.4","39.4","3","0.98","LOW","MEDIUM","criteria","Strike Map addresses a real need but the participation architecture is limited — it provides tools without redesigning the power dynamics of who gets to use them."
"144","Objector.ai","https://objector.ai","41.8","36.8","5","0.69","LOW","LOW","criteria","Objector.ai addresses a real need but the participation architecture is limited — it provides tools without redesigning the power dynamics of who gets to use them."
"145","Humble Data Workshop","https://humbledata.org","41.6","31.6","10","0.98","LOW","MEDIUM","modifier","Humble Data Workshop addresses a real need but the participation architecture is limited — it provides tools without redesigning the power dynamics of who gets to use them. The lack of structural voice-equalisation features is the primary limitation."
"146","Fairbnb.coop","https://fairbnb.coop","41.5","36.5","5","0.87","LOW","MEDIUM","criteria","Fairbnb.coop addresses a real need but the participation architecture is limited — it provides tools without redesigning the power dynamics of who gets to use them. The lack of structural voice-equalisation features is the primary limitation."
"147","Kialo","https://kialo.com","41.5","31.5","10","0.96","LOW","MEDIUM","modifier","Kialo addresses a real need but the participation architecture is limited — it provides tools without redesigning the power dynamics of who gets to use them."
"148","Mapped","https://mapped.commonknowledge.coop","41.5","36.5","5","0.98","LOW","MEDIUM","criteria","Mapped addresses a real need but the participation architecture is limited — it provides tools without redesigning the power dynamics of who gets to use them."
"149","OA.Works","https://oa.works/","41.4","41.4","0","0.85","LOW","MEDIUM","criteria","OA.Works addresses a real need but the participation architecture is limited — it provides tools without redesigning the power dynamics of who gets to use them. The lack of structural voice-equalisation features is the primary limitation."
"150","WhatDoTheyKnow","https://www.whatdotheyknow.com","41.3","41.3","0","0.95","LOW","HIGH","criteria","WhatDoTheyKnow addresses a real need but the participation architecture is limited — it provides tools without redesigning the power dynamics of who gets to use them. The lack of structural voice-equalisation features is the primary limitation."
"151","Neighbourhood Warmth","https://www.mysociety.org/climate/neighbourhood-warmth","41.0","31.0","10","0.98","LOW","MEDIUM","modifier","Neighbourhood Warmth addresses a real need but the participation architecture is limited — it provides tools without redesigning the power dynamics of who gets to use them."
"152","PostBug","https://postbug.com","40.9","35.9","5","0.98","LOW","MEDIUM","criteria","PostBug addresses a real need but the participation architecture is limited — it provides tools without redesigning the power dynamics of who gets to use them."
"153","RxC Voice","https://github.com/radicalxchange/rxc-voice","40.9","35.9","5","0.98","LOW","MEDIUM","criteria","RxC Voice addresses a real need but the participation architecture is limited — it provides tools without redesigning the power dynamics of who gets to use them."
"154","rsky","https://github.com/blacksky-algorithms/rsky","40.9","33.9","7","0.98","LOW","MEDIUM","modifier","rsky addresses a real need but the participation architecture is limited — it provides tools without redesigning the power dynamics of who gets to use them. The lack of structural voice-equalisation features is the primary limitation."
"155","youtube-dl","https://github.com/ytdl-org/youtube-dl","40.9","35.9","5","0.94","LOW","HIGH","criteria","youtube-dl addresses a real need but the participation architecture is limited — it provides tools without redesigning the power dynamics of who gets to use them. The lack of structural voice-equalisation features is the primary limitation."
"156","Diia","https://expo.diia.gov.ua","40.8","40.8","0","0.97","LOW","MEDIUM","criteria","Diia addresses a real need but the participation architecture is limited — it provides tools without redesigning the power dynamics of who gets to use them. The lack of structural voice-equalisation features is the primary limitation."
"157","Entitledto","https://entitledto.co.uk","40.8","35.8","5","0.96","LOW","MEDIUM","criteria","Entitledto addresses a real need but the participation architecture is limited — it provides tools without redesigning the power dynamics of who gets to use them. The lack of structural voice-equalisation features is the primary limitation."
"158","Aragon","https://aragon.org","40.4","40.4","0","0.94","LOW","MEDIUM","criteria","Aragon addresses a real need but the participation architecture is limited — it provides tools without redesigning the power dynamics of who gets to use them. The lack of structural voice-equalisation features is the primary limitation."
"159","Metaculus","https://metaculus.com","40.4","35.4","5","0.98","LOW","MEDIUM","criteria","Metaculus addresses a real need but the participation architecture is limited — it provides tools without redesigning the power dynamics of who gets to use them. The lack of structural voice-equalisation features is the primary limitation."
"160","Political Advertising Transparency Data Standard","https://github.com/whotargetsme/ad-transparency-standards/blob/main/implement.md","40.4","35.4","5","0.95","LOW","MEDIUM","criteria","Political Advertising Transparency Data Standard addresses a real need but the participation architecture is limited — it provides tools without redesigning the power dynamics of who gets to use them. The lack of structural voice-equalisation features is the primary limitation."
"161","Democracy Club Developer API","https://developers.democracyclub.org.uk/api/v1","40.3","35.3","5","0.96","LOW","MEDIUM","criteria","Democracy Club Developer API addresses a real need but the participation architecture is limited — it provides tools without redesigning the power dynamics of who gets to use them. The lack of structural voice-equalisation features is the primary limitation."
"162","One Project","https://oneproject.org/","39.9","36.9","3","0.93","LOW","MEDIUM","criteria","One Project addresses a real need but the participation architecture is limited — it provides tools without redesigning the power dynamics of who gets to use them."
"163","Open Access – Transparency International UK","https://openaccess.transparency.org.uk","39.9","34.9","5","1.0","LOW","MEDIUM","criteria","Open Access – Transparency International UK addresses a real need but the participation architecture is limited — it provides tools without redesigning the power dynamics of who gets to use them. The lack of structural voice-equalisation features is the primary limitation."
"164","OpenBudgets.eu","https://openbudgets.eu","39.9","34.9","5","0.85","LOW","MEDIUM","criteria","OpenBudgets.eu addresses a real need but the participation architecture is limited — it provides tools without redesigning the power dynamics of who gets to use them. The lack of structural voice-equalisation features is the primary limitation."
"165","Plinth","https://www.plinth.org.uk","39.9","34.9","5","0.96","LOW","MEDIUM","criteria","Plinth addresses a real need but the participation architecture is limited — it provides tools without redesigning the power dynamics of who gets to use them. The lack of structural voice-equalisation features is the primary limitation."
"166","Turbo Phonebank","https://turbophonebank.com","39.9","36.9","3","0.98","LOW","MEDIUM","criteria","Turbo Phonebank addresses a real need but the participation architecture is limited — it provides tools without redesigning the power dynamics of who gets to use them."
"167","AlgorithmWatch","https://algorithmwatch.org","39.7","47.7","-8","1.0","LOW","MEDIUM","modifier","AlgorithmWatch operates through an adversarial lens — investigation and exposure — which sits uncomfortably with my facilitation philosophy of empowerment and safety. The lack of structural voice-equalisation features is the primary limitation."
"168","Privacy Badger","https://privacybadger.org","39.7","44.7","-5","0.96","LOW","HIGH","criteria","Privacy Badger operates through an adversarial lens — investigation and exposure — which sits uncomfortably with my facilitation philosophy of empowerment and safety. The lack of structural voice-equalisation features is the primary limitation."
"169","DoGooder","https://dogooder.co","39.0","36.0","3","0.95","LOW","MEDIUM","criteria","DoGooder addresses a real need but the participation architecture is limited — it provides tools without redesigning the power dynamics of who gets to use them. The lack of structural voice-equalisation features is the primary limitation."
"170","Libertrium","https://liberopinion.com","39.0","34.0","5","0.97","LOW","MEDIUM","criteria","Libertrium addresses a real need but the participation architecture is limited — it provides tools without redesigning the power dynamics of who gets to use them."
"171","Modular Politics","https://arxiv.org/abs/2005.13701","38.9","33.9","5","0.95","LOW","MEDIUM","criteria","Modular Politics addresses a real need but the participation architecture is limited — it provides tools without redesigning the power dynamics of who gets to use them. The lack of structural voice-equalisation features is the primary limitation."
"172","Snowdrift.coop","https://snowdrift.coop","38.9","28.9","10","0.84","LOW","MEDIUM","modifier","Snowdrift.coop addresses a real need but the participation architecture is limited — it provides tools without redesigning the power dynamics of who gets to use them. The lack of structural voice-equalisation features is the primary limitation."
"173","UK Policy Dojo","https://github.com/mikekelly/policy-dojo","38.9","28.9","10","0.98","LOW","MEDIUM","modifier","UK Policy Dojo addresses a real need but the participation architecture is limited — it provides tools without redesigning the power dynamics of who gets to use them. The lack of structural voice-equalisation features is the primary limitation."
"174","Full Fact AI","https://fullfact.org/ai","38.8","33.8","5","0.94","LOW","MEDIUM","criteria","Full Fact AI operates through an adversarial lens — investigation and exposure — which sits uncomfortably with my facilitation philosophy of empowerment and safety. The lack of structural voice-equalisation features is the primary limitation."
"175","Hand-Written Petition Scanner","https://hand-written-petition-scanner.streamlit.app","38.5","33.5","5","0.93","LOW","MEDIUM","criteria","Hand-Written Petition Scanner addresses a real need but the participation architecture is limited — it provides tools without redesigning the power dynamics of who gets to use them."
"176","Open Collective","https://opencollective.com","38.5","28.5","10","0.94","LOW","MEDIUM","modifier","Open Collective addresses a real need but the participation architecture is limited — it provides tools without redesigning the power dynamics of who gets to use them. The lack of structural voice-equalisation features is the primary limitation."
"177","Data Observation Toolkit (DOT)","https://github.com/datakind/data-observation-toolkit","38.3","33.3","5","0.95","LOW","MEDIUM","modifier","Data Observation Toolkit (DOT) addresses a real need but the participation architecture is limited — it provides tools without redesigning the power dynamics of who gets to use them. The lack of structural voice-equalisation features is the primary limitation."
"178","The Government Says","https://thegovernmentsays.com","38.3","38.3","0","0.95","LOW","MEDIUM","criteria","The Government Says operates through an adversarial lens — investigation and exposure — which sits uncomfortably with my facilitation philosophy of empowerment and safety. The lack of structural voice-equalisation features is the primary limitation."
"179","Idealist","https://idealist.org","38.0","33.0","5","0.95","LOW","MEDIUM","modifier","Idealist addresses a real need but the participation architecture is limited — it provides tools without redesigning the power dynamics of who gets to use them. The lack of structural voice-equalisation features is the primary limitation."
"180","Murmurations Protocol","https://murmurations.network","38.0","33.0","5","0.98","LOW","MEDIUM","modifier","Murmurations Protocol addresses a real need but the participation architecture is limited — it provides tools without redesigning the power dynamics of who gets to use them. The lack of structural voice-equalisation features is the primary limitation."
"181","Nestr","https://nestr.io","38.0","33.0","5","0.98","LOW","MEDIUM","modifier","Nestr addresses a real need but the participation architecture is limited — it provides tools without redesigning the power dynamics of who gets to use them."
"182","OpenProcurement","https://openprocurement.io","37.5","37.5","0","0.95","LOW","MEDIUM","criteria","OpenProcurement addresses a real need but the participation architecture is limited — it provides tools without redesigning the power dynamics of who gets to use them. The lack of structural voice-equalisation features is the primary limitation."
"183","Pear by Holepunch","https://docs.holepunch.to","37.5","27.5","10","0.98","LOW","MEDIUM","modifier","Pear by Holepunch addresses a real need but the participation architecture is limited — it provides tools without redesigning the power dynamics of who gets to use them. The lack of structural voice-equalisation features is the primary limitation."
"184","Anna's Archive","https://annas-archive.pm","37.3","30.3","7","0.94","LOW","MEDIUM","modifier","Anna's Archive addresses a real need but the participation architecture is limited — it provides tools without redesigning the power dynamics of who gets to use them. The lack of structural voice-equalisation features is the primary limitation."
"185","Schema.org","https://schema.org","37.1","32.1","5","0.53","MEDIUM","LOW","modifier","Schema.org addresses a real need but the participation architecture is limited — it provides tools without redesigning the power dynamics of who gets to use them. The lack of structural voice-equalisation features is the primary limitation."
"186","Missing Numbers","https://missingnumbers.org","37.0","37.0","0","0.98","LOW","MEDIUM","criteria","Missing Numbers addresses a real need but the participation architecture is limited — it provides tools without redesigning the power dynamics of who gets to use them. The lack of structural voice-equalisation features is the primary limitation."
"187","Remember to Vote","https://remembertovote.org.uk","37.0","32.0","5","0.98","LOW","MEDIUM","modifier","Remember to Vote addresses a real need but the participation architecture is limited — it provides tools without redesigning the power dynamics of who gets to use them."
"188","NumFOCUS","https://numfocus.org","36.9","36.9","0","0.96","LOW","HIGH","criteria","NumFOCUS addresses a real need but the participation architecture is limited — it provides tools without redesigning the power dynamics of who gets to use them. The lack of structural voice-equalisation features is the primary limitation."
"189","Service Manual","https://www.gov.uk/service-manual","36.8","36.8","0","0.96","LOW","MEDIUM","criteria","Service Manual delivers expert knowledge to users rather than enabling peer learning and co-creation, which limits its score under my constitution. The lack of structural voice-equalisation features is the primary limitation."
"190","OSINT Framework","https://osintframework.com","36.7","31.7","5","0.98","LOW","MEDIUM","modifier","OSINT Framework addresses a real need but the participation architecture is limited — it provides tools without redesigning the power dynamics of who gets to use them. The lack of structural voice-equalisation features is the primary limitation."
"191","MyActionCenter","https://www.myaction.center","36.6","31.6","5","0.98","LOW","MEDIUM","modifier","MyActionCenter addresses a real need but the participation architecture is limited — it provides tools without redesigning the power dynamics of who gets to use them."
"192","Prolific","https://www.prolific.com","36.5","31.5","5","0.96","LOW","MEDIUM","modifier","Prolific addresses a real need but the participation architecture is limited — it provides tools without redesigning the power dynamics of who gets to use them. The lack of structural voice-equalisation features is the primary limitation."
"193","Plausible Analytics","https://plausible.io","36.3","31.3","5","0.94","LOW","MEDIUM","modifier","Plausible Analytics addresses a real need but the participation architecture is limited — it provides tools without redesigning the power dynamics of who gets to use them. The lack of structural voice-equalisation features is the primary limitation."
"194","Open Standards for Data Guidebook","https://standards.theodi.org","36.2","44.2","-8","0.95","LOW","MEDIUM","modifier","Open Standards for Data Guidebook delivers expert knowledge to users rather than enabling peer learning and co-creation, which limits its score under my constitution. The lack of structural voice-equalisation features is the primary limitation."
"195","In the news","https://en.wikipedia.org/wiki/wikipedia:in_the_news","36.1","21.1","15","0.98","LOW","MEDIUM","modifier","In the news addresses a real need but the participation architecture is limited — it provides tools without redesigning the power dynamics of who gets to use them. The lack of structural voice-equalisation features is the primary limitation."
"196","Manifold Markets","https://manifold.markets","36.0","31.0","5","0.85","LOW","MEDIUM","modifier","Manifold Markets addresses a real need but the participation architecture is limited — it provides tools without redesigning the power dynamics of who gets to use them."
"197","Open Council Data UK","https://opencouncildata.co.uk","35.9","30.9","5","1.0","LOW","MEDIUM","modifier","Open Council Data UK addresses a real need but the participation architecture is limited — it provides tools without redesigning the power dynamics of who gets to use them."
"198","Shareyourpaper.org","https://shareyourpaper.org","35.9","35.9","0","0.66","LOW","LOW","criteria","Shareyourpaper.org addresses a real need but the participation architecture is limited — it provides tools without redesigning the power dynamics of who gets to use them. The lack of structural voice-equalisation features is the primary limitation."
"199","The Data Trusts Initiative","https://datatrusts.uk","35.9","35.9","0","0.94","LOW","MEDIUM","criteria","The Data Trusts Initiative addresses a real need but the participation architecture is limited — it provides tools without redesigning the power dynamics of who gets to use them. The lack of structural voice-equalisation features is the primary limitation."
"200","Security First / Umbrella","https://secfirst.org","35.5","38.5","-3","0.96","LOW","MEDIUM","criteria","Security First / Umbrella delivers expert knowledge to users rather than enabling peer learning and co-creation, which limits its score under my constitution. The lack of structural voice-equalisation features is the primary limitation."
"201","Unpaywall Browser Extension","https://unpaywall.org/products/extension","35.5","35.5","0","0.94","LOW","HIGH","criteria","Unpaywall Browser Extension addresses a real need but the participation architecture is limited — it provides tools without redesigning the power dynamics of who gets to use them. The lack of structural voice-equalisation features is the primary limitation."
"202","Urbit","https://urbit.org","35.5","30.5","5","0.93","LOW","MEDIUM","modifier","Urbit addresses a real need but the participation architecture is limited — it provides tools without redesigning the power dynamics of who gets to use them. The lack of structural voice-equalisation features is the primary limitation."
"203","Vote for Policies","https://voteforpolicies.org.uk","35.5","30.5","5","0.94","LOW","MEDIUM","modifier","Vote for Policies addresses a real need but the participation architecture is limited — it provides tools without redesigning the power dynamics of who gets to use them."
"204","UK Parliament Developer Portal","https://developer.parliament.uk","35.4","35.4","0","0.98","LOW","MEDIUM","criteria","UK Parliament Developer Portal addresses a real need but the participation architecture is limited — it provides tools without redesigning the power dynamics of who gets to use them. The lack of structural voice-equalisation features is the primary limitation."
"205","WhatGov","https://www.whatgov.co.uk","35.4","30.4","5","0.98","LOW","MEDIUM","modifier","WhatGov addresses a real need but the participation architecture is limited — it provides tools without redesigning the power dynamics of who gets to use them."
"206","Harmonica","https://harmonica.chat/","34.6","29.6","5","0.98","LOW","MEDIUM","modifier","Harmonica sits outside the core of what my constitution can evaluate well — it is informational rather than structural, and does not create the participation architecture I look for in civic technology."
"207","Pageviews Analysis","https://pageviews.wmcloud.org","34.5","24.5","10","0.98","LOW","MEDIUM","modifier","Pageviews Analysis sits outside the core of what my constitution can evaluate well — it is informational rather than structural, and does not create the participation architecture I look for in civic technology."
"208","postcodes.io","https://github.com/ideal-postcodes/postcodes.io","34.5","29.5","5","0.98","LOW","MEDIUM","modifier","postcodes.io sits outside the core of what my constitution can evaluate well — it is informational rather than structural, and does not create the participation architecture I look for in civic technology."
"209","soweego","https://soweego.readthedocs.io","34.5","24.5","10","0.96","LOW","MEDIUM","modifier","soweego sits outside the core of what my constitution can evaluate well — it is informational rather than structural, and does not create the participation architecture I look for in civic technology."
"210","Nym","https://nymtech.net","34.3","34.3","0","0.94","LOW","MEDIUM","criteria","Nym sits outside the core of what my constitution can evaluate well — it is informational rather than structural, and does not create the participation architecture I look for in civic technology."
"211","Bluesky Social","https://github.com/bluesky-social","34.0","29.0","5","0.96","LOW","MEDIUM","modifier","Bluesky Social sits outside the core of what my constitution can evaluate well — it is informational rather than structural, and does not create the participation architecture I look for in civic technology."
"212","Objector.ai","https://www.objector.ai","33.9","28.9","5","0.95","LOW","MEDIUM","modifier","Objector.ai sits outside the core of what my constitution can evaluate well — it is informational rather than structural, and does not create the participation architecture I look for in civic technology."
"213","Right To Know","https://right-to-know.org","33.9","28.9","5","0.98","LOW","MEDIUM","modifier","Right To Know sits outside the core of what my constitution can evaluate well — it is informational rather than structural, and does not create the participation architecture I look for in civic technology."
"214","Bellingcat Online Investigation Toolkit","https://bellingcat.gitbook.io/toolkit","33.7","43.7","-10","1.0","LOW","MEDIUM","modifier","Bellingcat Online Investigation Toolkit relies primarily on adversarial mechanisms — surveillance, exposure, or punitive approaches — which fundamentally conflicts with my facilitation values of safety and empowerment."
"215","MP Watch","https://www.mpwatch.org","33.5","28.5","5","0.98","LOW","MEDIUM","modifier","MP Watch sits outside the core of what my constitution can evaluate well — it is informational rather than structural, and does not create the participation architecture I look for in civic technology."
"216","Frankenstein Bill","https://gordonguthrie.github.io/frankensteinbill","33.4","33.4","0","0.98","LOW","MEDIUM","criteria","Frankenstein Bill sits outside the core of what my constitution can evaluate well — it is informational rather than structural, and does not create the participation architecture I look for in civic technology."
"217","Atlas of Surveillance","https://atlasofsurveillance.org","33.3","40.3","-7","0.96","LOW","MEDIUM","modifier","Atlas of Surveillance relies primarily on adversarial mechanisms — surveillance, exposure, or punitive approaches — which fundamentally conflicts with my facilitation values of safety and empowerment."
"218","GrantNav","https://grantnav.threesixtygiving.org","33.3","38.3","-5","0.96","LOW","MEDIUM","criteria","GrantNav sits outside the core of what my constitution can evaluate well — it is informational rather than structural, and does not create the participation architecture I look for in civic technology."
"219","Teaching Public Service in the Digital Age","https://www.teachingpublicservice.digital","32.6","27.6","5","0.93","LOW","MEDIUM","modifier","Teaching Public Service in the Digital Age sits outside the core of what my constitution can evaluate well — it is informational rather than structural, and does not create the participation architecture I look for in civic technology."
"220","Beckton","https://richardpope.org/2017/03/05/beckton-a-tool-to-build","32.5","27.5","5","0.96","LOW","MEDIUM","modifier","Beckton sits outside the core of what my constitution can evaluate well — it is informational rather than structural, and does not create the participation architecture I look for in civic technology."
"221","MP Twitter Bios","https://www.mptwitterbios.co.uk","32.5","27.5","5","0.98","LOW","MEDIUM","modifier","MP Twitter Bios sits outside the core of what my constitution can evaluate well — it is informational rather than structural, and does not create the participation architecture I look for in civic technology."
"222","sourceAFRICA","https://sourceafrica.net","32.5","32.5","0","0.96","LOW","MEDIUM","criteria","sourceAFRICA relies primarily on adversarial mechanisms — surveillance, exposure, or punitive approaches — which fundamentally conflicts with my facilitation values of safety and empowerment."
"223","Polimorphic","https://www.polimorphic.com","32.4","29.4","3","0.96","LOW","MEDIUM","criteria","Polimorphic sits outside the core of what my constitution can evaluate well — it is informational rather than structural, and does not create the participation architecture I look for in civic technology."
"224","Public AI Inference Utility","https://publicai.co/","32.4","32.4","0","1.0","LOW","MEDIUM","criteria","Public AI Inference Utility sits outside the core of what my constitution can evaluate well — it is informational rather than structural, and does not create the participation architecture I look for in civic technology."
"225","Global Fact-Check Bot (GFC)","https://globalfactcheck.bot/","32.2","27.2","5","0.98","LOW","MEDIUM","modifier","Global Fact-Check Bot (GFC) sits outside the core of what my constitution can evaluate well — it is informational rather than structural, and does not create the participation architecture I look for in civic technology."
"226","Gender Pay Gap Service","https://gender-pay-gap.service.gov.uk","32.0","27.0","5","0.96","LOW","MEDIUM","modifier","Gender Pay Gap Service sits outside the core of what my constitution can evaluate well — it is informational rather than structural, and does not create the participation architecture I look for in civic technology."
"227","Moral Machine","https://moralmachine.net","31.8","36.8","-5","0.98","LOW","MEDIUM","criteria","Moral Machine sits outside the core of what my constitution can evaluate well — it is informational rather than structural, and does not create the participation architecture I look for in civic technology."
"228","Yoti","https://www.yoti.com","31.0","31.0","0","0.96","LOW","MEDIUM","criteria","Yoti sits outside the core of what my constitution can evaluate well — it is informational rather than structural, and does not create the participation architecture I look for in civic technology."
"229","OA.Report","https://oa.report","30.9","30.9","0","0.73","LOW","LOW","criteria","OA.Report sits outside the core of what my constitution can evaluate well — it is informational rather than structural, and does not create the participation architecture I look for in civic technology."
"230","Marks Out Of Tenancy","https://www.marksoutoftenancy.com","30.6","25.6","5","0.98","LOW","MEDIUM","modifier","Marks Out Of Tenancy sits outside the core of what my constitution can evaluate well — it is informational rather than structural, and does not create the participation architecture I look for in civic technology."
"231","Consent-O-Matic","https://github.com/cavi-au/consent-o-matic","30.5","30.5","0","0.98","LOW","MEDIUM","criteria","Consent-O-Matic sits outside the core of what my constitution can evaluate well — it is informational rather than structural, and does not create the participation architecture I look for in civic technology."
"232","Turn2us Benefits Calculator","https://benefits-calculator.turn2us.org.uk","30.4","25.4","5","0.96","LOW","MEDIUM","modifier","Turn2us Benefits Calculator sits outside the core of what my constitution can evaluate well — it is informational rather than structural, and does not create the participation architecture I look for in civic technology."
"233","oTree","https://www.otree.org","30.4","30.4","0","0.94","LOW","MEDIUM","criteria","oTree sits outside the core of what my constitution can evaluate well — it is informational rather than structural, and does not create the participation architecture I look for in civic technology."
"234","openparliament.ca","https://openparliament.ca/","30.4","30.4","0","0.73","LOW","MEDIUM","criteria","openparliament.ca sits outside the core of what my constitution can evaluate well — it is informational rather than structural, and does not create the participation architecture I look for in civic technology."
"235","Mozilla Data Collective","https://datacollective.mozillafoundation.org/","30.1","25.1","5","0.98","LOW","MEDIUM","modifier","Mozilla Data Collective sits outside the core of what my constitution can evaluate well — it is informational rather than structural, and does not create the participation architecture I look for in civic technology."
"236","WardWatch","https://wardwatch.uk","30.1","25.1","5","0.98","LOW","MEDIUM","modifier","WardWatch sits outside the core of what my constitution can evaluate well — it is informational rather than structural, and does not create the participation architecture I look for in civic technology."
"237","Parse The Bill","https://parsethebill.com","30.0","25.0","5","0.98","LOW","MEDIUM","modifier","Parse The Bill sits outside the core of what my constitution can evaluate well — it is informational rather than structural, and does not create the participation architecture I look for in civic technology."
"238","Esper","https://esper.com/product","29.9","26.9","3","0.98","LOW","MEDIUM","criteria","Esper sits outside the core of what my constitution can evaluate well — it is informational rather than structural, and does not create the participation architecture I look for in civic technology."
"239","Dunadyne","https://dunadyne.org","29.7","24.7","5","1.0","LOW","MEDIUM","modifier","Dunadyne sits outside the core of what my constitution can evaluate well — it is informational rather than structural, and does not create the participation architecture I look for in civic technology."
"240","Consciousness Evolution Operating System (ConSoc)","https://www.consoc.io","29.6","19.6","10","0.91","LOW","MEDIUM","modifier","Consciousness Evolution Operating System (ConSoc) sits outside the core of what my constitution can evaluate well — it is informational rather than structural, and does not create the participation architecture I look for in civic technology."
"241","GRIM (Global Risk Simulator)","https://github.com/sentinelteam/grim","29.6","22.6","7","0.98","LOW","MEDIUM","modifier","GRIM (Global Risk Simulator) sits outside the core of what my constitution can evaluate well — it is informational rather than structural, and does not create the participation architecture I look for in civic technology."
"242","Digital Account Management Toolkit","https://digitalcharitylab.org/product/digital-account-management-toolkit","29.4","24.4","5","0.98","LOW","MEDIUM","modifier","Digital Account Management Toolkit sits outside the core of what my constitution can evaluate well — it is informational rather than structural, and does not create the participation architecture I look for in civic technology."
"243","Parliament Watch Uganda","https://parliamentwatch.ug/","29.4","29.4","0","0.98","LOW","MEDIUM","criteria","Parliament Watch Uganda sits outside the core of what my constitution can evaluate well — it is informational rather than structural, and does not create the participation architecture I look for in civic technology."
"244","Sci-Hub","https://sci-hub.se","29.3","29.3","0","0.94","LOW","MEDIUM","criteria","Sci-Hub sits outside the core of what my constitution can evaluate well — it is informational rather than structural, and does not create the participation architecture I look for in civic technology."
"245","Awesome UK Government Datasets","https://github.com/i-dot-ai/awesome-gov-datasets","29.1","24.1","5","0.98","LOW","MEDIUM","modifier","Awesome UK Government Datasets sits outside the core of what my constitution can evaluate well — it is informational rather than structural, and does not create the participation architecture I look for in civic technology."
"246","The Circuit","https://thecircuit.cc","28.6","23.6","5","0.98","LOW","MEDIUM","modifier","The Circuit sits outside the core of what my constitution can evaluate well — it is informational rather than structural, and does not create the participation architecture I look for in civic technology."
"247","Journalist Studio","https://journaliststudio.google.com","28.3","28.3","0","0.94","LOW","MEDIUM","criteria","Journalist Studio sits outside the core of what my constitution can evaluate well — it is informational rather than structural, and does not create the participation architecture I look for in civic technology."
"248","AISafety.info","https://aisafety.info","28.2","21.2","7","0.67","LOW","LOW","modifier","AISafety.info sits outside the core of what my constitution can evaluate well — it is informational rather than structural, and does not create the participation architecture I look for in civic technology."
"249","New_ Public Roundabout","https://newpublic.substack.com/p/introducing-roundabout-built-for","28.1","25.1","3","1.0","LOW","MEDIUM","criteria","New_ Public Roundabout sits outside the core of what my constitution can evaluate well — it is informational rather than structural, and does not create the participation architecture I look for in civic technology."
"250","Public Editor","https://www.publiceditor.io","28.1","23.1","5","0.93","LOW","MEDIUM","modifier","Public Editor relies primarily on adversarial mechanisms — surveillance, exposure, or punitive approaches — which fundamentally conflicts with my facilitation values of safety and empowerment."
"251","Community Notes (Birdwatch) Analysis Tool","https://github.com/travisbrown/birdwatch","28.0","28.0","0","0.98","LOW","MEDIUM","criteria","Community Notes (Birdwatch) Analysis Tool relies primarily on adversarial mechanisms — surveillance, exposure, or punitive approaches — which fundamentally conflicts with my facilitation values of safety and empowerment."
"252","CAN/DGSI 127 - Age Assurance Technologies Standard","https://dgc-cgn.org/product/can-dgsi-127/","27.9","22.9","5","0.98","LOW","MEDIUM","modifier","CAN/DGSI 127 - Age Assurance Technologies Standard sits outside the core of what my constitution can evaluate well — it is informational rather than structural, and does not create the participation architecture I look for in civic technology."
"253","Who Targets Me Trends","https://trends.whotargets.me","27.9","27.9","0","0.96","LOW","MEDIUM","criteria","Who Targets Me Trends relies primarily on adversarial mechanisms — surveillance, exposure, or punitive approaches — which fundamentally conflicts with my facilitation values of safety and empowerment."
"254","DAO Governance Surfaces","https://github.com/notchia/dao-governance-surfaces","27.6","22.6","5","0.98","LOW","MEDIUM","modifier","DAO Governance Surfaces sits outside the core of what my constitution can evaluate well — it is informational rather than structural, and does not create the participation architecture I look for in civic technology."
"255","Labour Xchange","https://labourxchange.uk","27.6","20.6","7","0.98","LOW","MEDIUM","modifier","Labour Xchange sits outside the core of what my constitution can evaluate well — it is informational rather than structural, and does not create the participation architecture I look for in civic technology."
"256","dDocs","https://ddocs.new/","27.1","27.1","0","0.97","LOW","MEDIUM","criteria","dDocs sits outside the core of what my constitution can evaluate well — it is informational rather than structural, and does not create the participation architecture I look for in civic technology."
"257","Violation Tracker UK","https://violationtrackeruk.goodjobsfirst.org","27.0","27.0","0","0.93","LOW","MEDIUM","criteria","Violation Tracker UK sits outside the core of what my constitution can evaluate well — it is informational rather than structural, and does not create the participation architecture I look for in civic technology."
"258","django-collaborative","https://github.com/propublica/django-collaborative","27.0","24.0","3","0.98","LOW","MEDIUM","criteria","django-collaborative sits outside the core of what my constitution can evaluate well — it is informational rather than structural, and does not create the participation architecture I look for in civic technology."
"259","DoNotPay","https://www.donotpay.com","26.7","26.7","0","0.96","LOW","MEDIUM","criteria","DoNotPay sits outside the core of what my constitution can evaluate well — it is informational rather than structural, and does not create the participation architecture I look for in civic technology."
"260","User Research Library","https://research.localgov.digital","26.5","21.5","5","0.98","LOW","MEDIUM","modifier","User Research Library sits outside the core of what my constitution can evaluate well — it is informational rather than structural, and does not create the participation architecture I look for in civic technology."
"261","River Sentiment Dashboard","https://riversentiment.app","26.1","21.1","5","0.98","LOW","MEDIUM","modifier","River Sentiment Dashboard sits outside the core of what my constitution can evaluate well — it is informational rather than structural, and does not create the participation architecture I look for in civic technology."
"262","PatCit","https://github.com/cverluise/patcit","26.0","26.0","0","0.96","LOW","MEDIUM","criteria","PatCit sits outside the core of what my constitution can evaluate well — it is informational rather than structural, and does not create the participation architecture I look for in civic technology."
"263","Granicus","https://granicus.com/uk","25.6","23.6","2","0.93","LOW","MEDIUM","criteria","Granicus sits outside the core of what my constitution can evaluate well — it is informational rather than structural, and does not create the participation architecture I look for in civic technology."
"264","Theft Bisect","https://onodi.co/bisect/","25.4","25.4","0","0.96","LOW","MEDIUM","criteria","Theft Bisect sits outside the core of what my constitution can evaluate well — it is informational rather than structural, and does not create the participation architecture I look for in civic technology."
"265","GOV Reuse Library","https://dev.reuselibrary.service.justice.gov.uk/","25.2","20.2","5","0.98","LOW","MEDIUM","modifier","GOV Reuse Library sits outside the core of what my constitution can evaluate well — it is informational rather than structural, and does not create the participation architecture I look for in civic technology."
"266","Shared Digital Guides","https://www.shareddigitalguides.org.uk","25.1","25.1","0","1.0","LOW","MEDIUM","criteria","Shared Digital Guides sits outside the core of what my constitution can evaluate well — it is informational rather than structural, and does not create the participation architecture I look for in civic technology."
"267","Sugartrail","https://github.com/ribenamaplesyrup/sugartrail","25.1","20.1","5","0.98","LOW","MEDIUM","modifier","Sugartrail sits outside the core of what my constitution can evaluate well — it is informational rather than structural, and does not create the participation architecture I look for in civic technology."
"268","","https://tracking-template-38b4c.web.app","25","12.2","5","0.19","HIGH","LOW","modifier","I cannot meaningfully evaluate None — the dossier is too thin for an honest assessment. The underdog floor protects it from a zero, but I would need substantially more evidence to form a real view. This is at the underdog floor — insufficient evidence rather than negative assessment."
"269","Kagi SlopStop","https://blog.kagi.com/slopstop","24.8","19.8","5","0.98","LOW","MEDIUM","modifier","Kagi SlopStop sits outside the core of what my constitution can evaluate well — it is informational rather than structural, and does not create the participation architecture I look for in civic technology."
"270","Fatebook","https://fatebook.io","24.6","24.6","0","0.96","LOW","MEDIUM","criteria","Fatebook sits outside the core of what my constitution can evaluate well — it is informational rather than structural, and does not create the participation architecture I look for in civic technology."
"271","The Decelerator","https://decelerator.org.uk","24.5","19.5","5","0.98","LOW","MEDIUM","modifier","The Decelerator sits outside the core of what my constitution can evaluate well — it is informational rather than structural, and does not create the participation architecture I look for in civic technology."
"272","The Engine Room Library","https://library.theengineroom.org","24.3","29.3","-5","0.94","LOW","MEDIUM","modifier","The Engine Room Library sits outside the core of what my constitution can evaluate well — it is informational rather than structural, and does not create the participation architecture I look for in civic technology."
"273","whatsmeow","https://github.com/tulir/whatsmeow","24.2","24.2","0","0.98","LOW","MEDIUM","criteria","whatsmeow sits outside the core of what my constitution can evaluate well — it is informational rather than structural, and does not create the participation architecture I look for in civic technology."
"274","GreenPT","https://greenpt.ai/","24.1","24.1","0","0.98","LOW","MEDIUM","criteria","GreenPT sits outside the core of what my constitution can evaluate well — it is informational rather than structural, and does not create the participation architecture I look for in civic technology."
"275","Conservative Party Funding","https://conservativepartyfunding.co.uk","23.6","18.6","5","0.98","LOW","MEDIUM","modifier","Conservative Party Funding sits outside the core of what my constitution can evaluate well — it is informational rather than structural, and does not create the participation architecture I look for in civic technology."
"276","PoliMonitor","https://www.polimonitor.com","23.6","18.6","5","0.97","LOW","MEDIUM","modifier","PoliMonitor sits outside the core of what my constitution can evaluate well — it is informational rather than structural, and does not create the participation architecture I look for in civic technology."
"277","Understanding Your Morality","https://programs.clearerthinking.org/understanding-your-morality/","23.6","18.6","5","0.98","LOW","MEDIUM","modifier","Understanding Your Morality sits outside the core of what my constitution can evaluate well — it is informational rather than structural, and does not create the participation architecture I look for in civic technology."
"278","OpenElections Leaflet Scraper and Parser","https://github.com/thicknavyrain/uk_elections_leaflets","23.5","18.5","5","0.98","LOW","MEDIUM","modifier","OpenElections Leaflet Scraper and Parser sits outside the core of what my constitution can evaluate well — it is informational rather than structural, and does not create the participation architecture I look for in civic technology."
"279","Whoisology","https://whoisology.com","23.5","18.5","5","0.98","LOW","MEDIUM","modifier","Whoisology sits outside the core of what my constitution can evaluate well — it is informational rather than structural, and does not create the participation architecture I look for in civic technology."
"280","Filmot","https://filmot.com","23.1","18.1","5","0.98","LOW","MEDIUM","modifier","Filmot sits outside the core of what my constitution can evaluate well — it is informational rather than structural, and does not create the participation architecture I look for in civic technology."
"281","Democracy Fund Open Source","https://www.dfos.com","22.7","24.7","-2","0.98","LOW","MEDIUM","criteria","Democracy Fund Open Source sits outside the core of what my constitution can evaluate well — it is informational rather than structural, and does not create the participation architecture I look for in civic technology."
"282","Watch Duty","https://www.watchduty.org","22.6","24.6","-2","0.95","LOW","MEDIUM","criteria","Watch Duty sits outside the core of what my constitution can evaluate well — it is informational rather than structural, and does not create the participation architecture I look for in civic technology."
"283","DemTech Navigator","https://navigator.oii.ox.ac.uk","22.5","22.5","0","0.97","LOW","MEDIUM","criteria","DemTech Navigator sits outside the core of what my constitution can evaluate well — it is informational rather than structural, and does not create the participation architecture I look for in civic technology."
"284","Local Insight","https://localinsight.org","22.3","22.3","0","0.98","LOW","MEDIUM","criteria","Local Insight sits outside the core of what my constitution can evaluate well — it is informational rather than structural, and does not create the participation architecture I look for in civic technology."
"285","Overton","https://overton.io","22.3","22.3","0","0.98","LOW","MEDIUM","criteria","Overton sits outside the core of what my constitution can evaluate well — it is informational rather than structural, and does not create the participation architecture I look for in civic technology."
"286","The Guide to Major Trusts 2025/26","https://www.dsc.org.uk/publication/the-guide-to-major-trusts-2025-26/","22.1","22.1","0","0.97","LOW","MEDIUM","criteria","The Guide to Major Trusts 2025/26 sits outside the core of what my constitution can evaluate well — it is informational rather than structural, and does not create the participation architecture I look for in civic technology."
"287","semanticClimate","https://semanticclimate.github.io","21.8","21.8","0","1.0","LOW","MEDIUM","criteria","semanticClimate sits outside the core of what my constitution can evaluate well — it is informational rather than structural, and does not create the participation architecture I look for in civic technology."
"288","WorkInCharities","https://www.workincharities.co.uk","21.7","16.7","5","0.97","LOW","MEDIUM","modifier","WorkInCharities sits outside the core of what my constitution can evaluate well — it is informational rather than structural, and does not create the participation architecture I look for in civic technology."
"289","FarmerChat","https://farmerchat.digitalgreen.org","21.6","21.6","0","0.93","LOW","MEDIUM","criteria","FarmerChat sits outside the core of what my constitution can evaluate well — it is informational rather than structural, and does not create the participation architecture I look for in civic technology."
"290","FixMyBlock","https://fixmyblock.org","21.6","24.6","-3","0.98","LOW","MEDIUM","criteria","FixMyBlock sits outside the core of what my constitution can evaluate well — it is informational rather than structural, and does not create the participation architecture I look for in civic technology."
"291","Landlord Tech Watch","https://antievictionmappingproject.github.io/landlordtech","21.6","23.6","-2","0.98","LOW","MEDIUM","criteria","Landlord Tech Watch sits outside the core of what my constitution can evaluate well — it is informational rather than structural, and does not create the participation architecture I look for in civic technology."
"292","We Live It","https://www.welivedit.ai","21.3","21.3","0","0.98","LOW","MEDIUM","criteria","We Live It sits outside the core of what my constitution can evaluate well — it is informational rather than structural, and does not create the participation architecture I look for in civic technology."
"293","Collab.Land","https://collab.land","21.2","21.2","0","0.59","MEDIUM","LOW","criteria","Collab.Land sits outside the core of what my constitution can evaluate well — it is informational rather than structural, and does not create the participation architecture I look for in civic technology."
"294","OpenOrigins","https://www.openorigins.com","21.2","21.2","0","0.96","LOW","MEDIUM","criteria","OpenOrigins sits outside the core of what my constitution can evaluate well — it is informational rather than structural, and does not create the participation architecture I look for in civic technology."
"295","EDGAR","https://github.com/bellingcat/edgar","21.1","23.1","-2","0.98","LOW","MEDIUM","criteria","EDGAR relies primarily on adversarial mechanisms — surveillance, exposure, or punitive approaches — which fundamentally conflicts with my facilitation values of safety and empowerment."
"296","The Accountability Project","https://publicaccountability.org","21.1","18.1","3","0.96","LOW","MEDIUM","modifier","The Accountability Project sits outside the core of what my constitution can evaluate well — it is informational rather than structural, and does not create the participation architecture I look for in civic technology."
"297","Nyaaya","https://nyaaya.org","21.0","26.0","-5","0.98","LOW","MEDIUM","modifier","Nyaaya sits outside the core of what my constitution can evaluate well — it is informational rather than structural, and does not create the participation architecture I look for in civic technology."
"298","Local Deep Researcher","https://local-deep-researcher-hnmh.vercel.app/","20.8","20.8","0","0.91","LOW","MEDIUM","criteria","Local Deep Researcher sits outside the core of what my constitution can evaluate well — it is informational rather than structural, and does not create the participation architecture I look for in civic technology."
"299","DeepSeek-V3","https://github.com/deepseek-ai/deepseek-v3","20.7","25.7","-5","0.94","LOW","MEDIUM","modifier","DeepSeek-V3 sits outside the core of what my constitution can evaluate well — it is informational rather than structural, and does not create the participation architecture I look for in civic technology."
"300","Nook CRM","https://nookcrm.com","20.7","20.7","0","0.98","LOW","MEDIUM","criteria","Nook CRM sits outside the core of what my constitution can evaluate well — it is informational rather than structural, and does not create the participation architecture I look for in civic technology."
"301","Dovetail","https://dovetail.network","20.6","15.6","5","0.97","LOW","MEDIUM","modifier","Dovetail sits outside the core of what my constitution can evaluate well — it is informational rather than structural, and does not create the participation architecture I look for in civic technology."
"302","PolicyMogul","https://policymogul.com","20.6","17.6","3","1.0","LOW","MEDIUM","modifier","PolicyMogul sits outside the core of what my constitution can evaluate well — it is informational rather than structural, and does not create the participation architecture I look for in civic technology."
"303","Mapping.kids","https://mapping.kids","20.2","15.2","5","0.45","MEDIUM","LOW","modifier","Mapping.kids sits outside the core of what my constitution can evaluate well — it is informational rather than structural, and does not create the participation architecture I look for in civic technology."
"304","Registers and collaboration: making lists we can trust","https://theodi.org/insights/reports/registers-and-collaboration-making-lists-we-can-trust-report","19.8","19.8","0","0.98","LOW","MEDIUM","criteria","Registers and collaboration: making lists we can trust sits outside the core of what my constitution can evaluate well — it is informational rather than structural, and does not create the participation architecture I look for in civic technology."
"305","Membership","https://medium.com/@abscond/membership-a-prototype-ea822b2683b","19.6","19.6","0","0.94","LOW","MEDIUM","criteria","Membership sits outside the core of what my constitution can evaluate well — it is informational rather than structural, and does not create the participation architecture I look for in civic technology."
"306","Papertree","https://www.papertree.earth","18.7","18.7","0","0.9","LOW","MEDIUM","criteria","Papertree sits outside the core of what my constitution can evaluate well — it is informational rather than structural, and does not create the participation architecture I look for in civic technology."
"307","Who Posted What?","https://whopostedwhat.com","18.6","18.6","0","0.93","LOW","MEDIUM","criteria","Who Posted What? sits outside the core of what my constitution can evaluate well — it is informational rather than structural, and does not create the participation architecture I look for in civic technology."
"308","CivicPress","https://civicpress.io/","18.2","20.2","-2","0.98","LOW","MEDIUM","criteria","CivicPress sits outside the core of what my constitution can evaluate well — it is informational rather than structural, and does not create the participation architecture I look for in civic technology."
"309","Public Media Stack","https://publicmediastack.com","18.2","18.2","0","0.98","LOW","MEDIUM","criteria","Public Media Stack sits outside the core of what my constitution can evaluate well — it is informational rather than structural, and does not create the participation architecture I look for in civic technology."
"310","Ladder Hub","https://ladderhub.org/","17.3","17.3","0","0.97","LOW","MEDIUM","criteria","Ladder Hub sits outside the core of what my constitution can evaluate well — it is informational rather than structural, and does not create the participation architecture I look for in civic technology."
"311","Responsible Tech Guide 2025","https://alltechishuman.org/responsible-tech-guide-2025","17.3","22.3","-5","0.98","LOW","MEDIUM","modifier","Responsible Tech Guide 2025 sits outside the core of what my constitution can evaluate well — it is informational rather than structural, and does not create the participation architecture I look for in civic technology."
"312","Unknown","","17.2","12.2","5","1.0","LOW","MEDIUM","modifier","Unknown sits outside the core of what my constitution can evaluate well — it is informational rather than structural, and does not create the participation architecture I look for in civic technology."
"313","Unknown Academic Paper (SSRN 5351275)","https://papers.ssrn.com/sol3/papers.cfm?abstract_id=5351275","17.2","12.2","5","0.86","LOW","MEDIUM","modifier","Unknown Academic Paper (SSRN 5351275) sits outside the core of what my constitution can evaluate well — it is informational rather than structural, and does not create the participation architecture I look for in civic technology."
"314","Fission Codes","https://github.com/fission-codes/fission-codes","16.8","16.8","0","0.96","LOW","MEDIUM","criteria","Fission Codes sits outside the core of what my constitution can evaluate well — it is informational rather than structural, and does not create the participation architecture I look for in civic technology."
"315","Keep It In The Community","https://plunkett.my.site.com/keepitinthecommunity/s","16.8","18.8","-2","1.0","LOW","MEDIUM","criteria","Keep It In The Community sits outside the core of what my constitution can evaluate well — it is informational rather than structural, and does not create the participation architecture I look for in civic technology."
"316","RightDD","https://www.rightsdd.com","16.8","16.8","0","0.98","LOW","MEDIUM","criteria","RightDD sits outside the core of what my constitution can evaluate well — it is informational rather than structural, and does not create the participation architecture I look for in civic technology."
"317","Citizens Advice Tableau Public Profile","https://public.tableau.com/app/profile/citizensadvice/vizzes","16.3","16.3","0","1.0","LOW","MEDIUM","criteria","Citizens Advice Tableau Public Profile sits outside the core of what my constitution can evaluate well — it is informational rather than structural, and does not create the participation architecture I look for in civic technology."
"318","GovWise","https://www.govwise.ai/en","16.3","16.3","0","0.97","LOW","MEDIUM","criteria","GovWise sits outside the core of what my constitution can evaluate well — it is informational rather than structural, and does not create the participation architecture I look for in civic technology."
"319","Society for Hopeful Technologists","https://societyforhopefultechnologists.org","16.3","16.3","0","0.98","LOW","MEDIUM","criteria","Society for Hopeful Technologists sits outside the core of what my constitution can evaluate well — it is informational rather than structural, and does not create the participation architecture I look for in civic technology."
"320","COTSI (Cyber Operational Threat Situational Intelligence)","https://cotsi.org/","15.6","20.6","-5","0.93","LOW","MEDIUM","modifier","COTSI (Cyber Operational Threat Situational Intelligence) relies primarily on adversarial mechanisms — surveillance, exposure, or punitive approaches — which fundamentally conflicts with my facilitation values of safety and empowerment."
"321","CivicMatch","https://civicmatch.app","14.7","16.7","-2","1.0","LOW","MEDIUM","criteria","CivicMatch sits outside the core of what my constitution can evaluate well — it is informational rather than structural, and does not create the participation architecture I look for in civic technology."
"322","The List","https://the-list.uk","13.2","13.2","0","1.0","LOW","MEDIUM","criteria","The List sits outside the core of what my constitution can evaluate well — it is informational rather than structural, and does not create the participation architecture I look for in civic technology."
